Customer ID,Customer Name,Segment,Country/Region,City,State/Province,Postal Code
DP-13000,Darren Powers,Consumer,United States,Houston,Texas,77095
PO-19195,Phillina Ober,Home Office,United States,Naperville,Illinois,60540
MB-18085,Mick Brown,Consumer,United States,Philadelphia,Pennsylvania,19143
ME-17320,Maria Etezadi,Home Office,United States,Henderson,Kentucky,42420
JO-15145,Jack O'Briant,Corporate,United States,Athens,Georgia,30605
LS-17230,Lycoris Saunders,Consumer,United States,Los Angeles,California,90049
VS-21820,Vivek Sundaresam,Consumer,United States,Huntsville,Texas,77340
MS-17830,Melanie Seite,Consumer,United States,Laredo,Texas,78041
AJ-10780,Anthony Jacobs,Corporate,United States,Springfield,Virginia,22153
SV-20365,Seth Vernon,Consumer,United States,Dover,Delaware,19901
BD-11605,Brian Dahlen,Consumer,United States,San Francisco,California,94109
ND-18370,Natalie DeCherney,Consumer,United States,Mount Pleasant,South Carolina,29464
MM-17920,Michael Moore,Consumer,United States,Newark,Ohio,43055
CS-12250,Chris Selesnick,Corporate,United States,Bossier City,Louisiana,71111
BS-11590,Brendan Sweed,Corporate,United States,Philadelphia,Pennsylvania,19140
EH-13990,Erica Hackney,Consumer,United States,Roswell,Georgia,30076
DL-13315,Delfina Latchford,Consumer,United States,Philadelphia,Pennsylvania,19134
DW-13195,David Wiener,Corporate,United States,Springfield,Oregon,97477
TS-21340,Toby Swindell,Consumer,United States,Scottsdale,Arizona,85254
HL-15040,Hunter Lopez,Consumer,United States,Jonesboro,Arkansas,72401
XP-21865,Xylona Preis,Consumer,United States,Westland,Michigan,48185
MV-17485,Mark Van Huff,Consumer,United States,Los Angeles,California,90049
MM-18280,Muhammed MacIntyre,Corporate,United States,Smyrna,Tennessee,37167
TB-21400,Tom Boeckenhauer,Consumer,United States,Miami,Florida,33180
JW-15220,Jane Waco,Corporate,Canada,Toronto,Ontario,M7A
SG-20605,Speros Goranitis,Consumer,United States,Lafayette,Indiana,47905
IM-15055,Ionia McGrath,Consumer,United States,Las Vegas,Nevada,89115
CA-11965,Carol Adams,Corporate,United States,Rapid City,South Dakota,57701
SD-20485,Shirley Daniels,Home Office,United States,Alexandria,Virginia,22304
EJ-13720,Ed Jacobs,Consumer,United States,San Diego,California,92037
JC-15340,Jasper Cacioppo,Consumer,United States,New York City,New York,10024
MV-18190,Mike Vittorini,Consumer,United States,Detroit,Michigan,48234
LC-17050,Liz Carlisle,Consumer,United States,Mission Viejo,California,92691
BD-11500,Bradley Drucker,Consumer,United States,Green Bay,Wisconsin,54302
EB-13930,Eric Barreto,Consumer,United States,Saint Petersburg,Florida,33710
CD-12790,Cynthia Delaney,Home Office,United States,San Diego,California,92037
TB-21400,Tom Boeckenhauer,Consumer,United States,Seattle,Washington,98105
MH-17440,Mark Haberlin,Corporate,United States,Escondido,California,92025
DB-13270,Deborah Brumfield,Home Office,United States,San Diego,California,92024
DL-13315,Delfina Latchford,Consumer,United States,Romeoville,Illinois,60441
ND-18460,Neil Ducich,Corporate,United States,Chesapeake,Virginia,23320
CS-12250,Chris Selesnick,Corporate,United States,New York City,New York,10024
CK-12760,Cyma Kinney,Corporate,United States,Linden,New Jersey,07036
NM-18445,Nathan Mautz,Home Office,United States,North Las Vegas,Nevada,89031
GA-14725,Guy Armstrong,Consumer,United States,Columbia,Missouri,65203
NF-18385,Natalie Fritzler,Consumer,United States,Chesapeake,Virginia,23320
SC-20095,Sanjit Chand,Consumer,United States,Concord,California,94521
ML-17395,Marina Lichtenstein,Corporate,United States,Seattle,Washington,98103
ST-20530,Shui Tom,Consumer,United States,Houston,Texas,77095
BF-11020,Barry Französisch,Corporate,United States,Seattle,Washington,98105
MN-17935,Michael Nguyen,Consumer,United States,Dallas,Texas,75220
DL-13315,Delfina Latchford,Consumer,United States,Chicago,Illinois,60653
TB-21595,Troy Blackwell,Consumer,United States,Lubbock,Texas,79424
AB-10015,Aaron Bergman,Consumer,United States,Arlington,Texas,76017
LC-16930,Linda Cazamias,Corporate,United States,Richmond,Indiana,47374
SR-20740,Steven Roelle,Home Office,United States,Los Angeles,California,90049
TM-21010,Tamara Manning,Consumer,United States,Woodstock,Illinois,60098
SA-20830,Sue Ann Reed,Consumer,United States,Moreno Valley,California,92553
MG-17875,Michael Grace,Home Office,United States,El Paso,Texas,79907
JH-15430,Jennifer Halladay,Consumer,United States,Medford,Oregon,97504
JS-16030,Joy Smith,Consumer,United States,Columbus,Ohio,43229
VF-21715,Vicky Freymann,Home Office,United States,Elmhurst,Illinois,60126
SC-20380,Shahid Collister,Consumer,United States,El Paso,Texas,79907
DB-13060,Dave Brooks,Consumer,United States,Seattle,Washington,98115
GW-14605,Giulietta Weimer,Consumer,United States,Houston,Texas,77036
HR-14770,Hallie Redmond,Home Office,United States,New York City,New York,10035
KN-16705,Kristina Nunn,Home Office,United States,New York City,New York,10009
NH-18610,Nicole Hansen,Corporate,United States,Philadelphia,Pennsylvania,19120
JS-15595,Jill Stevenson,Corporate,United States,Columbus,Ohio,43229
EJ-14155,Eva Jacobs,Consumer,United States,San Diego,California,92037
SC-20020,Sam Craven,Consumer,United States,Houston,Texas,77095
AJ-10945,Ashley Jarboe,Consumer,United States,Wilmington,North Carolina,28403
AP-10720,Anne Pryor,Home Office,United States,New York City,New York,10035
SC-20095,Sanjit Chand,Consumer,United States,Margate,Florida,33063
CL-12565,Clay Ludtke,Consumer,United States,Columbia,South Carolina,29203
AB-10150,Aimee Bixby,Consumer,United States,Yonkers,New York,10701
CM-12715,Craig Molinari,Corporate,United States,Seattle,Washington,98103
AB-10015,Aaron Bergman,Consumer,United States,Seattle,Washington,98103
NP-18685,Nora Pelletier,Home Office,United States,Des Moines,Washington,98198
KT-16480,Kean Thornton,Consumer,United States,Denver,Colorado,80219
SW-20275,Scott Williamson,Consumer,United States,Royal Oak,Michigan,48073
CK-12205,Chloris Kastensmidt,Consumer,United States,Columbus,Ohio,43229
FM-14215,Filia McAdams,Corporate,United States,Richmond,Kentucky,40475
RB-19435,Richard Bierner,Consumer,United States,Roseville,California,95661
KA-16525,Kelly Andreada,Consumer,United States,New York City,New York,10024
NF-18595,Nicole Fjeld,Home Office,Canada,Calgary,Alberta,T2C
CK-12325,Christine Kargatis,Home Office,United States,Chesapeake,Virginia,23320
DK-13225,Dean Katz,Corporate,United States,Huntington Beach,California,92646
JF-15295,Jason Fortune-,Consumer,United States,Logan,Utah,84321
NF-18475,Neil Französisch,Home Office,United States,Jacksonville,Florida,32216
RB-19465,Rick Bensley,Home Office,United States,Chicago,Illinois,60653
AS-10240,Alan Shonely,Consumer,United States,Tampa,Florida,33614
KN-16705,Kristina Nunn,Home Office,United States,Raleigh,North Carolina,27604
CP-12340,Christine Phan,Corporate,United States,New York City,New York,10024
BN-11515,Bradley Nguyen,Consumer,United States,Lakeville,Minnesota,55044
MH-17440,Mark Haberlin,Corporate,United States,Jackson,Mississippi,39212
AZ-10750,Annie Zypern,Consumer,United States,Dallas,Texas,75217
QJ-19255,Quincy Jones,Corporate,United States,Philadelphia,Pennsylvania,19134
EK-13795,Eileen Kiefer,Home Office,United States,San Francisco,California,94110
SM-20320,Sean Miller,Home Office,United States,Jacksonville,Florida,32216
SC-20050,Sample Company A,Home Office,United States,Burbank,California,91505
MC-17605,Matt Connell,Corporate,United States,Lakeland,Florida,33801
GM-14440,Gary McGarr,Consumer,United States,Knoxville,Tennessee,37918
KH-16690,Kristen Hastings,Corporate,United States,Springfield,Virginia,22153
CB-12025,Cassandra Brandow,Consumer,United States,Hamilton,Ohio,45011
TS-21205,Thomas Seio,Corporate,United States,Asheville,North Carolina,28806
BF-11275,Beth Fritzler,Corporate,United States,Tucson,Arizona,85705
VM-21835,Vivian Mathis,Consumer,United States,Portage,Indiana,46368
CC-12685,Craig Carroll,Consumer,United States,Greensboro,North Carolina,27405
BG-11740,Bruce Geld,Consumer,United States,Delray Beach,Florida,33445
PO-18865,Patrick O'Donnell,Consumer,United States,Los Angeles,California,90036
MS-17710,Maurice Satty,Consumer,United States,Fresno,California,93727
CD-11920,Carlos Daly,Consumer,United States,New York City,New York,10024
AZ-10750,Annie Zypern,Consumer,United States,New York City,New York,10009
CA-12265,Christina Anderson,Consumer,United States,San Francisco,California,94110
DK-12835,Damala Kotsonis,Corporate,United States,San Francisco,California,94122
CS-12505,Cindy Stewart,Consumer,United States,Pomona,California,91767
JD-15895,Jonathan Doherty,Corporate,United States,Los Angeles,California,90036
MP-18175,Mike Pelletier,Home Office,United States,Springfield,Ohio,45503
CV-12295,Christina VanderZanden,Consumer,United States,Des Moines,Iowa,50315
DR-12940,Daniel Raglin,Home Office,United States,Albuquerque,New Mexico,87105
MG-18145,Mike Gockenbach,Consumer,United States,Plano,Texas,75023
GA-14725,Guy Armstrong,Consumer,United States,San Francisco,California,94110
MP-17470,Mark Packer,Home Office,United States,Brownsville,Texas,78521
SG-20890,Susan Gilcrest,Corporate,United States,New York City,New York,10009
KM-16720,Kunst Miller,Consumer,United States,Long Beach,New York,11561
Dl-13600,Dorris liebe,Corporate,United States,Seattle,Washington,98105
NC-18340,Nat Carroll,Consumer,United States,Apple Valley,Minnesota,55124
TG-21640,Trudy Glocke,Consumer,United States,Tampa,Florida,33614
AA-10315,Alex Avila,Consumer,United States,San Francisco,California,94122
KB-16240,Karen Bern,Corporate,United States,Miami,Florida,33180
DD-13570,Dorothy Dickinson,Consumer,United States,Chicago,Illinois,60610
JO-15280,Jas O'Carroll,Consumer,United States,Philadelphia,Pennsylvania,19120
KM-16720,Kunst Miller,Consumer,United States,Vallejo,California,94591
KH-16330,Katharine Harms,Corporate,United States,Revere,Massachusetts,02151
AH-10690,Anna Häberlin,Corporate,United States,Virginia Beach,Virginia,23464
RD-19585,Rob Dowd,Consumer,United States,Athens,Georgia,30605
KE-16420,Katrina Edelman,Corporate,United States,Los Angeles,California,90008
MS-17710,Maurice Satty,Consumer,United States,Detroit,Michigan,48205
MZ-17515,Mary Zewe,Corporate,United States,Los Angeles,California,90008
PK-18910,Paul Knutson,Home Office,United States,San Francisco,California,94109
KB-16585,Ken Black,Corporate,United States,Lafayette,Louisiana,70506
GM-14695,Greg Maxwell,Corporate,United States,Alexandria,Virginia,22304
RD-19900,Ruben Dartt,Consumer,United States,Dearborn Heights,Michigan,48127
RP-19855,Roy Phan,Corporate,United States,Richmond,Kentucky,40475
TH-21550,Tracy Hopkins,Home Office,United States,New York City,New York,10035
JG-15805,John Grady,Corporate,United States,Decatur,Illinois,62521
AY-10555,Andy Yotov,Corporate,United States,Los Angeles,California,90049
SC-20260,Scott Cohen,Corporate,United States,Seattle,Washington,98115
SD-20485,Shirley Daniels,Home Office,United States,Philadelphia,Pennsylvania,19143
FH-14275,Frank Hawley,Corporate,United States,Los Angeles,California,90004
GP-14740,Guy Phonely,Corporate,United States,Lancaster,Pennsylvania,17602
PJ-19015,Pauline Johnson,Consumer,United States,Mobile,Alabama,36608
RS-19765,Roland Schwarz,Corporate,United States,Columbia,South Carolina,29203
VM-21685,Valerie Mitchum,Home Office,United States,Marietta,Georgia,30062
RA-19885,Ruben Ausman,Corporate,United States,Decatur,Alabama,35601
NM-18445,Nathan Mautz,Home Office,United States,Concord,California,94521
JS-15880,John Stevenson,Consumer,United States,Toledo,Ohio,43615
JM-15655,Jim Mitchum,Corporate,United States,Glendale,Arizona,85301
PC-19000,Pauline Chand,Home Office,United States,Chandler,Arizona,85224
SE-20110,Sanjit Engle,Consumer,United States,Lewiston,Idaho,83501
JK-15370,Jay Kimmel,Consumer,United States,Miami,Florida,33180
MM-18055,Michelle Moray,Consumer,United States,Great Falls,Montana,59405
GM-14455,Gary Mitchum,Home Office,United States,Austin,Texas,78745
KN-16450,Kean Nguyen,Corporate,United States,Redondo Beach,California,90278
EH-13765,Edward Hooks,Corporate,United States,Lodi,California,95240
SV-20785,Stewart Visinsky,Consumer,United States,Bloomington,Indiana,47401
JD-15895,Jonathan Doherty,Corporate,United States,Philadelphia,Pennsylvania,19140
BF-11170,Ben Ferrer,Home Office,United States,Baltimore,Maryland,21215
PS-18970,Paul Stevenson,Home Office,United States,Los Angeles,California,90049
SP-20650,Stephanie Phelps,Corporate,United States,Wilmington,North Carolina,28403
KM-16720,Kunst Miller,Consumer,United States,Houston,Texas,77095
JL-15835,John Lee,Consumer,United States,Los Angeles,California,90049
NF-18595,Nicole Fjeld,Home Office,United States,San Jose,California,95123
AG-10390,Allen Goldenen,Consumer,United States,Arlington,Virginia,22204
BP-11230,Benjamin Patterson,Consumer,United States,Los Angeles,California,90045
SV-20365,Seth Vernon,Consumer,United States,Houston,Texas,77070
AA-10375,Allen Armold,Consumer,United States,Los Angeles,California,90008
DB-13555,Dorothy Badders,Corporate,United States,Henderson,Kentucky,42420
AH-10030,Aaron Hawkins,Corporate,United States,Troy,New York,12180
LB-16795,Laurel Beltran,Home Office,United States,Columbus,Ohio,43229
TS-21160,Theresa Swint,Corporate,United States,Philadelphia,Pennsylvania,19134
NM-18445,Nathan Mautz,Home Office,United States,San Francisco,California,94109
BT-11305,Beth Thompson,Home Office,United States,San Gabriel,California,91776
DA-13450,Dianna Arnett,Home Office,United States,Houston,Texas,77095
LC-16885,Lena Creighton,Consumer,United States,Wilmington,North Carolina,28403
AG-10300,Aleksandra Gannaway,Corporate,United States,Los Angeles,California,90049
MH-17290,Marc Harrigan,Home Office,United States,Los Angeles,California,90036
MY-18295,Muhammed Yedwab,Corporate,United States,Baltimore,Maryland,21215
GB-14530,George Bell,Corporate,United States,Newark,Ohio,43055
DS-13180,David Smith,Corporate,United States,Jamestown,New York,14701
AI-10855,Arianne Irving,Consumer,United States,San Francisco,California,94122
LA-16780,Laura Armstrong,Corporate,United States,Memphis,Tennessee,38109
HG-14845,Harry Greene,Consumer,United States,Lake Charles,Louisiana,70601
LL-16840,Lauren Leatherbury,Consumer,United States,Rochester,New York,14609
KH-16360,Katherine Hughes,Consumer,United States,Dover,Delaware,19901
JM-16195,Justin MacKendrick,Consumer,United States,Louisville,Kentucky,40214
TM-21010,Tamara Manning,Consumer,United States,Jackson,Mississippi,39212
AR-10510,Andrew Roberts,Consumer,United States,Columbus,Ohio,43229
CS-11860,Cari Schnelling,Consumer,United States,Lakeland,Florida,33801
NC-18415,Nathan Cano,Consumer,United States,Yonkers,New York,10701
JS-15940,Joni Sundaresam,Home Office,United States,Appleton,Wisconsin,54915
AA-10480,Andrew Allen,Consumer,United States,Middletown,Connecticut,06457
BS-11365,Bill Shonely,Corporate,United States,Seattle,Washington,98105
NC-18340,Nat Carroll,Consumer,United States,Houston,Texas,77036
PM-18940,Paul MacIntyre,Consumer,United States,Jackson,Michigan,49201
EB-13870,Emily Burns,Consumer,United States,San Antonio,Texas,78207
PF-19120,Peter Fuller,Consumer,United States,Richmond,Kentucky,40475
GD-14590,Giulietta Dortch,Corporate,United States,Arlington,Virginia,22204
KH-16330,Katharine Harms,Corporate,United States,Freeport,Illinois,61032
SN-20710,Steve Nguyen,Home Office,United States,Los Angeles,California,90004
HP-14815,Harold Pawlan,Home Office,United States,Los Angeles,California,90049
CT-11995,Carol Triggs,Consumer,United States,Lawrence,Massachusetts,01841
CT-11995,Carol Triggs,Consumer,Canada,Toronto,Ontario,M3C
KT-16480,Kean Thornton,Consumer,United States,Philadelphia,Pennsylvania,19134
SB-20290,Sean Braxton,Corporate,United States,Henderson,Kentucky,42420
PG-18820,Patrick Gardner,Consumer,United States,San Francisco,California,94110
AF-10885,Art Foster,Consumer,United States,Philadelphia,Pennsylvania,19134
GM-14680,Greg Matthias,Consumer,United States,San Jose,California,95123
AI-10855,Arianne Irving,Consumer,United States,Kent,Washington,98031
VW-21775,Victoria Wilson,Corporate,United States,Huntsville,Texas,77340
PG-18895,Paul Gonzalez,Consumer,United States,Fort Worth,Texas,76106
BG-11695,Brooke Gillingham,Corporate,United States,Watertown,New York,13601
HD-14785,Harold Dahlen,Home Office,United States,Chicago,Illinois,60610
RM-19375,Raymond Messe,Consumer,United States,Houston,Texas,77095
HL-15040,Hunter Lopez,Consumer,United States,Milwaukee,Wisconsin,53209
KT-16480,Kean Thornton,Consumer,United States,Franklin,Massachusetts,02038
AH-10030,Aaron Hawkins,Corporate,United States,Los Angeles,California,90004
EH-14005,Erica Hernandez,Home Office,United States,Hialeah,Florida,33012
AG-10270,Alejandro Grove,Consumer,United States,West Jordan,Utah,84084
NP-18325,Naresj Patel,Consumer,United States,Oakland,California,94601
AJ-10795,Anthony Johnson,Corporate,United States,Saint Petersburg,Florida,33710
PW-19030,Pauline Webber,Corporate,United States,Los Angeles,California,90036
CC-12475,Cindy Chapman,Consumer,United States,San Francisco,California,94122
PA-19060,Pete Armstrong,Home Office,United States,Eau Claire,Wisconsin,54703
TT-21070,Ted Trevino,Consumer,United States,Akron,Ohio,44312
GA-14515,George Ashbrook,Consumer,United States,Dallas,Texas,75220
BS-11755,Bruce Stewart,Consumer,United States,Cleveland,Ohio,44105
JH-15820,John Huston,Consumer,United States,Midland,Michigan,48640
TD-20995,Tamara Dahlen,Consumer,United States,Virginia Beach,Virginia,23464
RF-19345,Randy Ferguson,Corporate,United States,Dover,New Hampshire,03820
MC-17590,Matt Collister,Corporate,United States,San Marcos,Texas,78666
CC-12430,Chuck Clark,Home Office,Canada,Vancouver,British Columbia,V6Z
KH-16360,Katherine Hughes,Consumer,United States,Houston,Texas,77070
FG-14260,Frank Gastineau,Home Office,United States,Lawrence,Massachusetts,01841
BT-11530,Bradley Talbott,Home Office,United States,San Diego,California,92037
MW-18235,Mitch Willingham,Corporate,United States,Virginia Beach,Virginia,23464
FG-14260,Frank Gastineau,Home Office,Canada,Montreal,Quebec,H1A
EH-14185,Evan Henry,Consumer,United States,Decatur,Alabama,35601
GT-14710,Greg Tran,Consumer,United States,New York City,New York,10035
AR-10510,Andrew Roberts,Consumer,United States,Philadelphia,Pennsylvania,19134
EH-13990,Erica Hackney,Consumer,United States,Bellevue,Washington,98006
RP-19390,Resi Pölking,Consumer,United States,Baltimore,Maryland,21215
JL-15235,Janet Lee,Consumer,United States,Chicago,Illinois,60623
BW-11065,Barry Weirich,Consumer,United States,New York City,New York,10035
ML-17395,Marina Lichtenstein,Corporate,United States,Los Angeles,California,90008
HF-14995,Herbert Flentye,Consumer,United States,Los Angeles,California,90008
MM-18055,Michelle Moray,Consumer,United States,Chicago,Illinois,60623
Dp-13240,Dean percer,Home Office,United States,Murray,Utah,84107
MH-17785,Maya Herman,Corporate,United States,San Diego,California,92105
LE-16810,Laurel Elliston,Consumer,United States,Chicago,Illinois,60653
LC-16885,Lena Creighton,Consumer,United States,San Francisco,California,94109
MM-17260,Magdelene Morse,Consumer,United States,Seattle,Washington,98105
PJ-18835,Patrick Jones,Corporate,United States,Seattle,Washington,98115
SS-20410,Shahid Shariari,Consumer,United States,Buffalo Grove,Illinois,60089
LW-16825,Laurel Workman,Corporate,United States,New York City,New York,10024
JG-15160,James Galang,Consumer,United States,New York City,New York,10024
EB-13840,Ellis Ballard,Corporate,United States,Richmond,Virginia,23223
MC-17425,Mark Cousins,Corporate,United States,Chicago,Illinois,60623
JK-15625,Jim Karlsson,Consumer,United States,Jackson,Mississippi,39212
DW-13480,Dianna Wilson,Home Office,United States,Lakeville,Minnesota,55044
LT-17110,Liz Thompson,Consumer,United States,Little Rock,Arkansas,72209
QJ-19255,Quincy Jones,Corporate,United States,Detroit,Michigan,48234
CR-12625,Corey Roper,Home Office,United States,Lakewood,New Jersey,08701
CK-12325,Christine Kargatis,Home Office,United States,Orem,Utah,84057
SV-20785,Stewart Visinsky,Consumer,United States,Roswell,Georgia,30076
RE-19450,Richard Eichhorn,Consumer,United States,Decatur,Illinois,62521
SC-20725,Steven Cartwright,Consumer,United States,Seattle,Washington,98115
RB-19795,Ross Baird,Home Office,United States,Midland,Michigan,48640
BT-11440,Bobby Trafton,Consumer,United States,New York City,New York,10035
MP-17470,Mark Packer,Home Office,United States,Columbus,Ohio,43229
GT-14635,Grant Thornton,Corporate,United States,Long Beach,New York,11561
BM-11785,Bryan Mills,Consumer,United States,Rochester,New York,14609
SV-20785,Stewart Visinsky,Consumer,United States,Jacksonville,Florida,32216
SB-20170,Sarah Bern,Consumer,United States,Chicago,Illinois,60623
VT-21700,Valerie Takahito,Home Office,United States,Houston,Texas,77070
NR-18550,Nick Radford,Consumer,United States,Aurora,Illinois,60505
BP-11095,Bart Pistole,Corporate,United States,Peoria,Illinois,61604
KE-16420,Katrina Edelman,Corporate,United States,Bristol,Tennessee,37620
CS-11950,Carlos Soltero,Consumer,United States,Seattle,Washington,98115
RD-19480,Rick Duston,Consumer,United States,Long Beach,New York,11561
BH-11710,Brosina Hoffman,Consumer,United States,Los Angeles,California,90032
TS-21205,Thomas Seio,Corporate,United States,North Las Vegas,Nevada,89031
FO-14305,Frank Olsen,Consumer,United States,Harrisonburg,Virginia,22801
CW-11905,Carl Weiss,Home Office,United States,Huntsville,Texas,77340
CM-12445,Chuck Magee,Consumer,United States,San Francisco,California,94122
HK-14890,Heather Kirkland,Corporate,United States,Detroit,Michigan,48234
FM-14215,Filia McAdams,Corporate,United States,Los Angeles,California,90032
SR-20425,Sharelle Roach,Home Office,United States,Detroit,Michigan,48234
KL-16555,Kelly Lampkin,Corporate,United States,San Antonio,Texas,78207
PS-18760,Pamela Stobb,Consumer,United States,El Paso,Texas,79907
SC-20575,Sonia Cooley,Consumer,United States,Mishawaka,Indiana,46544
CK-12205,Chloris Kastensmidt,Consumer,United States,Hempstead,New York,11550
GH-14425,Gary Hwang,Consumer,United States,Seattle,Washington,98105
JF-15415,Jennifer Ferguson,Consumer,United States,Chicago,Illinois,60653
DB-13660,Duane Benoit,Consumer,United States,Newark,Delaware,19711
MC-18100,Mick Crebagga,Consumer,United States,Los Angeles,California,90036
NC-19470,Neil Cohen,Home Office,Canada,Halifax,Nova Scotia,B3H
SC-20020,Sam Craven,Consumer,United States,Plano,Texas,75023
Co-12640,Corey-Lock,Consumer,United States,Lawton,Oklahoma,73505
NW-18400,Natalie Webber,Consumer,United States,Philadelphia,Pennsylvania,19120
NP-18325,Naresj Patel,Consumer,United States,Waynesboro,Virginia,22980
TB-21280,Toby Braunhardt,Consumer,United States,New York City,New York,10024
DB-13060,Dave Brooks,Consumer,United States,Lakewood,New Jersey,08701
RM-19375,Raymond Messe,Consumer,United States,Meriden,Connecticut,06450
SV-20785,Stewart Visinsky,Consumer,United States,Pueblo,Colorado,81001
JG-15160,James Galang,Consumer,United States,Long Beach,New York,11561
AA-10645,Anna Andreadi,Consumer,United States,Chester,Pennsylvania,19013
TB-21280,Toby Braunhardt,Consumer,United States,Phoenix,Arizona,85023
DV-13465,Dianna Vittorini,Consumer,United States,Minneapolis,Minnesota,55407
JE-15745,Joel Eaton,Consumer,United States,Louisville,Colorado,80027
DL-13330,Denise Leinenbach,Consumer,United States,Concord,North Carolina,28027
BS-11665,Brian Stugart,Consumer,United States,Philadelphia,Pennsylvania,19143
LP-17080,Liz Pelletier,Consumer,United States,Tucson,Arizona,85705
NS-18640,Noel Staavos,Corporate,United States,Los Angeles,California,90049
GK-14620,Grace Kelly,Corporate,United States,Salem,Oregon,97301
LM-17065,Liz MacKendrick,Consumer,United States,Southaven,Mississippi,38671
CA-12775,Cynthia Arntzen,Consumer,United States,Philadelphia,Pennsylvania,19140
RW-19630,Rob Williams,Corporate,United States,Detroit,Michigan,48234
DL-12865,Dan Lawera,Consumer,United States,Cincinnati,Ohio,45231
JK-15625,Jim Karlsson,Consumer,United States,New York City,New York,10024
CS-11860,Cari Schnelling,Consumer,United States,New York City,New York,10011
AR-10825,Anthony Rawles,Corporate,United States,Los Angeles,California,90004
RA-19915,Russell Applegate,Consumer,United States,Chicago,Illinois,60653
HA-14905,Helen Abelman,Consumer,United States,New York City,New York,10024
MS-17980,Michael Stewart,Corporate,United States,Houston,Texas,77095
BD-11620,Brian DeCherney,Consumer,United States,Wilmington,North Carolina,28403
LW-16825,Laurel Workman,Corporate,United States,Deltona,Florida,32725
EH-13945,Eric Hoffmann,Consumer,United States,Plainfield,New Jersey,07060
KE-16420,Katrina Edelman,Corporate,United States,Aurora,Colorado,80013
MS-17770,Maxwell Schwartz,Consumer,United States,Richmond,Virginia,23223
DM-13525,Don Miller,Corporate,United States,Palm Coast,Florida,32137
DW-13195,David Wiener,Corporate,United States,Knoxville,Tennessee,37918
DP-13390,Dennis Pardue,Home Office,United States,Los Angeles,California,90004
MC-17845,Michael Chen,Consumer,United States,Jackson,Mississippi,39212
DC-12850,Dan Campbell,Consumer,United States,Houston,Texas,77036
BC-11125,Becky Castell,Home Office,United States,El Cajon,California,92020
EP-13915,Emily Phan,Consumer,United States,New York City,New York,10011
JL-15835,John Lee,Consumer,United States,Philadelphia,Pennsylvania,19120
MH-18025,Michelle Huthwaite,Consumer,United States,Buffalo,New York,14215
EB-13705,Ed Braxton,Corporate,United States,San Francisco,California,94122
DS-13030,Darrin Sayre,Home Office,United States,San Francisco,California,94122
GH-14410,Gary Hansen,Home Office,United States,Los Angeles,California,90049
BM-11650,Brian Moss,Corporate,United States,Dallas,Texas,75217
LA-16780,Laura Armstrong,Corporate,United States,Hackensack,New Jersey,07601
MH-17455,Mark Hamilton,Consumer,United States,New York City,New York,10011
MN-17935,Michael Nguyen,Consumer,United States,El Paso,Texas,79907
JK-15205,Jamie Kunitz,Consumer,United States,Niagara Falls,New York,14304
CL-12565,Clay Ludtke,Consumer,United States,Seattle,Washington,98115
PV-18985,Paul Van Hugh,Home Office,United States,League City,Texas,77573
AC-10420,Alyssa Crouse,Corporate,United States,San Francisco,California,94122
ME-17725,Max Engle,Consumer,United States,Chicago,Illinois,60610
BF-11170,Ben Ferrer,Home Office,United States,Los Angeles,California,90036
GK-14620,Grace Kelly,Corporate,United States,Los Angeles,California,90049
ST-20530,Shui Tom,Consumer,United States,Philadelphia,Pennsylvania,19140
SS-20515,Shirley Schmidt,Home Office,United States,Newark,Delaware,19711
BF-10975,Barbara Fisher,Corporate,United States,New York City,New York,10009
AW-10930,Arthur Wiediger,Home Office,United States,Aurora,Illinois,60505
PB-19150,Philip Brown,Consumer,United States,Phoenix,Arizona,85023
VW-21775,Victoria Wilson,Corporate,United States,Sioux Falls,South Dakota,57103
AH-10120,Adrian Hane,Home Office,United States,Tucson,Arizona,85705
JL-15130,Jack Lebron,Consumer,United States,New Rochelle,New York,10801
CA-12310,Christine Abelman,Corporate,United States,Bristol,Connecticut,06010
EM-14140,Eugene Moren,Home Office,United States,Great Falls,Montana,59405
KM-16375,Katherine Murray,Home Office,United States,Dallas,Texas,75217
CC-12145,Charles Crestani,Consumer,United States,San Diego,California,92105
JD-15895,Jonathan Doherty,Corporate,United States,Riverside,California,92503
SW-20245,Scot Wooten,Consumer,United States,Springfield,Ohio,45503
RD-19720,Roger Demir,Consumer,United States,San Francisco,California,94122
ME-18010,Michelle Ellison,Corporate,United States,San Francisco,California,94122
HM-14860,Harry Marie,Corporate,United States,Dallas,Texas,75217
PG-18820,Patrick Gardner,Consumer,United States,Omaha,Nebraska,68104
NP-18325,Naresj Patel,Consumer,United States,San Francisco,California,94122
EM-14065,Erin Mull,Consumer,United States,New York City,New York,10024
AB-10255,Alejandro Ballentine,Home Office,United States,Los Angeles,California,90008
JL-15850,John Lucas,Consumer,United States,Houston,Texas,77095
AG-10900,Arthur Gainer,Consumer,United States,Tucson,Arizona,85705
NC-18535,Nick Crebassa,Corporate,United States,San Francisco,California,94122
AG-10270,Alejandro Grove,Consumer,United States,New York City,New York,10011
KL-16645,Ken Lonsdale,Consumer,United States,San Francisco,California,94122
VF-21715,Vicky Freymann,Home Office,United States,Los Angeles,California,90045
SG-20470,Sheri Gordon,Consumer,United States,Atlanta,Georgia,30318
KM-16720,Kunst Miller,Consumer,United States,North Las Vegas,Nevada,89031
LF-17185,Luke Foster,Consumer,United States,San Antonio,Texas,78207
CL-11890,Carl Ludwig,Consumer,United States,Chicago,Illinois,60623
JO-15145,Jack O'Briant,Corporate,United States,Draper,Utah,84020
AS-10045,Aaron Smayling,Corporate,United States,New York City,New York,10035
BB-10990,Barry Blumstein,Corporate,United States,Los Angeles,California,90036
GW-14605,Giulietta Weimer,Consumer,United States,San Francisco,California,94122
CK-12205,Chloris Kastensmidt,Consumer,United States,Apopka,Florida,32712
TS-21430,Tom Stivers,Corporate,United States,Seattle,Washington,98103
BF-10975,Barbara Fisher,Corporate,United States,Charlotte,North Carolina,28205
IL-15100,Ivan Liston,Consumer,United States,San Francisco,California,94122
AS-10630,Ann Steele,Home Office,United States,Philadelphia,Pennsylvania,19120
NZ-18565,Nick Zandusky,Home Office,United States,Springfield,Missouri,65807
BS-11755,Bruce Stewart,Consumer,United States,Denver,Colorado,80219
BK-11260,Berenike Kampe,Consumer,United States,New York City,New York,10035
GH-14410,Gary Hansen,Home Office,United States,Glendale,Arizona,85301
ML-17395,Marina Lichtenstein,Corporate,United States,Bangor,Maine,04401
VD-21670,Valerie Dominguez,Consumer,United States,Pleasant Grove,Utah,84062
RS-19420,Ricardo Sperren,Corporate,United States,Meriden,Connecticut,06450
CS-12130,Chad Sievert,Consumer,United States,Los Angeles,California,90004
GZ-14470,Gary Zandusky,Consumer,United States,Texas City,Texas,77590
SP-20650,Stephanie Phelps,Corporate,United States,New York City,New York,10009
SS-20590,Sonia Sunley,Consumer,United States,San Francisco,California,94122
RF-19735,Roland Fjeld,Consumer,United States,Columbia,South Carolina,29203
TB-21625,Trudy Brown,Consumer,United States,New York City,New York,10035
VG-21790,Vivek Gonzalez,Consumer,United States,Jacksonville,Florida,32216
MB-17305,Maria Bertelson,Consumer,United States,Glendale,Arizona,85301
LR-16915,Lena Radford,Consumer,United States,San Diego,California,92024
MA-17560,Matt Abelman,Home Office,United States,Trenton,Michigan,48183
TM-21010,Tamara Manning,Consumer,United States,Vacaville,California,95687
DB-13405,Denny Blanton,Consumer,Canada,Toronto,Ontario,M5H
RD-19720,Roger Demir,Consumer,United States,Phoenix,Arizona,85023
JH-15985,Joseph Holt,Consumer,United States,Seattle,Washington,98103
ED-13885,Emily Ducich,Home Office,United States,San Diego,California,92037
GM-14500,Gene McClure,Consumer,United States,Fresno,California,93727
AG-10525,Andy Gerbode,Corporate,United States,Saint Petersburg,Florida,33710
MG-17650,Matthew Grinstein,Home Office,United States,Seattle,Washington,98103
GM-14680,Greg Matthias,Consumer,United States,Seattle,Washington,98105
KL-16645,Ken Lonsdale,Consumer,United States,New York City,New York,10035
BW-11200,Ben Wallace,Consumer,United States,San Francisco,California,94122
DH-13675,Duane Huffman,Home Office,United States,Miami,Florida,33180
LL-16840,Lauren Leatherbury,Consumer,United States,Woodstock,Georgia,30188
CS-12175,Charles Sheldon,Corporate,United States,Lakewood,New Jersey,08701
BD-11605,Brian Dahlen,Consumer,United States,San Francisco,California,94122
CS-12355,Christine Sundaresam,Consumer,United States,Hollywood,Florida,33021
CS-12355,Christine Sundaresam,Consumer,United States,Fairfield,Connecticut,06824
KH-16510,Keith Herrera,Consumer,United States,Dallas,Texas,75081
TS-21610,Troy Staebel,Consumer,United States,Philadelphia,Pennsylvania,19143
DJ-13510,Don Jones,Corporate,United States,Little Rock,Arkansas,72209
KB-16585,Ken Black,Corporate,United States,Houston,Texas,77095
LH-16900,Lena Hernandez,Consumer,United States,Jonesboro,Arkansas,72401
DW-13195,David Wiener,Corporate,United States,Los Angeles,California,90045
JK-15625,Jim Karlsson,Consumer,United States,Columbus,Ohio,43229
MS-17770,Maxwell Schwartz,Consumer,United States,Columbus,Ohio,43229
BS-11365,Bill Shonely,Corporate,United States,Columbus,Georgia,31907
JB-15400,Jennifer Braxton,Corporate,Canada,Montreal,Quebec,H1B
DO-13645,Doug O'Connell,Consumer,Canada,Montreal,Quebec,H1B
NC-18535,Nick Crebassa,Corporate,United States,Hampton,Virginia,23666
CR-12730,Craig Reiter,Consumer,United States,Chicago,Illinois,60610
DE-13255,Deanra Eno,Home Office,United States,Lakewood,Ohio,44107
JF-15415,Jennifer Ferguson,Consumer,United States,Saint Charles,Missouri,63301
JP-15520,Jeremy Pistek,Consumer,United States,North Miami,Florida,33161
AP-10915,Arthur Prichep,Consumer,United States,Denver,Colorado,80219
RB-19645,Robert Barroso,Corporate,United States,Los Angeles,California,90032
CR-12625,Corey Roper,Home Office,United States,Grand Rapids,Michigan,49505
RH-19495,Rick Hansen,Consumer,United States,New York City,New York,10009
JP-15460,Jennifer Patt,Corporate,United States,Oceanside,New York,11572
RB-19645,Robert Barroso,Corporate,United States,Billings,Montana,59102
DW-13585,Dorothy Wardle,Corporate,United States,Owensboro,Kentucky,42301
JM-15265,Janet Molinari,Corporate,United States,Los Angeles,California,90036
BS-11590,Brendan Sweed,Corporate,United States,Columbus,Ohio,43229
JE-15715,Joe Elijah,Consumer,United States,Houston,Texas,77070
RC-19960,Ryan Crowe,Consumer,United States,Columbus,Ohio,43229
MW-18220,Mitch Webber,Consumer,United States,Seattle,Washington,98103
KB-16315,Karl Braun,Consumer,United States,Newark,Delaware,19711
PP-18955,Paul Prost,Home Office,United States,Newark,Delaware,19711
FM-14290,Frank Merwin,Home Office,United States,Los Angeles,California,90032
CC-12610,Corey Catlett,Corporate,United States,Springfield,Virginia,22153
ZD-21925,Zuschuss Donatelli,Consumer,United States,San Francisco,California,94109
MM-17920,Michael Moore,Consumer,United States,Springfield,Virginia,22153
RA-19945,Ryan Akin,Consumer,United States,Miami,Florida,33178
HH-15010,Hilary Holden,Corporate,United States,San Francisco,California,94110
AT-10735,Annie Thurman,Consumer,United States,Bristol,Connecticut,06010
SJ-20500,Shirley Jackson,Consumer,United States,Santa Fe,New Mexico,87505
LT-16765,Larry Tron,Consumer,United States,Escondido,California,92025
JL-15130,Jack Lebron,Consumer,United States,Houston,Texas,77036
LH-16900,Lena Hernandez,Consumer,United States,New York City,New York,10009
JM-16195,Justin MacKendrick,Consumer,United States,Watertown,New York,13601
KD-16345,Katherine Ducich,Consumer,United States,New York City,New York,10009
CL-12565,Clay Ludtke,Consumer,United States,New York City,New York,10009
SC-20095,Sanjit Chand,Consumer,United States,Fayetteville,Arkansas,72701
BM-11785,Bryan Mills,Consumer,United States,Buffalo Grove,Illinois,60089
CV-12295,Christina VanderZanden,Consumer,United States,Chicago,Illinois,60653
AG-10525,Andy Gerbode,Corporate,United States,Houston,Texas,77095
MR-17545,Mathew Reese,Home Office,United States,Houston,Texas,77095
AG-10390,Allen Goldenen,Consumer,United States,New York City,New York,10009
PR-18880,Patrick Ryan,Consumer,United States,Saint Petersburg,Florida,33710
NP-18700,Nora Preis,Consumer,United States,Bowling Green,Ohio,43402
VP-21760,Victoria Pisteka,Corporate,United States,San Francisco,California,94109
RB-19465,Rick Bensley,Home Office,United States,Tulsa,Oklahoma,74133
SB-20290,Sean Braxton,Corporate,United States,Philadelphia,Pennsylvania,19134
TB-21400,Tom Boeckenhauer,Consumer,United States,Tulsa,Oklahoma,74133
SZ-20035,Sam Zeldin,Home Office,United States,Houston,Texas,77036
SS-20410,Shahid Shariari,Consumer,United States,Oswego,Illinois,60543
LR-17035,Lisa Ryan,Corporate,United States,Santa Clara,California,95051
DK-13375,Dennis Kane,Consumer,United States,New York City,New York,10024
MC-17275,Marc Crier,Consumer,United States,Pasco,Washington,99301
BM-11140,Becky Martin,Consumer,United States,San Antonio,Texas,78207
KT-16465,Kean Takahito,Consumer,United States,Houston,Texas,77036
PP-18955,Paul Prost,Home Office,United States,New York City,New York,10009
SP-20620,Stefania Perrino,Corporate,United States,Long Beach,New York,11561
DP-13390,Dennis Pardue,Home Office,United States,San Francisco,California,94110
TS-21340,Toby Swindell,Consumer,United States,San Francisco,California,94109
LH-17020,Lisa Hazard,Consumer,United States,Tyler,Texas,75701
TT-21070,Ted Trevino,Consumer,United States,Chesapeake,Virginia,23320
KC-16255,Karen Carlisle,Corporate,United States,Macon,Georgia,31204
GZ-14470,Gary Zandusky,Consumer,United States,San Francisco,California,94110
RR-19525,Rick Reed,Corporate,United States,Lowell,Massachusetts,01852
LC-17140,Logan Currie,Consumer,United States,Philadelphia,Pennsylvania,19140
NF-18595,Nicole Fjeld,Home Office,United States,Lancaster,Ohio,43130
MS-17365,Maribeth Schnelling,Consumer,United States,Detroit,Michigan,48227
CC-12220,Chris Cortes,Consumer,United States,Chicago,Illinois,60653
DL-12925,Daniel Lacy,Consumer,United States,Greenville,North Carolina,27834
CL-12565,Clay Ludtke,Consumer,United States,Gresham,Oregon,97030
SF-20065,Sandra Flanagan,Consumer,United States,Clifton,New Jersey,07011
DA-13450,Dianna Arnett,Home Office,United States,Virginia Beach,Virginia,23464
AR-10345,Alex Russell,Corporate,Canada,Montreal,Quebec,H1C
LW-17125,Liz Willingham,Consumer,United States,Oxnard,California,93030
LW-17215,Luke Weiss,Consumer,United States,New York City,New York,10035
TA-21385,Tom Ashbrook,Home Office,United States,Olathe,Kansas,66062
BN-11470,Brad Norvell,Corporate,United States,Cary,North Carolina,27511
AF-10885,Art Foster,Consumer,United States,Fairfield,Ohio,45014
PT-19090,Pete Takahito,Consumer,United States,Houston,Texas,77070
SD-20485,Shirley Daniels,Home Office,United States,New Rochelle,New York,10801
BC-11125,Becky Castell,Home Office,United States,Odessa,Texas,79762
RP-19390,Resi Pölking,Consumer,United States,Seattle,Washington,98103
DC-12850,Dan Campbell,Consumer,United States,New York City,New York,10011
EA-14035,Erin Ashbrook,Corporate,United States,Charlotte,North Carolina,28205
LH-16900,Lena Hernandez,Consumer,United States,Columbus,Ohio,43229
JM-15535,Jessica Myrick,Consumer,United States,Philadelphia,Pennsylvania,19143
ON-18715,Odella Nelson,Corporate,United States,Tempe,Arizona,85281
SC-20260,Scott Cohen,Corporate,United States,Corpus Christi,Texas,78415
JC-15775,John Castell,Consumer,United States,Macon,Georgia,31204
CA-12775,Cynthia Arntzen,Consumer,United States,Tampa,Florida,33614
DM-13015,Darrin Martin,Consumer,United States,New York City,New York,10009
JB-15400,Jennifer Braxton,Corporate,United States,Chicago,Illinois,60623
AJ-10960,Astrea Jones,Consumer,United States,Rochester,New York,14609
MF-18250,Monica Federle,Corporate,United States,Philadelphia,Pennsylvania,19120
AA-10315,Alex Avila,Consumer,United States,New York City,New York,10011
RF-19345,Randy Ferguson,Corporate,United States,New York City,New York,10024
BN-11515,Bradley Nguyen,Consumer,United States,Seattle,Washington,98103
JA-15970,Joseph Airdo,Consumer,United States,Springfield,Oregon,97477
AG-10765,Anthony Garverick,Home Office,United States,Philadelphia,Pennsylvania,19120
NR-18550,Nick Radford,Consumer,United States,Chula Vista,California,91911
KT-16465,Kean Takahito,Consumer,United States,Raleigh,North Carolina,27604
BS-11365,Bill Shonely,Corporate,United States,New York City,New York,10011
ND-18460,Neil Ducich,Corporate,United States,Chandler,Arizona,85224
JK-15640,Jim Kriz,Home Office,United States,San Francisco,California,94110
FA-14230,Frank Atkinson,Corporate,United States,Long Beach,California,90805
MC-18130,Mike Caudle,Corporate,United States,Seattle,Washington,98115
JL-15835,John Lee,Consumer,United States,Charlotte,North Carolina,28205
SB-20290,Sean Braxton,Corporate,United States,Houston,Texas,77036
DN-13690,Duane Noonan,Consumer,United States,Columbia,Maryland,21044
MW-18220,Mitch Webber,Consumer,United States,New York City,New York,10011
SB-20185,Sarah Brown,Consumer,United States,Chicago,Illinois,60653
PF-19165,Philip Fox,Consumer,United States,Bloomington,Illinois,61701
MA-17995,Michelle Arnett,Home Office,United States,Los Angeles,California,90004
DB-13555,Dorothy Badders,Corporate,United States,Jacksonville,Florida,32216
ES-14020,Erica Smith,Consumer,United States,San Francisco,California,94110
HG-14965,Henry Goldwyn,Corporate,United States,San Diego,California,92024
AG-10270,Alejandro Grove,Consumer,Canada,Toronto,Ontario,M2N
JS-15940,Joni Sundaresam,Home Office,United States,Garland,Texas,75043
BM-11650,Brian Moss,Corporate,United States,Omaha,Nebraska,68104
HF-14995,Herbert Flentye,Consumer,United States,San Francisco,California,94109
SL-20155,Sara Luxemburg,Home Office,United States,New York City,New York,10011
LH-16750,Larry Hughes,Consumer,United States,Philadelphia,Pennsylvania,19140
MA-17560,Matt Abelman,Home Office,United States,Philadelphia,Pennsylvania,19143
JG-15115,Jack Garza,Consumer,United States,Des Moines,Washington,98198
AS-10090,Adam Shillingsburg,Consumer,United States,New York City,New York,10035
MS-17365,Maribeth Schnelling,Consumer,United States,Boca Raton,Florida,33433
SE-20110,Sanjit Engle,Consumer,United States,San Jose,California,95123
VG-21805,Vivek Grady,Corporate,United States,Chicago,Illinois,60653
BM-11650,Brian Moss,Corporate,United States,San Diego,California,92037
TT-21220,Thomas Thornton,Consumer,United States,Dover,Delaware,19901
SC-20095,Sanjit Chand,Consumer,United States,Minneapolis,Minnesota,55407
ST-20530,Shui Tom,Consumer,United States,New York City,New York,10035
JP-16135,Julie Prescott,Home Office,United States,New York City,New York,10011
TH-21115,Thea Hudgings,Corporate,United States,Newark,Delaware,19711
JK-15640,Jim Kriz,Home Office,United States,Lakewood,Ohio,44107
JD-16060,Julia Dunbar,Consumer,United States,San Francisco,California,94109
BP-11095,Bart Pistole,Corporate,Canada,Montreal,Quebec,H1C
MT-18070,Michelle Tran,Home Office,United States,Houston,Texas,77041
BF-11005,Barry Franz,Home Office,United States,Aurora,Colorado,80013
KF-16285,Karen Ferguson,Home Office,United States,San Diego,California,92105
KT-16465,Kean Takahito,Consumer,United States,Los Angeles,California,90049
CM-12715,Craig Molinari,Corporate,United States,Philadelphia,Pennsylvania,19140
DA-13450,Dianna Arnett,Home Office,United States,Lancaster,Ohio,43130
NB-18580,Nicole Brennan,Corporate,United States,Philadelphia,Pennsylvania,19134
HG-14965,Henry Goldwyn,Corporate,United States,Mesquite,Texas,75150
CS-12400,Christopher Schild,Home Office,United States,Seattle,Washington,98115
MM-17920,Michael Moore,Consumer,United States,Chicago,Illinois,60623
TH-21100,Thea Hendricks,Consumer,United States,San Diego,California,92037
TS-21205,Thomas Seio,Corporate,United States,Hackensack,New Jersey,07601
XP-21865,Xylona Preis,Consumer,United States,Hollywood,Florida,33021
KD-16495,Keith Dawkins,Corporate,United States,Fayetteville,North Carolina,28314
GZ-14545,George Zrebassa,Corporate,United States,Lawrence,Massachusetts,01841
GZ-14545,George Zrebassa,Corporate,Canada,Montreal,Quebec,H1A
LD-17005,Lisa DeCherney,Consumer,United States,New York City,New York,10011
PP-18955,Paul Prost,Home Office,United States,Seattle,Washington,98115
AP-10915,Arthur Prichep,Consumer,United States,Los Angeles,California,90045
SM-20950,Suzanne McNair,Corporate,United States,Philadelphia,Pennsylvania,19134
EB-14170,Evan Bailliet,Consumer,United States,Seattle,Washington,98115
MH-17785,Maya Herman,Corporate,United States,New York City,New York,10035
KW-16570,Kelly Williams,Consumer,United States,Clarksville,Tennessee,37042
DM-12955,Dario Medina,Corporate,United States,Fairfield,Ohio,45014
DB-13615,Doug Bickford,Consumer,United States,Seattle,Washington,98105
RA-19915,Russell Applegate,Consumer,United States,New York City,New York,10011
BW-11200,Ben Wallace,Consumer,United States,Boynton Beach,Florida,33437
NF-18475,Neil Französisch,Home Office,United States,Reno,Nevada,89502
ES-14080,Erin Smith,Corporate,United States,Tempe,Arizona,85281
AR-10405,Allen Rosenblatt,Corporate,United States,Los Angeles,California,90036
BP-11290,Beth Paige,Consumer,United States,Evanston,Illinois,60201
RD-19930,Russell D'Ascenzo,Consumer,United States,Dallas,Texas,75217
SL-20155,Sara Luxemburg,Home Office,United States,Durham,North Carolina,27707
DO-13435,Denny Ordway,Consumer,United States,Columbus,Ohio,43229
CC-12220,Chris Cortes,Consumer,United States,New York City,New York,10024
DF-13135,David Flashing,Consumer,United States,Vallejo,California,94591
JD-16015,Joy Daniels,Consumer,United States,Seattle,Washington,98115
BD-11635,Brian Derr,Consumer,United States,Columbus,Ohio,43229
KH-16510,Keith Herrera,Consumer,United States,Pomona,California,91767
GG-14650,Greg Guthrie,Corporate,Canada,Calgary,Alberta,T1Y
GG-14650,Greg Guthrie,Corporate,Canada,Edmonton,Alberta,T5A
AM-10360,Alice McCarthy,Corporate,United States,Omaha,Nebraska,68104
JD-16015,Joy Daniels,Consumer,United States,Philadelphia,Pennsylvania,19120
VP-21760,Victoria Pisteka,Corporate,United States,Indianapolis,Indiana,46203
XP-21865,Xylona Preis,Consumer,United States,San Diego,California,92024
MR-17545,Mathew Reese,Home Office,United States,Philadelphia,Pennsylvania,19140
JG-15805,John Grady,Corporate,United States,Dallas,Texas,75217
DN-13690,Duane Noonan,Consumer,United States,New York City,New York,10011
JG-15115,Jack Garza,Consumer,United States,Charlotte,North Carolina,28205
SJ-20500,Shirley Jackson,Consumer,United States,San Francisco,California,94122
BP-11095,Bart Pistole,Corporate,United States,Jacksonville,North Carolina,28540
TN-21040,Tanja Norvell,Home Office,United States,Manteca,California,95336
SD-20485,Shirley Daniels,Home Office,United States,Phoenix,Arizona,85023
FC-14335,Fred Chung,Corporate,United States,Albuquerque,New Mexico,87105
RB-19435,Richard Bierner,Consumer,United States,Columbus,Ohio,43229
CM-12715,Craig Molinari,Corporate,United States,Huntsville,Texas,77340
HA-14920,Helen Andreada,Consumer,United States,Pasadena,California,91104
Dp-13240,Dean percer,Home Office,United States,Seattle,Washington,98115
DB-13555,Dorothy Badders,Corporate,United States,Fayetteville,Arkansas,72701
AS-10240,Alan Shonely,Consumer,United States,Redondo Beach,California,90278
JF-15565,Jill Fjeld,Consumer,United States,Philadelphia,Pennsylvania,19120
DN-13690,Duane Noonan,Consumer,United States,San Francisco,California,94122
BP-11050,Barry Pond,Corporate,United States,Chicago,Illinois,60623
ML-17395,Marina Lichtenstein,Corporate,United States,Lakewood,New Jersey,08701
ZC-21910,Zuschuss Carroll,Consumer,United States,Edmonds,Washington,98026
MA-17995,Michelle Arnett,Home Office,United States,Richmond,Virginia,23223
SP-20545,Sibella Parks,Corporate,United States,Mount Vernon,New York,10550
TC-21295,Toby Carlisle,Consumer,United States,Everett,Massachusetts,02149
HG-15025,Hunter Glantz,Consumer,United States,Fort Worth,Texas,76106
BD-11500,Bradley Drucker,Consumer,United States,Chicago,Illinois,60653
JE-15610,Jim Epp,Corporate,United States,Concord,New Hampshire,03301
AC-10660,Anna Chung,Consumer,United States,Parma,Ohio,44134
DL-12865,Dan Lawera,Consumer,United States,Hialeah,Florida,33012
LS-17245,Lynn Smith,Consumer,United States,San Francisco,California,94110
EB-14170,Evan Bailliet,Consumer,United States,Houston,Texas,77095
TB-21520,Tracy Blumstein,Consumer,United States,Beaumont,Texas,77705
AS-10225,Alan Schoenberger,Corporate,United States,Montgomery,Alabama,36116
LS-17200,Luke Schmidt,Corporate,United States,Texarkana,Arkansas,71854
IG-15085,Ivan Gibson,Consumer,United States,Seattle,Washington,98103
EH-13765,Edward Hooks,Corporate,United States,Philadelphia,Pennsylvania,19134
RP-19270,Rachel Payne,Corporate,United States,San Francisco,California,94110
JF-15490,Jeremy Farry,Consumer,United States,Los Angeles,California,90032
EH-14125,Eugene Hildebrand,Home Office,United States,Lakewood,California,90712
MP-17965,Michael Paige,Corporate,Canada,Montreal,Quebec,H1A
EH-14125,Eugene Hildebrand,Home Office,Canada,Vancouver,British Columbia,V6G
FH-14365,Fred Hopkins,Corporate,United States,Knoxville,Tennessee,37918
LS-16975,Lindsay Shagiari,Home Office,United States,Chicago,Illinois,60653
PO-18865,Patrick O'Donnell,Consumer,United States,Westland,Michigan,48185
TB-21520,Tracy Blumstein,Consumer,United States,Fairfield,Ohio,45014
FH-14275,Frank Hawley,Corporate,United States,Newport News,Virginia,23602
SF-20965,Sylvia Foulston,Corporate,United States,San Diego,California,92024
NB-18580,Nicole Brennan,Corporate,United States,Bossier City,Louisiana,71111
MG-17680,Maureen Gastineau,Home Office,United States,Newark,Ohio,43055
AA-10375,Allen Armold,Consumer,United States,Rancho Cucamonga,California,91730
AP-10915,Arthur Prichep,Consumer,United States,Rock Hill,South Carolina,29730
DB-12910,Daniel Byrd,Home Office,United States,Fort Lauderdale,Florida,33311
EH-14185,Evan Henry,Consumer,United States,Philadelphia,Pennsylvania,19120
AH-10030,Aaron Hawkins,Corporate,United States,San Francisco,California,94109
AH-10585,Angele Hood,Consumer,United States,Seattle,Washington,98105
RD-19810,Ross DeVincentis,Home Office,United States,Fayetteville,North Carolina,28314
TS-21370,Todd Sumrall,Corporate,United States,Los Angeles,California,90049
BT-11395,Bill Tyler,Corporate,United States,Garden City,Kansas,67846
NC-18625,Noah Childs,Corporate,United States,Columbus,Indiana,47201
SA-20830,Sue Ann Reed,Consumer,United States,Chicago,Illinois,60610
AM-10705,Anne McFarland,Consumer,United States,Cranston,Rhode Island,02920
GG-14650,Greg Guthrie,Corporate,United States,Los Angeles,California,90049
AJ-10780,Anthony Jacobs,Corporate,United States,Lorain,Ohio,44052
AC-10450,Amy Cox,Consumer,United States,Avondale,Arizona,85323
NL-18310,Nancy Lomonaco,Home Office,United States,San Francisco,California,94110
EA-14035,Erin Ashbrook,Corporate,United States,Mason,Ohio,45040
DL-12925,Daniel Lacy,Consumer,United States,Long Beach,New York,11561
DG-13300,Deirdre Greer,Corporate,United States,Orange,New Jersey,07050
KH-16630,Ken Heidel,Corporate,United States,Charlotte,North Carolina,28205
RA-19915,Russell Applegate,Consumer,United States,Denver,Colorado,80219
JO-15145,Jack O'Briant,Corporate,United States,Richmond,Kentucky,40475
PL-18925,Paul Lucas,Home Office,United States,Los Angeles,California,90049
SM-20950,Suzanne McNair,Corporate,United States,Chicago,Illinois,60610
ND-18370,Natalie DeCherney,Consumer,United States,Portland,Oregon,97206
RD-19720,Roger Demir,Consumer,United States,New York City,New York,10024
LC-17050,Liz Carlisle,Consumer,United States,Medina,Ohio,44256
SH-20395,Shahid Hopkins,Consumer,United States,San Francisco,California,94122
SW-20755,Steven Ward,Corporate,United States,Seattle,Washington,98115
JK-16120,Julie Kriz,Home Office,United States,Fort Lauderdale,Florida,33311
PO-18850,Patrick O'Brill,Consumer,United States,Irving,Texas,75061
SH-20395,Shahid Hopkins,Consumer,United States,Jacksonville,North Carolina,28540
TC-21535,Tracy Collins,Home Office,United States,Los Angeles,California,90049
DM-13345,Denise Monton,Corporate,United States,Orange,New Jersey,07050
SG-20605,Speros Goranitis,Consumer,United States,New York City,New York,10009
AT-10735,Annie Thurman,Consumer,United States,Nashville,Tennessee,37211
MS-17770,Maxwell Schwartz,Consumer,United States,Lancaster,Pennsylvania,17602
RP-19390,Resi Pölking,Consumer,United States,Fairfield,Connecticut,06824
SP-20650,Stephanie Phelps,Corporate,United States,Omaha,Nebraska,68104
NM-18445,Nathan Mautz,Home Office,United States,New York City,New York,10024
MS-17530,MaryBeth Skach,Consumer,United States,San Diego,California,92037
WB-21850,William Brown,Consumer,United States,Los Angeles,California,90045
ON-18715,Odella Nelson,Corporate,United States,Cary,North Carolina,27511
TH-21235,Tiffany House,Corporate,United States,Long Beach,California,90805
SZ-20035,Sam Zeldin,Home Office,United States,New York City,New York,10011
BG-11035,Barry Gonzalez,Consumer,United States,Hampton,Virginia,23666
DE-13255,Deanra Eno,Home Office,United States,Los Angeles,California,90008
MD-17350,Maribeth Dona,Consumer,United States,Philadelphia,Pennsylvania,19143
SR-20740,Steven Roelle,Home Office,United States,Arlington,Virginia,22204
GA-14515,George Ashbrook,Consumer,United States,Columbus,Georgia,31907
SC-20725,Steven Cartwright,Consumer,United States,Houston,Texas,77070
MS-17365,Maribeth Schnelling,Consumer,United States,Wausau,Wisconsin,54401
TB-21595,Troy Blackwell,Consumer,United States,Portland,Oregon,97206
TC-20980,Tamara Chand,Corporate,United States,Houston,Texas,77041
LH-16900,Lena Hernandez,Consumer,United States,San Francisco,California,94110
BP-11095,Bart Pistole,Corporate,United States,New York City,New York,10024
EB-13870,Emily Burns,Consumer,United States,Redding,California,96003
JP-15520,Jeremy Pistek,Consumer,United States,San Francisco,California,94110
BF-11215,Benjamin Farhat,Home Office,United States,New York City,New York,10035
SC-20020,Sam Craven,Consumer,United States,Midland,Michigan,48640
RD-19900,Ruben Dartt,Consumer,United States,San Diego,California,92037
TS-21430,Tom Stivers,Corporate,United States,Reading,Pennsylvania,19601
TZ-21580,Tracy Zic,Consumer,United States,Louisville,Colorado,80027
AP-10915,Arthur Prichep,Consumer,United States,Los Angeles,California,90008
BH-11710,Brosina Hoffman,Consumer,United States,Chicago,Illinois,60653
MA-17560,Matt Abelman,Home Office,United States,Los Angeles,California,90004
MZ-17515,Mary Zewe,Corporate,United States,Seattle,Washington,98115
KD-16270,Karen Daniels,Consumer,United States,Houston,Texas,77095
KN-16705,Kristina Nunn,Home Office,United States,New Rochelle,New York,10801
PK-19075,Pete Kriz,Consumer,United States,Madison,Wisconsin,53711
DB-12970,Darren Budd,Corporate,United States,Houston,Texas,77036
DP-13000,Darren Powers,Consumer,United States,Carrollton,Texas,75007
JA-15970,Joseph Airdo,Consumer,United States,Los Angeles,California,90045
DM-13345,Denise Monton,Corporate,United States,Asheville,North Carolina,28806
RF-19840,Roy Französisch,Consumer,United States,San Antonio,Texas,78207
RM-19675,Robert Marley,Home Office,United States,New York City,New York,10011
JL-15505,Jeremy Lonsdale,Consumer,United States,Midland,Michigan,48640
ML-17410,Maris LaWare,Consumer,United States,Fairfield,Connecticut,06824
CC-12220,Chris Cortes,Consumer,United States,Chesapeake,Virginia,23320
CM-11815,Candace McMahon,Corporate,United States,Pasadena,Texas,77506
SS-20410,Shahid Shariari,Consumer,United States,Los Angeles,California,90008
JF-15190,Jamie Frazer,Consumer,United States,Johnson City,Tennessee,37604
PB-19105,Peter Bühler,Consumer,United States,Houston,Texas,77095
SC-20260,Scott Cohen,Corporate,United States,San Francisco,California,94110
JD-16150,Justin Deggeller,Corporate,United States,Los Angeles,California,90008
AB-10165,Alan Barnes,Consumer,United States,Decatur,Illinois,62521
SR-20740,Steven Roelle,Home Office,United States,Bloomington,Indiana,47401
AH-10075,Adam Hart,Corporate,United States,Huntington Beach,California,92646
RH-19510,Rick Huthwaite,Home Office,United States,Manhattan,Kansas,66502
GT-14710,Greg Tran,Consumer,United States,Buffalo,New York,14215
MP-17470,Mark Packer,Home Office,United States,Moorhead,Minnesota,56560
RB-19330,Randy Bradley,Consumer,United States,Philadelphia,Pennsylvania,19143
YC-21895,Yoseph Carroll,Corporate,United States,Newark,Delaware,19711
TS-21205,Thomas Seio,Corporate,United States,San Francisco,California,94109
CB-12025,Cassandra Brandow,Consumer,United States,Cedar Hill,Texas,75104
FG-14260,Frank Gastineau,Home Office,United States,New York City,New York,10024
JK-15730,Joe Kamberova,Consumer,United States,Des Plaines,Illinois,60016
MK-17905,Michael Kennedy,Corporate,United States,Franklin,Wisconsin,53132
CS-11950,Carlos Soltero,Consumer,United States,Philadelphia,Pennsylvania,19140
MH-17785,Maya Herman,Corporate,United States,Seattle,Washington,98105
PW-19240,Pierre Wener,Consumer,United States,Louisville,Colorado,80027
AB-10600,Ann Blume,Corporate,United States,Chicago,Illinois,60623
MS-17530,MaryBeth Skach,Consumer,United States,Fairfield,Ohio,45014
JG-15805,John Grady,Corporate,United States,Provo,Utah,84604
JC-16105,Julie Creighton,Corporate,United States,Minneapolis,Minnesota,55407
GR-14560,Georgia Rosenberg,Corporate,United States,Wilmington,Delaware,19805
DB-13360,Dennis Bolton,Home Office,United States,Salt Lake City,Utah,84106
AD-10180,Alan Dominguez,Home Office,United States,Philadelphia,Pennsylvania,19134
MW-18220,Mitch Webber,Consumer,United States,Coon Rapids,Minnesota,55433
RM-19675,Robert Marley,Home Office,United States,Monroe,Louisiana,71203
RD-19900,Ruben Dartt,Consumer,United States,Philadelphia,Pennsylvania,19120
JM-15865,John Murray,Consumer,United States,Jamestown,New York,14701
KH-16330,Katharine Harms,Corporate,United States,New York City,New York,10024
DH-13075,Dave Hallsten,Corporate,United States,Richmond,Kentucky,40475
JK-15325,Jason Klamczynski,Corporate,United States,Dallas,Texas,75220
SC-20680,Steve Carroll,Home Office,United States,San Francisco,California,94110
GR-14560,Georgia Rosenberg,Corporate,United States,San Francisco,California,94110
RA-19885,Ruben Ausman,Corporate,United States,Columbus,Georgia,31907
EH-14185,Evan Henry,Consumer,United States,Pasadena,Texas,77506
TC-21475,Tony Chapman,Home Office,United States,Bolingbrook,Illinois,60440
RB-19645,Robert Barroso,Corporate,United States,Atlanta,Georgia,30318
SP-20920,Susan Pistek,Consumer,United States,Los Angeles,California,90036
SC-20095,Sanjit Chand,Consumer,United States,Los Angeles,California,90004
DK-12835,Damala Kotsonis,Corporate,United States,Houston,Texas,77095
SS-20140,Saphhira Shifley,Corporate,United States,Mesquite,Texas,75150
BT-11440,Bobby Trafton,Consumer,United States,Detroit,Michigan,48227
SM-20005,Sally Matthias,Consumer,United States,Scottsdale,Arizona,85254
PB-19210,Phillip Breyer,Corporate,United States,Philadelphia,Pennsylvania,19134
ED-13885,Emily Ducich,Home Office,United States,Houston,Texas,77036
MY-18295,Muhammed Yedwab,Corporate,United States,Columbus,Ohio,43229
EH-13990,Erica Hackney,Consumer,United States,Sacramento,California,95823
VG-21790,Vivek Gonzalez,Consumer,United States,San Diego,California,92037
HP-14815,Harold Pawlan,Home Office,United States,Virginia Beach,Virginia,23464
TH-21100,Thea Hendricks,Consumer,United States,Toledo,Ohio,43615
NG-18355,Nat Gilpin,Corporate,United States,Jackson,Michigan,49201
NG-18430,Nathan Gelder,Consumer,United States,Cincinnati,Ohio,45231
AT-10435,Alyssa Tate,Home Office,United States,Akron,Ohio,44312
HR-14830,Harold Ryan,Corporate,United States,Seattle,Washington,98103
DK-12985,Darren Koutras,Consumer,United States,Chicago,Illinois,60610
RB-19435,Richard Bierner,Consumer,United States,Saint Louis,Missouri,63116
JP-11135,James Peterman,Corporate,Canada,St. John's,Newfoundland and Labrador,A0A
MP-18175,Mike Pelletier,Home Office,United States,New York City,New York,10009
RB-19435,Richard Bierner,Consumer,United States,Los Angeles,California,90004
MC-17590,Matt Collister,Corporate,United States,Arlington,Texas,76017
AR-10540,Andy Reiter,Consumer,United States,Woonsocket,Rhode Island,02895
LW-16825,Laurel Workman,Corporate,United States,Brentwood,California,94513
SE-20110,Sanjit Engle,Consumer,United States,Springfield,Oregon,97477
JE-15745,Joel Eaton,Consumer,United States,Houston,Texas,77070
LS-17200,Luke Schmidt,Corporate,United States,Fresno,California,93727
LS-17245,Lynn Smith,Consumer,United States,Utica,New York,13501
LS-16975,Lindsay Shagiari,Home Office,United States,San Francisco,California,94109
NW-18400,Natalie Webber,Consumer,United States,Tigard,Oregon,97224
JO-15145,Jack O'Briant,Corporate,United States,Buffalo,New York,14215
MS-17770,Maxwell Schwartz,Consumer,United States,New York City,New York,10035
DH-13675,Duane Huffman,Home Office,United States,San Francisco,California,94122
CS-12250,Chris Selesnick,Corporate,United States,Columbia,South Carolina,29203
SG-20470,Sheri Gordon,Consumer,United States,San Francisco,California,94109
BF-11080,Bart Folk,Consumer,United States,Montgomery,Alabama,36116
MO-17500,Mary O'Rourke,Consumer,United States,Freeport,New York,11520
MC-17635,Matthew Clasen,Corporate,United States,Richmond,Indiana,47374
BT-11680,Brian Thompson,Consumer,United States,Houston,Texas,77041
BS-11380,Bill Stewart,Corporate,United States,Skokie,Illinois,60076
AH-10210,Alan Hwang,Consumer,United States,San Francisco,California,94122
Co-12640,Corey-Lock,Consumer,United States,Philadelphia,Pennsylvania,19143
PB-19150,Philip Brown,Consumer,United States,New York City,New York,10009
RF-19345,Randy Ferguson,Corporate,United States,Orlando,Florida,32839
JL-15505,Jeremy Lonsdale,Consumer,United States,Mount Vernon,New York,10550
PB-19150,Philip Brown,Consumer,United States,Avondale,Arizona,85323
JK-15730,Joe Kamberova,Consumer,United States,Columbus,Ohio,43229
RP-19390,Resi Pölking,Consumer,United States,Madison,Wisconsin,53711
MC-17605,Matt Connell,Corporate,United States,Houston,Texas,77070
TR-21325,Toby Ritter,Consumer,United States,San Francisco,California,94122
AA-10645,Anna Andreadi,Consumer,United States,Lowell,Massachusetts,01852
TB-21280,Toby Braunhardt,Consumer,United States,Jacksonville,North Carolina,28540
DP-13165,David Philippe,Consumer,United States,New York City,New York,10035
ON-18715,Odella Nelson,Corporate,United States,Clinton,Maryland,20735
MD-17860,Michael Dominguez,Corporate,United States,Corpus Christi,Texas,78415
MC-17575,Matt Collins,Consumer,United States,Chicago,Illinois,60623
EM-13825,Elizabeth Moffitt,Corporate,United States,Sandy Springs,Georgia,30328
KN-16390,Katherine Nockton,Corporate,United States,Columbus,Ohio,43229
MK-19560,Michael Knudson,Corporate,Canada,Moncton,New Brunswick,E1A
MC-17635,Matthew Clasen,Corporate,United States,Saint Louis,Missouri,63116
NG-18430,Nathan Gelder,Consumer,United States,Oklahoma City,Oklahoma,73120
CP-12085,Cathy Prescott,Corporate,United States,New York City,New York,10024
TZ-21580,Tracy Zic,Consumer,Canada,Vancouver,British Columbia,V6B
JB-15925,Joni Blumstein,Consumer,United States,Los Angeles,California,90032
BS-11590,Brendan Sweed,Corporate,United States,Gilbert,Arizona,85234
RL-19615,Rob Lucas,Consumer,United States,Los Angeles,California,90045
EA-14035,Erin Ashbrook,Corporate,United States,Columbus,Ohio,43229
NB-18655,Nona Balk,Corporate,United States,Philadelphia,Pennsylvania,19134
RC-19825,Roy Collins,Consumer,United States,Alexandria,Virginia,22304
DK-13150,David Kendrick,Corporate,United States,Decatur,Illinois,62521
BK-11260,Berenike Kampe,Consumer,United States,Chicago,Illinois,60610
LF-17185,Luke Foster,Consumer,United States,Houston,Texas,77095
RC-19960,Ryan Crowe,Consumer,United States,Springfield,Oregon,97477
BG-11035,Barry Gonzalez,Consumer,United States,Memphis,Tennessee,38109
RS-19765,Roland Schwarz,Corporate,United States,Los Angeles,California,90008
FP-14320,Frank Preis,Consumer,United States,Los Angeles,California,90049
EH-14005,Erica Hernandez,Home Office,United States,San Francisco,California,94109
PO-18850,Patrick O'Brill,Consumer,United States,Virginia Beach,Virginia,23464
AS-10630,Ann Steele,Home Office,United States,Seattle,Washington,98103
JK-15625,Jim Karlsson,Consumer,United States,Olympia,Washington,98502
DJ-13420,Denny Joy,Corporate,United States,San Francisco,California,94110
TB-21250,Tim Brockman,Consumer,United States,Salem,Oregon,97301
TB-21175,Thomas Boland,Corporate,United States,Houston,Texas,77041
TS-21205,Thomas Seio,Corporate,United States,Chicago,Illinois,60653
FP-14320,Frank Preis,Consumer,United States,Philadelphia,Pennsylvania,19134
VP-21760,Victoria Pisteka,Corporate,United States,Brownsville,Texas,78521
CK-12760,Cyma Kinney,Corporate,United States,San Francisco,California,94122
DM-12955,Dario Medina,Corporate,United States,Mesa,Arizona,85204
SH-19975,Sally Hughsby,Corporate,United States,Caldwell,Idaho,83605
SM-20005,Sally Matthias,Consumer,United States,New York City,New York,10009
NP-18700,Nora Preis,Consumer,United States,Fresno,California,93727
LH-17155,Logan Haushalter,Consumer,United States,Oakland,California,94601
WB-21850,William Brown,Consumer,United States,Concord,California,94521
CY-12745,Craig Yedwab,Corporate,United States,San Antonio,Texas,78207
PB-19150,Philip Brown,Consumer,United States,Miami,Florida,33178
RF-19345,Randy Ferguson,Corporate,United States,Phoenix,Arizona,85023
EB-13840,Ellis Ballard,Corporate,United States,Chicago,Illinois,60623
KC-16675,Kimberly Carter,Corporate,United States,Henderson,Kentucky,42420
KD-16345,Katherine Ducich,Consumer,United States,Los Angeles,California,90049
RA-19285,Ralph Arnett,Consumer,United States,Houston,Texas,77070
BM-11785,Bryan Mills,Consumer,United States,Deltona,Florida,32725
SS-20875,Sung Shariari,Consumer,United States,Marion,Ohio,43302
JD-16015,Joy Daniels,Consumer,United States,Chicago,Illinois,60610
CS-11845,Cari Sayre,Corporate,United States,Chicago,Illinois,60623
TB-21400,Tom Boeckenhauer,Consumer,United States,New York City,New York,10024
BF-11170,Ben Ferrer,Home Office,Canada,Toronto,Ontario,M3C
EB-13705,Ed Braxton,Corporate,United States,Philadelphia,Pennsylvania,19140
MC-18100,Mick Crebagga,Consumer,United States,El Paso,Texas,79907
SP-20860,Sung Pak,Corporate,United States,Chicago,Illinois,60623
JO-15280,Jas O'Carroll,Consumer,United States,San Diego,California,92037
KB-16585,Ken Black,Corporate,United States,Hialeah,Florida,33012
SH-20635,Stefanie Holloman,Corporate,United States,Sacramento,California,95823
CC-12100,Chad Cunningham,Home Office,United States,Los Angeles,California,90049
SC-20305,Sean Christensen,Consumer,United States,Beaumont,Texas,77705
EJ-13720,Ed Jacobs,Consumer,United States,Huntsville,Texas,77340
LE-16810,Laurel Elliston,Consumer,United States,Springfield,Virginia,22153
KN-16450,Kean Nguyen,Corporate,United States,Jacksonville,Florida,32216
SC-20695,Steve Chapman,Corporate,United States,Detroit,Michigan,48227
RF-19840,Roy Französisch,Consumer,United States,Columbus,Georgia,31907
EC-14050,Erin Creighton,Consumer,United States,Columbus,Ohio,43229
IM-15070,Irene Maddox,Consumer,United States,Florence,Alabama,35630
MK-18160,Mike Kennedy,Consumer,United States,Jacksonville,Florida,32216
BP-11095,Bart Pistole,Corporate,United States,Los Angeles,California,90008
SG-20605,Speros Goranitis,Consumer,United States,Chicago,Illinois,60623
TS-21505,Tony Sayre,Consumer,United States,Columbia,Tennessee,38401
CT-11995,Carol Triggs,Consumer,United States,Tucson,Arizona,85705
SM-20950,Suzanne McNair,Corporate,United States,New York City,New York,10035
MH-17455,Mark Hamilton,Consumer,United States,Hamilton,Ohio,45011
PS-19045,Penelope Sewall,Home Office,United States,Harrisonburg,Virginia,22801
WB-21850,William Brown,Consumer,United States,Grand Prairie,Texas,75051
MC-17845,Michael Chen,Consumer,United States,Los Angeles,California,90008
AB-10105,Adrian Barton,Consumer,United States,Indianapolis,Indiana,46203
KH-16510,Keith Herrera,Consumer,United States,Seattle,Washington,98103
TC-21295,Toby Carlisle,Consumer,United States,Thornton,Colorado,80229
AB-10165,Alan Barnes,Consumer,Canada,Vancouver,British Columbia,V5K
GM-14440,Gary McGarr,Consumer,United States,San Diego,California,92024
DP-13390,Dennis Pardue,Home Office,United States,Columbia,Tennessee,38401
JC-15775,John Castell,Consumer,United States,Newark,Delaware,19711
KM-16660,Khloe Miller,Consumer,United States,San Jose,California,95123
NP-18700,Nora Preis,Consumer,United States,Chicago,Illinois,60623
TW-21025,Tamara Willingham,Home Office,United States,New York City,New York,10011
BT-11530,Bradley Talbott,Home Office,United States,New York City,New York,10024
CC-12670,Craig Carreira,Consumer,United States,Tampa,Florida,33614
TH-21235,Tiffany House,Corporate,United States,New York City,New York,10024
SF-20200,Sarah Foster,Consumer,United States,Richmond,Indiana,47374
ME-18010,Michelle Ellison,Corporate,United States,Port Arthur,Texas,77642
JC-16105,Julie Creighton,Corporate,United States,Los Angeles,California,90045
BF-11170,Ben Ferrer,Home Office,United States,Los Angeles,California,90045
RP-19390,Resi Pölking,Consumer,United States,Cleveland,Ohio,44105
AS-10090,Adam Shillingsburg,Consumer,United States,San Diego,California,92037
LF-17185,Luke Foster,Consumer,United States,Miami,Florida,33180
KL-16555,Kelly Lampkin,Corporate,United States,Colorado Springs,Colorado,80906
AD-10180,Alan Dominguez,Home Office,United States,Houston,Texas,77041
CK-12595,Clytie Kelty,Consumer,United States,San Diego,California,92024
MG-17695,Maureen Gnade,Consumer,United States,Philadelphia,Pennsylvania,19134
AY-10555,Andy Yotov,Corporate,United States,Philadelphia,Pennsylvania,19140
CA-12265,Christina Anderson,Consumer,United States,Chicago,Illinois,60610
TB-21520,Tracy Blumstein,Consumer,United States,New York City,New York,10009
TB-21190,Thomas Brumley,Home Office,United States,New York City,New York,10011
JF-15490,Jeremy Farry,Consumer,United States,San Francisco,California,94122
Co-12640,Corey-Lock,Consumer,United States,Skokie,Illinois,60076
KB-16315,Karl Braun,Consumer,United States,Cleveland,Ohio,44105
CD-12790,Cynthia Delaney,Home Office,United States,Moreno Valley,California,92553
NC-18415,Nathan Cano,Consumer,United States,Fort Worth,Texas,76106
RP-19390,Resi Pölking,Consumer,United States,Phoenix,Arizona,85023
AT-10435,Alyssa Tate,Home Office,United States,Los Angeles,California,90004
TC-20980,Tamara Chand,Corporate,United States,Decatur,Alabama,35601
AJ-10780,Anthony Jacobs,Corporate,United States,Beverly,Massachusetts,01915
SP-20860,Sung Pak,Corporate,United States,Philadelphia,Pennsylvania,19143
MD-17350,Maribeth Dona,Consumer,United States,Anaheim,California,92804
ZC-21910,Zuschuss Carroll,Consumer,United States,Chicago,Illinois,60610
AJ-10795,Anthony Johnson,Corporate,United States,San Francisco,California,94110
MG-17890,Michael Granlund,Home Office,United States,Saint Charles,Illinois,60174
RE-19405,Ricardo Emerson,Consumer,United States,Kent,Ohio,44240
AI-10855,Arianne Irving,Consumer,United States,Brentwood,California,94513
DC-13285,Debra Catini,Consumer,United States,Cottage Grove,Minnesota,55016
ST-20530,Shui Tom,Consumer,United States,Albuquerque,New Mexico,87105
BG-18435,Bruce Galang,Consumer,Canada,Quebec City,Quebec,G1B
AR-10345,Alex Russell,Corporate,United States,Philadelphia,Pennsylvania,19143
AJ-10960,Astrea Jones,Consumer,United States,New York City,New York,10035
KB-16600,Ken Brennan,Corporate,United States,Taylor,Michigan,48180
SP-20620,Stefania Perrino,Corporate,United States,Laredo,Texas,78041
MF-17665,Maureen Fritzler,Corporate,United States,Phoenix,Arizona,85023
DD-13570,Dorothy Dickinson,Consumer,United States,Memphis,Tennessee,38109
GA-14725,Guy Armstrong,Consumer,United States,Philadelphia,Pennsylvania,19120
HO-15230,Harry Olson,Consumer,Canada,Charlottetown,Prince Edward Island,C0A
KM-16375,Katherine Murray,Home Office,United States,Providence,Rhode Island,02908
PC-18745,Pamela Coakley,Corporate,United States,Watertown,New York,13601
GM-14455,Gary Mitchum,Home Office,United States,Franklin,Massachusetts,02038
RW-19630,Rob Williams,Corporate,United States,Columbia,Missouri,65203
CM-11815,Candace McMahon,Corporate,United States,El Paso,Texas,79907
AH-10030,Aaron Hawkins,Corporate,United States,New York City,New York,10035
JL-15175,James Lanier,Home Office,United States,Reno,Nevada,89502
VW-21775,Victoria Wilson,Corporate,United States,Medina,Ohio,44256
CB-12535,Claudia Bergmann,Corporate,United States,Newark,Delaware,19711
AH-10465,Amy Hunt,Consumer,United States,Dallas,Texas,75217
SF-20965,Sylvia Foulston,Corporate,United States,Baytown,Texas,77520
AG-10495,Andrew Gjertsen,Corporate,United States,Alexandria,Virginia,22304
CS-12250,Chris Selesnick,Corporate,United States,Woodbury,Minnesota,55125
SR-20740,Steven Roelle,Home Office,United States,Seattle,Washington,98103
JL-15175,James Lanier,Home Office,United States,San Francisco,California,94110
BG-11695,Brooke Gillingham,Corporate,United States,New York City,New York,10009
SP-20620,Stefania Perrino,Corporate,United States,Colorado Springs,Colorado,80906
CC-12685,Craig Carroll,Consumer,United States,Henderson,Kentucky,42420
MM-17920,Michael Moore,Consumer,United States,New York City,New York,10011
CS-12490,Cindy Schnelling,Corporate,United States,Toledo,Ohio,43615
YS-21880,Yana Sorensen,Corporate,United States,Newark,Delaware,19711
PB-19150,Philip Brown,Consumer,United States,Los Angeles,California,90004
KS-16300,Karen Seio,Corporate,United States,Columbus,Georgia,31907
JS-15940,Joni Sundaresam,Home Office,United States,Park Ridge,Illinois,60068
SC-20260,Scott Cohen,Corporate,United States,Lawrence,Massachusetts,01841
AH-10465,Amy Hunt,Consumer,United States,Bartlett,Tennessee,38134
SC-20260,Scott Cohen,Corporate,Canada,Montreal,Quebec,H1A
PM-18940,Paul MacIntyre,Consumer,United States,Texas City,Texas,77590
CW-11905,Carl Weiss,Home Office,United States,Bozeman,Montana,59715
CR-12820,Cyra Reiten,Home Office,United States,West Palm Beach,Florida,33407
EM-13825,Elizabeth Moffitt,Corporate,United States,Moreno Valley,California,92553
SV-20365,Seth Vernon,Consumer,United States,Cleveland,Ohio,44105
SC-20305,Sean Christensen,Consumer,United States,Los Angeles,California,90036
JH-15985,Joseph Holt,Consumer,United States,Concord,North Carolina,28027
CC-12145,Charles Crestani,Consumer,United States,Los Angeles,California,90049
JP-15520,Jeremy Pistek,Consumer,United States,Houston,Texas,77070
KB-16315,Karl Braun,Consumer,United States,Minneapolis,Minnesota,55407
PW-19030,Pauline Webber,Corporate,United States,Rome,New York,13440
AA-10375,Allen Armold,Consumer,United States,Omaha,Nebraska,68104
RW-19540,Rick Wilson,Corporate,United States,Los Angeles,California,90008
KH-16630,Ken Heidel,Corporate,United States,Pleasant Grove,Utah,84062
FO-14305,Frank Olsen,Consumer,United States,Columbus,Georgia,31907
IL-15100,Ivan Liston,Consumer,United States,Wilmington,Delaware,19805
VW-21775,Victoria Wilson,Corporate,United States,Bellevue,Washington,98006
TS-21655,Trudy Schmidt,Consumer,United States,Houston,Texas,77070
LO-17170,Lori Olson,Corporate,United States,Suffolk,Virginia,23434
DK-12835,Damala Kotsonis,Corporate,United States,Springfield,Virginia,22153
BH-11710,Brosina Hoffman,Consumer,United States,Garden City,Kansas,67846
LH-17020,Lisa Hazard,Consumer,United States,Columbus,Ohio,43229
SJ-20215,Sarah Jordon,Consumer,United States,Los Angeles,California,90049
FA-14230,Frank Atkinson,Corporate,United States,San Antonio,Texas,78207
MS-17980,Michael Stewart,Corporate,United States,Dallas,Texas,75220
JF-15565,Jill Fjeld,Consumer,United States,Decatur,Illinois,62521
NB-18655,Nona Balk,Corporate,United States,Philadelphia,Pennsylvania,19143
KB-16315,Karl Braun,Consumer,United States,Akron,Ohio,44312
TT-21070,Ted Trevino,Consumer,United States,Rochester,New York,14609
JM-16195,Justin MacKendrick,Consumer,United States,Los Angeles,California,90004
RP-19855,Roy Phan,Corporate,United States,Kenosha,Wisconsin,53142
RD-19585,Rob Dowd,Consumer,United States,Los Angeles,California,90008
SP-20860,Sung Pak,Corporate,United States,Dover,New Hampshire,03820
GT-14755,Guy Thornton,Consumer,United States,Long Beach,California,90805
AB-10600,Ann Blume,Corporate,United States,Los Angeles,California,90004
KA-16525,Kelly Andreada,Consumer,United States,Perth Amboy,New Jersey,08861
LM-17065,Liz MacKendrick,Consumer,United States,Hot Springs,Arkansas,71901
PW-19240,Pierre Wener,Consumer,United States,Columbia,Maryland,21044
JE-15715,Joe Elijah,Consumer,United States,Las Cruces,New Mexico,88001
PS-19045,Penelope Sewall,Home Office,United States,Sterling Heights,Michigan,48310
LC-16960,Lindsay Castell,Home Office,United States,New York City,New York,10024
SS-20875,Sung Shariari,Consumer,United States,Leominster,Massachusetts,01453
ES-14080,Erin Smith,Corporate,United States,Providence,Rhode Island,02908
BT-11395,Bill Tyler,Corporate,United States,Altoona,Pennsylvania,16602
NP-18670,Nora Paige,Consumer,United States,Seattle,Washington,98105
VD-21670,Valerie Dominguez,Consumer,United States,Columbia,Tennessee,38401
CM-12715,Craig Molinari,Corporate,United States,Houston,Texas,77070
DH-13075,Dave Hallsten,Corporate,United States,Los Angeles,California,90045
RP-19390,Resi Pölking,Consumer,United States,Philadelphia,Pennsylvania,19120
ST-20530,Shui Tom,Consumer,United States,Macon,Georgia,31204
TP-21565,Tracy Poddar,Corporate,United States,Coppell,Texas,75019
DK-13090,Dave Kipp,Consumer,United States,Seattle,Washington,98103
PA-19060,Pete Armstrong,Home Office,United States,Richmond,Indiana,47374
LF-17185,Luke Foster,Consumer,United States,New York City,New York,10011
AH-10195,Alan Haines,Corporate,United States,Bethlehem,Pennsylvania,18018
MS-17365,Maribeth Schnelling,Consumer,United States,Chicago,Illinois,60653
SF-20200,Sarah Foster,Consumer,United States,New Castle,Indiana,47362
KN-16390,Katherine Nockton,Corporate,United States,Philadelphia,Pennsylvania,19120
JJ-15445,Jennifer Jackson,Consumer,United States,Chicago,Illinois,60623
MV-18190,Mike Vittorini,Consumer,United States,Houston,Texas,77036
JL-15850,John Lucas,Consumer,United States,San Francisco,California,94122
EM-14140,Eugene Moren,Home Office,United States,Newark,Delaware,19711
DK-12895,Dana Kaydos,Consumer,United States,Kenosha,Wisconsin,53142
FC-14335,Fred Chung,Corporate,United States,Pueblo,Colorado,81001
FO-14305,Frank Olsen,Consumer,United States,Chicago,Illinois,60623
AR-10825,Anthony Rawles,Corporate,United States,Long Beach,New York,11561
TG-21310,Toby Gnade,Consumer,United States,Raleigh,North Carolina,27604
NS-18640,Noel Staavos,Corporate,United States,San Antonio,Texas,78207
TS-21340,Toby Swindell,Consumer,United States,Houston,Texas,77041
KB-16585,Ken Black,Corporate,United States,Clinton,Maryland,20735
EB-13750,Edward Becker,Corporate,United States,Plantation,Florida,33317
EB-14170,Evan Bailliet,Consumer,United States,Charlotte,North Carolina,28205
MC-17275,Marc Crier,Consumer,United States,Seattle,Washington,98103
NF-18595,Nicole Fjeld,Home Office,United States,Chico,California,95928
EP-13915,Emily Phan,Consumer,United States,Dover,New Hampshire,03820
AI-10855,Arianne Irving,Consumer,United States,Roseville,California,95661
KS-16300,Karen Seio,Corporate,United States,Lehi,Utah,84043
MF-18250,Monica Federle,Corporate,United States,Los Angeles,California,90036
JE-15475,Jeremy Ellison,Consumer,United States,Seattle,Washington,98103
CM-12385,Christopher Martinez,Consumer,United States,Atlanta,Georgia,30318
JK-15640,Jim Kriz,Home Office,United States,New York City,New York,10009
MS-17710,Maurice Satty,Consumer,United States,Auburn,Alabama,36830
MS-17980,Michael Stewart,Corporate,United States,New York City,New York,10009
HR-14830,Harold Ryan,Corporate,United States,New York City,New York,10009
CM-12655,Corinna Mitchell,Home Office,United States,Houston,Texas,77041
BK-11260,Berenike Kampe,Consumer,United States,San Bernardino,California,92404
GA-14725,Guy Armstrong,Consumer,United States,Lancaster,California,93534
DC-12850,Dan Campbell,Consumer,United States,North Miami,Florida,33161
MC-18130,Mike Caudle,Corporate,United States,Los Angeles,California,90004
FH-14365,Fred Hopkins,Corporate,United States,Seattle,Washington,98115
JO-15550,Jesus Ocampo,Home Office,United States,Seattle,Washington,98105
JK-15730,Joe Kamberova,Consumer,United States,Carrollton,Texas,75007
DH-13075,Dave Hallsten,Corporate,United States,New York City,New York,10035
BW-11110,Bart Watters,Corporate,United States,Milwaukee,Wisconsin,53209
BM-11785,Bryan Mills,Consumer,United States,Salem,Oregon,97301
JW-16075,Julia West,Consumer,United States,Jacksonville,North Carolina,28540
JD-16150,Justin Deggeller,Corporate,United States,San Diego,California,92037
FW-14395,Fred Wasserman,Corporate,United States,Huntsville,Alabama,35810
DB-13210,Dean Braden,Consumer,United States,Houston,Texas,77041
DC-13285,Debra Catini,Consumer,United States,Plantation,Florida,33317
RD-19900,Ruben Dartt,Consumer,United States,Thousand Oaks,California,91360
JD-16060,Julia Dunbar,Consumer,United States,Houston,Texas,77095
SG-20470,Sheri Gordon,Consumer,United States,Florence,South Carolina,29501
BP-11095,Bart Pistole,Corporate,United States,Los Angeles,California,90049
AM-10360,Alice McCarthy,Corporate,United States,Los Angeles,California,90008
DP-13390,Dennis Pardue,Home Office,United States,Peoria,Illinois,61604
CP-12085,Cathy Prescott,Corporate,United States,Covington,Washington,98042
BP-11185,Ben Peterman,Corporate,United States,Coral Springs,Florida,33065
EB-13840,Ellis Ballard,Corporate,United States,Seattle,Washington,98103
SM-20950,Suzanne McNair,Corporate,United States,New York City,New York,10009
BV-11245,Benjamin Venier,Corporate,United States,Miami,Florida,33142
GM-14500,Gene McClure,Consumer,United States,Philadelphia,Pennsylvania,19140
MV-17485,Mark Van Huff,Consumer,United States,Seattle,Washington,98115
JH-15820,John Huston,Consumer,United States,New York City,New York,10009
CK-12205,Chloris Kastensmidt,Consumer,United States,Philadelphia,Pennsylvania,19120
AB-10165,Alan Barnes,Consumer,United States,Los Angeles,California,90036
SL-20155,Sara Luxemburg,Home Office,United States,Jacksonville,Florida,32216
RB-19435,Richard Bierner,Consumer,United States,San Diego,California,92105
DO-13435,Denny Ordway,Consumer,United States,Seattle,Washington,98103
AS-10240,Alan Shonely,Consumer,United States,Springfield,Virginia,22153
CM-12115,Chad McGuire,Consumer,United States,New York City,New York,10024
DR-12940,Daniel Raglin,Home Office,United States,Normal,Illinois,61761
FC-14335,Fred Chung,Corporate,United States,Chicago,Illinois,60610
EB-13705,Ed Braxton,Corporate,United States,Houston,Texas,77095
SC-20260,Scott Cohen,Corporate,United States,Jacksonville,Florida,32216
MO-17950,Michael Oakman,Consumer,United States,Dallas,Texas,75220
CS-11845,Cari Sayre,Corporate,United States,Houston,Texas,77070
JD-15790,John Dryer,Consumer,United States,Los Angeles,California,90049
JL-15850,John Lucas,Consumer,United States,Mesa,Arizona,85204
NF-18595,Nicole Fjeld,Home Office,United States,New York City,New York,10009
NC-18340,Nat Carroll,Consumer,United States,Lansing,Michigan,48911
VT-21700,Valerie Takahito,Home Office,United States,Philadelphia,Pennsylvania,19143
CA-11965,Carol Adams,Corporate,United States,Los Angeles,California,90036
JF-15415,Jennifer Ferguson,Consumer,United States,Spokane,Washington,99207
GG-14650,Greg Guthrie,Corporate,United States,Bristol,Tennessee,37620
TT-21070,Ted Trevino,Consumer,United States,Philadelphia,Pennsylvania,19120
TT-21220,Thomas Thornton,Consumer,United States,Houston,Texas,77041
MH-17455,Mark Hamilton,Consumer,United States,Jacksonville,North Carolina,28540
PF-19120,Peter Fuller,Consumer,United States,San Antonio,Texas,78207
FM-14290,Frank Merwin,Home Office,United States,Philadelphia,Pennsylvania,19140
RP-19390,Resi Pölking,Consumer,United States,New York City,New York,10035
JK-15370,Jay Kimmel,Consumer,United States,Long Beach,California,90805
IG-15085,Ivan Gibson,Consumer,United States,Norwich,Connecticut,06360
MC-18100,Mick Crebagga,Consumer,United States,New York City,New York,10024
EH-14125,Eugene Hildebrand,Home Office,United States,Rochester,New York,14609
DM-12955,Dario Medina,Corporate,United States,Sacramento,California,95823
PR-18880,Patrick Ryan,Consumer,United States,Tampa,Florida,33614
SE-20110,Sanjit Engle,Consumer,United States,New York City,New York,10009
AR-10540,Andy Reiter,Consumer,United States,Los Angeles,California,90004
RD-19660,Robert Dilbeck,Home Office,United States,Seattle,Washington,98103
BT-11395,Bill Tyler,Corporate,United States,Los Angeles,California,90036
FP-14320,Frank Preis,Consumer,United States,Huntsville,Texas,77340
EB-14110,Eugene Barchas,Consumer,United States,Los Angeles,California,90045
ZC-21910,Zuschuss Carroll,Consumer,United States,Pomona,California,91767
SS-20590,Sonia Sunley,Consumer,United States,Norfolk,Nebraska,68701
HJ-14875,Heather Jas,Home Office,United States,Mesa,Arizona,85204
TH-21100,Thea Hendricks,Consumer,United States,Glendale,Arizona,85301
AW-10840,Anthony Witt,Consumer,United States,Farmington,New Mexico,87401
TP-21130,Theone Pippenger,Consumer,United States,Springfield,Oregon,97477
LL-16840,Lauren Leatherbury,Consumer,United States,Waynesboro,Virginia,22980
DM-13345,Denise Monton,Corporate,United States,New York City,New York,10024
TS-21160,Theresa Swint,Corporate,United States,Toledo,Ohio,43615
BN-11470,Brad Norvell,Corporate,United States,Philadelphia,Pennsylvania,19143
SB-20185,Sarah Brown,Consumer,United States,Evanston,Illinois,60201
GA-14515,George Ashbrook,Consumer,United States,San Francisco,California,94122
JM-15535,Jessica Myrick,Consumer,United States,New York City,New York,10035
MP-17965,Michael Paige,Corporate,United States,Mcallen,Texas,78501
DP-13000,Darren Powers,Consumer,United States,New Albany,Indiana,47150
RF-19735,Roland Fjeld,Consumer,United States,New York City,New York,10024
DE-13255,Deanra Eno,Home Office,United States,Los Angeles,California,90004
NC-18415,Nathan Cano,Consumer,United States,Santa Maria,California,93454
KW-16570,Kelly Williams,Consumer,United States,Monroe,Louisiana,71203
PG-18820,Patrick Gardner,Consumer,United States,Carrollton,Texas,75007
TS-21160,Theresa Swint,Corporate,United States,Columbus,Georgia,31907
OT-18730,Olvera Toch,Consumer,United States,Detroit,Michigan,48234
ES-14020,Erica Smith,Consumer,United States,Houston,Texas,77036
JK-16090,Juliana Krohn,Consumer,United States,Louisville,Kentucky,40214
AZ-10750,Annie Zypern,Consumer,United States,Los Angeles,California,90008
DB-13270,Deborah Brumfield,Home Office,United States,New York City,New York,10009
ZC-21910,Zuschuss Carroll,Consumer,United States,Aurora,Illinois,60505
TS-21655,Trudy Schmidt,Consumer,United States,Milwaukee,Wisconsin,53209
JL-15850,John Lucas,Consumer,United States,New York City,New York,10035
JS-15595,Jill Stevenson,Corporate,United States,Los Angeles,California,90045
LS-16945,Linda Southworth,Corporate,United States,Los Angeles,California,90004
JE-15745,Joel Eaton,Consumer,United States,Memphis,Tennessee,38109
BW-11110,Bart Watters,Corporate,United States,San Diego,California,92105
PW-19240,Pierre Wener,Consumer,United States,Houston,Texas,77036
SA-20830,Sue Ann Reed,Consumer,United States,Daytona Beach,Florida,32114
GT-14710,Greg Tran,Consumer,United States,Washington,District of Columbia,20016
TC-21475,Tony Chapman,Home Office,United States,Aurora,Colorado,80013
RA-19915,Russell Applegate,Consumer,United States,Houston,Texas,77095
SD-20485,Shirley Daniels,Home Office,United States,Midland,Michigan,48640
JK-15640,Jim Kriz,Home Office,United States,Philadelphia,Pennsylvania,19120
PS-18970,Paul Stevenson,Home Office,United States,Chicago,Illinois,60610
JW-15220,Jane Waco,Corporate,United States,Lawrence,Massachusetts,01841
KB-16585,Ken Black,Corporate,United States,San Francisco,California,94110
BP-11230,Benjamin Patterson,Consumer,United States,Troy,Ohio,45373
DB-13120,David Bremer,Corporate,United States,Tampa,Florida,33614
PO-18850,Patrick O'Brill,Consumer,United States,San Francisco,California,94109
JB-15400,Jennifer Braxton,Corporate,United States,Los Angeles,California,90008
NC-18625,Noah Childs,Corporate,United States,Houston,Texas,77095
SV-20785,Stewart Visinsky,Consumer,United States,Philadelphia,Pennsylvania,19140
JB-16045,Julia Barnett,Home Office,United States,Chula Vista,California,91911
LC-16870,Lena Cacioppo,Consumer,United States,San Francisco,California,94109
LA-16780,Laura Armstrong,Corporate,United States,Tinley Park,Illinois,60477
AS-10225,Alan Schoenberger,Corporate,United States,New York City,New York,10024
SV-20815,Stuart Van,Corporate,United States,Indianapolis,Indiana,46203
AH-10690,Anna Häberlin,Corporate,United States,Houston,Texas,77095
AG-10675,Anna Gayman,Consumer,United States,Allen,Texas,75002
CC-12220,Chris Cortes,Consumer,United States,Owensboro,Kentucky,42301
NW-18400,Natalie Webber,Consumer,United States,New York City,New York,10024
DL-12925,Daniel Lacy,Consumer,United States,Minneapolis,Minnesota,55407
CB-12535,Claudia Bergmann,Corporate,United States,Cuyahoga Falls,Ohio,44221
AA-10375,Allen Armold,Consumer,United States,Salem,Oregon,97301
AB-10255,Alejandro Ballentine,Home Office,United States,New York City,New York,10009
ME-17725,Max Engle,Consumer,United States,Louisville,Kentucky,40214
DP-13390,Dennis Pardue,Home Office,United States,Aurora,Illinois,60505
AB-10165,Alan Barnes,Consumer,United States,Louisville,Colorado,80027
PS-18970,Paul Stevenson,Home Office,United States,Phoenix,Arizona,85023
JG-15160,James Galang,Consumer,United States,Houston,Texas,77041
RO-19780,Rose O'Brian,Consumer,United States,Seattle,Washington,98115
CS-12505,Cindy Stewart,Consumer,United States,San Francisco,California,94122
AZ-10750,Annie Zypern,Consumer,United States,New York City,New York,10024
LT-16765,Larry Tron,Consumer,United States,Louisville,Colorado,80027
BF-11170,Ben Ferrer,Home Office,United States,Chicago,Illinois,60623
CB-12535,Claudia Bergmann,Corporate,United States,Camarillo,California,93010
JO-15550,Jesus Ocampo,Home Office,United States,Chester,Pennsylvania,19013
HG-15025,Hunter Glantz,Consumer,United States,Los Angeles,California,90032
AH-10690,Anna Häberlin,Corporate,United States,Roswell,Georgia,30076
FC-14335,Fred Chung,Corporate,United States,Philadelphia,Pennsylvania,19140
TH-21550,Tracy Hopkins,Home Office,United States,Jacksonville,Florida,32216
ON-18715,Odella Nelson,Corporate,United States,Houston,Texas,77095
DV-13465,Dianna Vittorini,Consumer,United States,Long Beach,New York,11561
AJ-10780,Anthony Jacobs,Corporate,United States,Los Angeles,California,90004
SG-20470,Sheri Gordon,Consumer,United States,Wilson,North Carolina,27893
JE-15745,Joel Eaton,Consumer,United States,Frankfort,Illinois,60423
HG-14965,Henry Goldwyn,Corporate,United States,Philadelphia,Pennsylvania,19143
ME-18010,Michelle Ellison,Corporate,United States,Seattle,Washington,98105
SB-20185,Sarah Brown,Consumer,United States,Los Angeles,California,90045
NM-18445,Nathan Mautz,Home Office,United States,Detroit,Michigan,48234
EB-13870,Emily Burns,Consumer,United States,Phoenix,Arizona,85023
EA-14035,Erin Ashbrook,Corporate,United States,Columbia,South Carolina,29203
KH-16690,Kristen Hastings,Corporate,United States,Woonsocket,Rhode Island,02895
VS-21820,Vivek Sundaresam,Consumer,United States,Naperville,Illinois,60540
NP-18685,Nora Pelletier,Home Office,United States,San Francisco,California,94109
JH-16180,Justin Hirsh,Consumer,United States,Pueblo,Colorado,81001
NM-18445,Nathan Mautz,Home Office,United States,Wichita,Kansas,67212
MM-18280,Muhammed MacIntyre,Corporate,United States,Haltom City,Texas,76117
CY-12745,Craig Yedwab,Corporate,United States,Columbia,Tennessee,38401
PS-18760,Pamela Stobb,Consumer,United States,San Antonio,Texas,78207
RD-19900,Ruben Dartt,Consumer,United States,Bellevue,Washington,98006
BF-11170,Ben Ferrer,Home Office,United States,Jacksonville,North Carolina,28540
KB-16315,Karl Braun,Consumer,United States,Freeport,New York,11520
NK-18490,Neil Knudson,Home Office,United States,Seattle,Washington,98105
MS-17770,Maxwell Schwartz,Consumer,United States,Rochester,New York,14609
TB-21625,Trudy Brown,Consumer,United States,Manchester,Connecticut,06040
VP-21760,Victoria Pisteka,Corporate,United States,Columbus,Ohio,43229
JL-15850,John Lucas,Consumer,United States,Seattle,Washington,98105
KB-16315,Karl Braun,Consumer,United States,Indianapolis,Indiana,46203
CC-12100,Chad Cunningham,Home Office,United States,Cleveland,Ohio,44105
EN-13780,Edward Nazzal,Consumer,United States,New York City,New York,10009
BD-11560,Brendan Dodson,Home Office,United States,Springfield,Virginia,22153
TM-21010,Tamara Manning,Consumer,United States,Orem,Utah,84057
BD-11320,Bill Donatelli,Consumer,United States,Minneapolis,Minnesota,55407
EM-13825,Elizabeth Moffitt,Corporate,United States,Paterson,New Jersey,07501
SC-20050,Sample Company A,Home Office,United States,Norwich,Connecticut,06360
JM-15265,Janet Molinari,Corporate,United States,Chicago,Illinois,60653
ML-18265,Muhammed Lee,Consumer,United States,Fayetteville,North Carolina,28314
CW-11905,Carl Weiss,Home Office,United States,Long Beach,New York,11561
SP-20650,Stephanie Phelps,Corporate,United States,San Jose,California,95123
KE-16420,Katrina Edelman,Corporate,United States,San Antonio,Texas,78207
AJ-10945,Ashley Jarboe,Consumer,United States,Detroit,Michigan,48227
CG-12040,Catherine Glotzbach,Home Office,United States,Los Angeles,California,90045
TC-21535,Tracy Collins,Home Office,United States,New York City,New York,10024
LL-16840,Lauren Leatherbury,Consumer,United States,Seattle,Washington,98105
BP-11155,Becky Pak,Consumer,United States,Los Angeles,California,90008
EB-13750,Edward Becker,Corporate,United States,Buffalo,New York,14215
BB-11545,Brenda Bowman,Corporate,United States,Saint Charles,Missouri,63301
HD-14785,Harold Dahlen,Home Office,United States,Philadelphia,Pennsylvania,19143
EM-13810,Eleni McCrary,Corporate,United States,Los Angeles,California,90036
AG-10495,Andrew Gjertsen,Corporate,United States,Saint Petersburg,Florida,33710
MG-17695,Maureen Gnade,Consumer,United States,Chicago,Illinois,60610
TG-21640,Trudy Glocke,Consumer,United States,Pocatello,Idaho,83201
AG-10765,Anthony Garverick,Home Office,United States,Hampton,Virginia,23666
MJ-17740,Max Jones,Consumer,United States,Miami,Florida,33178
NC-18415,Nathan Cano,Consumer,United States,Royal Oak,Michigan,48073
JE-15610,Jim Epp,Corporate,United States,Lakeland,Florida,33801
BD-11605,Brian Dahlen,Consumer,United States,Monroe,Louisiana,71203
GB-14575,Giulietta Baptist,Consumer,United States,Philadelphia,Pennsylvania,19134
LE-16810,Laurel Elliston,Consumer,United States,Newark,Delaware,19711
SZ-20035,Sam Zeldin,Home Office,United States,Columbus,Indiana,47201
JH-15910,Jonathan Howell,Consumer,United States,West Palm Beach,Florida,33407
FC-14245,Frank Carlisle,Home Office,United States,Springfield,Ohio,45503
DH-13075,Dave Hallsten,Corporate,United States,Decatur,Alabama,35601
PS-19045,Penelope Sewall,Home Office,United States,Lewiston,Maine,04240
JJ-15445,Jennifer Jackson,Consumer,United States,Los Angeles,California,90004
BF-10975,Barbara Fisher,Corporate,United States,Roswell,Georgia,30076
AD-10180,Alan Dominguez,Home Office,United States,Philadelphia,Pennsylvania,19120
PF-19120,Peter Fuller,Consumer,United States,Gilbert,Arizona,85234
AC-10450,Amy Cox,Consumer,United States,Tampa,Florida,33614
GK-14620,Grace Kelly,Corporate,United States,Los Angeles,California,90004
LS-17230,Lycoris Saunders,Consumer,United States,Grand Prairie,Texas,75051
LC-16885,Lena Creighton,Consumer,United States,New York City,New York,10009
PB-19150,Philip Brown,Consumer,United States,Philadelphia,Pennsylvania,19134
BV-11245,Benjamin Venier,Corporate,United States,Smyrna,Tennessee,37167
KH-16510,Keith Herrera,Consumer,United States,Arlington,Virginia,22204
SN-20560,Skye Norling,Home Office,United States,Peoria,Arizona,85345
BG-11740,Bruce Geld,Consumer,United States,San Diego,California,92105
HR-14830,Harold Ryan,Corporate,United States,Miami,Florida,33178
LH-17155,Logan Haushalter,Consumer,United States,Los Angeles,California,90032
ME-17320,Maria Etezadi,Home Office,United States,Dallas,Texas,75081
PP-18955,Paul Prost,Home Office,United States,Philadelphia,Pennsylvania,19134
KM-16375,Katherine Murray,Home Office,United States,Houston,Texas,77070
SC-20770,Stewart Carmichael,Corporate,United States,San Francisco,California,94122
BC-11125,Becky Castell,Home Office,United States,Philadelphia,Pennsylvania,19134
JM-16195,Justin MacKendrick,Consumer,United States,Aurora,Colorado,80013
EP-13915,Emily Phan,Consumer,United States,Deltona,Florida,32725
MG-17875,Michael Grace,Home Office,United States,Aurora,Illinois,60505
SW-20455,Shaun Weien,Consumer,United States,Rochester,New York,14609
KL-16645,Ken Lonsdale,Consumer,United States,Layton,Utah,84041
RF-19345,Randy Ferguson,Corporate,United States,East Point,Georgia,30344
CS-12355,Christine Sundaresam,Consumer,United States,Long Beach,California,90805
RD-19480,Rick Duston,Consumer,United States,Olympia,Washington,98502
JF-15565,Jill Fjeld,Consumer,United States,San Francisco,California,94110
MV-17485,Mark Van Huff,Consumer,United States,Houston,Texas,77041
AB-10165,Alan Barnes,Consumer,United States,Los Angeles,California,90045
CH-12070,Cathy Hwang,Home Office,United States,Philadelphia,Pennsylvania,19143
SA-20830,Sue Ann Reed,Consumer,United States,Richmond,Virginia,23223
DB-13360,Dennis Bolton,Home Office,United States,Lakewood,Ohio,44107
LA-16780,Laura Armstrong,Corporate,United States,Taylor,Michigan,48180
VD-21670,Valerie Dominguez,Consumer,United States,Houston,Texas,77070
DW-13585,Dorothy Wardle,Corporate,United States,Troy,Ohio,45373
CY-12745,Craig Yedwab,Corporate,United States,Gilbert,Arizona,85234
MP-17470,Mark Packer,Home Office,United States,Smyrna,Georgia,30080
SG-20470,Sheri Gordon,Consumer,United States,New York City,New York,10024
SC-20725,Steven Cartwright,Consumer,United States,Lancaster,Pennsylvania,17602
MM-18055,Michelle Moray,Consumer,United States,New York City,New York,10011
NF-18475,Neil Französisch,Home Office,United States,Omaha,Nebraska,68104
RH-19600,Rob Haberlin,Consumer,United States,Carol Stream,Illinois,60188
FA-14230,Frank Atkinson,Corporate,United States,Raleigh,North Carolina,27604
RB-19435,Richard Bierner,Consumer,United States,Houston,Texas,77070
KB-16315,Karl Braun,Consumer,United States,Hollywood,Florida,33021
SR-20740,Steven Roelle,Home Office,United States,New York City,New York,10024
BD-11725,Bruce Degenhardt,Consumer,United States,Richmond,Kentucky,40475
DG-13300,Deirdre Greer,Corporate,United States,Philadelphia,Pennsylvania,19134
AD-10180,Alan Dominguez,Home Office,United States,New York City,New York,10035
JP-16135,Julie Prescott,Home Office,United States,San Diego,California,92024
IM-15070,Irene Maddox,Consumer,United States,Milwaukee,Wisconsin,53209
BF-10975,Barbara Fisher,Corporate,United States,Fayetteville,North Carolina,28314
RS-19765,Roland Schwarz,Corporate,United States,Charlotte,North Carolina,28205
VP-21730,Victor Preis,Home Office,United States,Sterling Heights,Michigan,48310
MW-18220,Mitch Webber,Consumer,United States,Philadelphia,Pennsylvania,19140
PP-18955,Paul Prost,Home Office,United States,Holyoke,Massachusetts,01040
SJ-20215,Sarah Jordon,Consumer,United States,Pasadena,California,91104
KM-16225,Kalyca Meade,Corporate,United States,New York City,New York,10011
BF-10975,Barbara Fisher,Corporate,United States,Vineland,New Jersey,08360
DM-13015,Darrin Martin,Consumer,United States,Houston,Texas,77070
BT-11680,Brian Thompson,Consumer,United States,Clinton,Maryland,20735
KN-16450,Kean Nguyen,Corporate,United States,Dallas,Texas,75220
EB-13870,Emily Burns,Consumer,United States,Nashville,Tennessee,37211
CB-12535,Claudia Bergmann,Corporate,United States,Franklin,Massachusetts,02038
MC-17575,Matt Collins,Consumer,United States,Philadelphia,Pennsylvania,19120
EH-13945,Eric Hoffmann,Consumer,United States,Tempe,Arizona,85281
MV-18190,Mike Vittorini,Consumer,United States,San Bernardino,California,92404
CK-12595,Clytie Kelty,Consumer,United States,Philadelphia,Pennsylvania,19134
TS-21370,Todd Sumrall,Corporate,United States,Wilmington,Delaware,19805
SC-20380,Shahid Collister,Consumer,United States,Seattle,Washington,98115
RL-19615,Rob Lucas,Consumer,United States,Chicago,Illinois,60610
FM-14380,Fred McMath,Consumer,United States,Amarillo,Texas,79109
ND-18370,Natalie DeCherney,Consumer,United States,New York City,New York,10035
SL-20155,Sara Luxemburg,Home Office,United States,Houston,Texas,77095
ND-18460,Neil Ducich,Corporate,United States,Macon,Georgia,31204
TG-21310,Toby Gnade,Consumer,United States,Mesa,Arizona,85204
EM-13810,Eleni McCrary,Corporate,United States,San Francisco,California,94122
MG-17890,Michael Granlund,Home Office,United States,Baltimore,Maryland,21215
KE-16420,Katrina Edelman,Corporate,United States,New York City,New York,10035
JM-15535,Jessica Myrick,Consumer,United States,Bakersfield,California,93309
MP-17965,Michael Paige,Corporate,United States,Port Saint Lucie,Florida,34952
VB-21745,Victoria Brennan,Corporate,United States,Houston,Texas,77041
PJ-19015,Pauline Johnson,Consumer,United States,New York City,New York,10024
KC-16255,Karen Carlisle,Corporate,United States,New York City,New York,10009
RF-19735,Roland Fjeld,Consumer,United States,San Diego,California,92105
TS-21085,Thais Sissman,Consumer,United States,Phoenix,Arizona,85023
RA-19915,Russell Applegate,Consumer,United States,Highland Park,Illinois,60035
RK-19300,Ralph Kennedy,Consumer,United States,South Bend,Indiana,46614
TH-21550,Tracy Hopkins,Home Office,United States,New York City,New York,10009
MS-17830,Melanie Seite,Consumer,United States,Rochester,New York,14609
SS-20515,Shirley Schmidt,Home Office,United States,Louisville,Kentucky,40214
MH-18025,Michelle Huthwaite,Consumer,United States,Seattle,Washington,98115
YS-21880,Yana Sorensen,Corporate,United States,Montgomery,Alabama,36116
RB-19795,Ross Baird,Home Office,United States,Philadelphia,Pennsylvania,19143
RD-19930,Russell D'Ascenzo,Consumer,United States,Los Angeles,California,90032
CK-12760,Cyma Kinney,Corporate,United States,Glendale,Arizona,85301
CA-12775,Cynthia Arntzen,Consumer,United States,Mesa,Arizona,85204
BP-11095,Bart Pistole,Corporate,United States,Oxnard,California,93030
HA-14920,Helen Andreada,Consumer,United States,San Francisco,California,94110
AS-10240,Alan Shonely,Consumer,United States,Philadelphia,Pennsylvania,19140
PG-18820,Patrick Gardner,Consumer,United States,Louisville,Kentucky,40214
GH-14410,Gary Hansen,Home Office,United States,Lakeville,Minnesota,55044
HA-14920,Helen Andreada,Consumer,United States,San Francisco,California,94109
CC-12610,Corey Catlett,Corporate,United States,Houston,Texas,77041
RH-19495,Rick Hansen,Consumer,United States,New York City,New York,10024
SC-20695,Steve Chapman,Corporate,United States,Saint Louis,Missouri,63116
AR-10405,Allen Rosenblatt,Corporate,United States,Hattiesburg,Mississippi,39401
PC-19000,Pauline Chand,Home Office,United States,Los Angeles,California,90004
BE-11455,Brad Eason,Home Office,United States,Providence,Rhode Island,02908
DK-12985,Darren Koutras,Consumer,United States,Springfield,Oregon,97477
Co-12640,Corey-Lock,Consumer,United States,Seattle,Washington,98105
AH-10690,Anna Häberlin,Corporate,United States,Dallas,Texas,75220
RP-19270,Rachel Payne,Corporate,United States,Houston,Texas,77095
MS-17980,Michael Stewart,Corporate,United States,Houston,Texas,77041
KW-16570,Kelly Williams,Consumer,United States,Kirkwood,Missouri,63122
NS-18640,Noel Staavos,Corporate,United States,Baltimore,Maryland,21215
JK-15625,Jim Karlsson,Consumer,United States,Philadelphia,Pennsylvania,19120
PN-18775,Parhena Norris,Home Office,United States,Bakersfield,California,93309
NS-18640,Noel Staavos,Corporate,United States,Boise,Idaho,83704
EM-14095,Eudokia Martin,Corporate,United States,Springfield,Virginia,22153
TT-21220,Thomas Thornton,Consumer,United States,San Francisco,California,94109
DB-13405,Denny Blanton,Consumer,United States,Lawrence,Massachusetts,01841
RD-19585,Rob Dowd,Consumer,United States,Utica,New York,13501
HR-14770,Hallie Redmond,Home Office,United States,Milwaukee,Wisconsin,53209
MF-18250,Monica Federle,Corporate,United States,New York City,New York,10035
NP-18325,Naresj Patel,Consumer,United States,New York City,New York,10024
DS-13180,David Smith,Corporate,United States,Detroit,Michigan,48227
RA-19885,Ruben Ausman,Corporate,United States,Jacksonville,Florida,32216
WB-21850,William Brown,Consumer,United States,Redmond,Oregon,97756
JK-16120,Julie Kriz,Home Office,United States,Eagan,Minnesota,55122
BD-11320,Bill Donatelli,Consumer,United States,Detroit,Michigan,48227
BW-11065,Barry Weirich,Consumer,United States,Raleigh,North Carolina,27604
PO-19180,Philisse Overcash,Home Office,United States,New York City,New York,10035
SF-20065,Sandra Flanagan,Consumer,United States,Pomona,California,91767
GK-14620,Grace Kelly,Corporate,United States,Greensboro,North Carolina,27405
ON-18715,Odella Nelson,Corporate,United States,Yucaipa,California,92399
RA-19285,Ralph Arnett,Consumer,United States,Richmond,Indiana,47374
CK-12595,Clytie Kelty,Consumer,United States,Marietta,Georgia,30062
EJ-13720,Ed Jacobs,Consumer,United States,Philadelphia,Pennsylvania,19143
RE-19450,Richard Eichhorn,Consumer,United States,Oakland,California,94601
TT-21265,Tim Taslimi,Corporate,United States,Los Angeles,California,90045
JW-15955,Joni Wasserman,Consumer,United States,Philadelphia,Pennsylvania,19120
SP-20860,Sung Pak,Corporate,United States,Philadelphia,Pennsylvania,19134
JM-15865,John Murray,Consumer,United States,Phoenix,Arizona,85023
SC-20725,Steven Cartwright,Consumer,United States,Peoria,Arizona,85345
SC-20440,Shaun Chance,Corporate,United States,New Bedford,Massachusetts,02740
DS-13180,David Smith,Corporate,United States,San Francisco,California,94122
NZ-18565,Nick Zandusky,Home Office,United States,San Francisco,California,94110
KN-16390,Katherine Nockton,Corporate,United States,Springfield,Ohio,45503
HG-14965,Henry Goldwyn,Corporate,United States,Florence,Kentucky,41042
SM-20320,Sean Miller,Home Office,United States,Allentown,Pennsylvania,18103
RB-19705,Roger Barcio,Home Office,United States,New York City,New York,10009
DP-13105,Dave Poirier,Corporate,United States,New York City,New York,10035
TD-20995,Tamara Dahlen,Consumer,United States,Bolingbrook,Illinois,60440
FH-14350,Fred Harton,Consumer,United States,Atlanta,Georgia,30318
SC-20380,Shahid Collister,Consumer,United States,New York City,New York,10035
EM-13810,Eleni McCrary,Corporate,United States,New York City,New York,10009
CB-12025,Cassandra Brandow,Consumer,United States,Arlington,Texas,76017
DO-13435,Denny Ordway,Consumer,United States,Portland,Oregon,97206
MS-17710,Maurice Satty,Consumer,United States,Bowling Green,Ohio,43402
KW-16435,Katrina Willman,Consumer,United States,Florence,Kentucky,41042
NL-18310,Nancy Lomonaco,Home Office,United States,Los Angeles,California,90045
MC-18100,Mick Crebagga,Consumer,United States,Houston,Texas,77041
CC-12100,Chad Cunningham,Home Office,United States,Los Angeles,California,90045
PF-19165,Philip Fox,Consumer,United States,San Diego,California,92105
RA-19945,Ryan Akin,Consumer,United States,Murrieta,California,92563
CB-12025,Cassandra Brandow,Consumer,United States,Los Angeles,California,90049
BP-11185,Ben Peterman,Corporate,United States,Dallas,Texas,75081
SM-20950,Suzanne McNair,Corporate,United States,Fairfield,Connecticut,06824
TS-21370,Todd Sumrall,Corporate,United States,Chicago,Illinois,60623
CC-12100,Chad Cunningham,Home Office,United States,Detroit,Michigan,48234
SC-20260,Scott Cohen,Corporate,United States,San Francisco,California,94122
AR-10510,Andrew Roberts,Consumer,United States,Los Angeles,California,90004
SD-20485,Shirley Daniels,Home Office,United States,Bedford,Texas,76021
RH-19510,Rick Huthwaite,Home Office,United States,San Diego,California,92037
DR-12940,Daniel Raglin,Home Office,United States,Franklin,Massachusetts,02038
DB-13615,Doug Bickford,Consumer,United States,Los Angeles,California,90045
AS-10630,Ann Steele,Home Office,United States,San Francisco,California,94110
CP-12085,Cathy Prescott,Corporate,United States,Tucson,Arizona,85705
JB-15400,Jennifer Braxton,Corporate,United States,Bristol,Connecticut,06010
JC-16105,Julie Creighton,Corporate,United States,Durham,North Carolina,27707
MG-18145,Mike Gockenbach,Consumer,United States,Philadelphia,Pennsylvania,19134
JH-15820,John Huston,Consumer,United States,Holland,Michigan,49423
DB-13120,David Bremer,Corporate,United States,San Francisco,California,94122
JB-15400,Jennifer Braxton,Corporate,United States,New York City,New York,10009
KB-16585,Ken Black,Corporate,United States,Medford,Oregon,97504
SC-20440,Shaun Chance,Corporate,United States,Philadelphia,Pennsylvania,19140
CS-12355,Christine Sundaresam,Consumer,United States,Roswell,Georgia,30076
DS-13180,David Smith,Corporate,United States,Houston,Texas,77095
AG-10900,Arthur Gainer,Consumer,United States,San Diego,California,92105
TW-21025,Tamara Willingham,Home Office,United States,Charlottesville,Virginia,22901
SP-20860,Sung Pak,Corporate,United States,Rochester,Minnesota,55901
CA-12055,Cathy Armstrong,Home Office,United States,Houston,Texas,77036
CC-12430,Chuck Clark,Home Office,United States,New York City,New York,10024
BT-11305,Beth Thompson,Home Office,United States,Seattle,Washington,98103
SW-20455,Shaun Weien,Consumer,United States,Lafayette,Louisiana,70506
BS-11590,Brendan Sweed,Corporate,United States,New York City,New York,10011
AG-10525,Andy Gerbode,Corporate,United States,Richmond,Virginia,23223
AT-10435,Alyssa Tate,Home Office,United States,Tamarac,Florida,33319
CK-12760,Cyma Kinney,Corporate,United States,Nashville,Tennessee,37211
LO-17170,Lori Olson,Corporate,United States,La Quinta,California,92253
CC-12145,Charles Crestani,Consumer,United States,El Paso,Texas,79907
AG-10525,Andy Gerbode,Corporate,United States,New York City,New York,10011
MC-17275,Marc Crier,Consumer,United States,New York City,New York,10011
CC-12610,Corey Catlett,Corporate,United States,Durham,North Carolina,27707
LR-17035,Lisa Ryan,Corporate,United States,Philadelphia,Pennsylvania,19134
TN-21040,Tanja Norvell,Home Office,United States,New York City,New York,10009
VW-21775,Victoria Wilson,Corporate,United States,Montgomery,Alabama,36116
NM-18520,Neoma Murray,Consumer,United States,Moreno Valley,California,92553
EH-13765,Edward Hooks,Corporate,United States,Revere,Massachusetts,02151
AR-10345,Alex Russell,Corporate,United States,Austin,Texas,78745
FA-14230,Frank Atkinson,Corporate,United States,Los Angeles,California,90032
BO-11425,Bobby Odegard,Consumer,United States,New York City,New York,10024
AB-10150,Aimee Bixby,Consumer,United States,Tulsa,Oklahoma,74133
MC-17575,Matt Collins,Consumer,United States,Seattle,Washington,98103
CC-12145,Charles Crestani,Consumer,United States,Los Angeles,California,90004
GB-14530,George Bell,Corporate,United States,Aurora,Colorado,80013
DM-13525,Don Miller,Corporate,United States,New York City,New York,10035
SN-20560,Skye Norling,Home Office,United States,Paterson,New Jersey,07501
SB-20290,Sean Braxton,Corporate,United States,San Diego,California,92024
SC-20725,Steven Cartwright,Consumer,United States,Redlands,California,92374
TM-21010,Tamara Manning,Consumer,United States,Auburn,New York,13021
PG-18895,Paul Gonzalez,Consumer,United States,New York City,New York,10035
CC-12670,Craig Carreira,Consumer,United States,Seattle,Washington,98103
ZC-21910,Zuschuss Carroll,Consumer,United States,Columbus,Indiana,47201
KD-16615,Ken Dana,Corporate,United States,Anaheim,California,92804
AG-10900,Arthur Gainer,Consumer,United States,Chicago,Illinois,60623
JH-15910,Jonathan Howell,Consumer,United States,Atlanta,Georgia,30318
AM-10705,Anne McFarland,Consumer,United States,Jacksonville,North Carolina,28540
HG-14845,Harry Greene,Consumer,United States,Philadelphia,Pennsylvania,19120
SP-20620,Stefania Perrino,Corporate,United States,Los Angeles,California,90045
CA-12265,Christina Anderson,Consumer,United States,Provo,Utah,84604
CC-12685,Craig Carroll,Consumer,United States,New York City,New York,10011
BE-11455,Brad Eason,Home Office,United States,Des Moines,Iowa,50315
CM-12385,Christopher Martinez,Consumer,United States,North Charleston,South Carolina,29406
BM-11575,Brendan Murry,Corporate,United States,New York City,New York,10035
NW-18400,Natalie Webber,Consumer,United States,Mobile,Alabama,36608
NG-18355,Nat Gilpin,Corporate,United States,Coral Springs,Florida,33065
CT-11995,Carol Triggs,Consumer,United States,Indianapolis,Indiana,46203
AC-10615,Ann Chong,Corporate,United States,Philadelphia,Pennsylvania,19143
BD-11500,Bradley Drucker,Consumer,United States,Newport News,Virginia,23602
PF-19120,Peter Fuller,Consumer,United States,New York City,New York,10035
TB-21520,Tracy Blumstein,Consumer,United States,Philadelphia,Pennsylvania,19140
SF-20965,Sylvia Foulston,Corporate,United States,Houston,Texas,77041
LS-16975,Lindsay Shagiari,Home Office,United States,New York City,New York,10035
CS-11845,Cari Sayre,Corporate,United States,Seattle,Washington,98105
MO-17800,Meg O'Connel,Home Office,United States,Los Angeles,California,90036
DB-13405,Denny Blanton,Consumer,United States,Orlando,Florida,32839
GB-14530,George Bell,Corporate,United States,Los Angeles,California,90049
KH-16630,Ken Heidel,Corporate,United States,Clinton,Maryland,20735
TG-21640,Trudy Glocke,Consumer,United States,Long Beach,California,90805
AB-10060,Adam Bellavance,Home Office,United States,Des Moines,Washington,98198
CM-12190,Charlotte Melton,Consumer,United States,San Diego,California,92105
JR-16210,Justin Ritter,Corporate,United States,Jacksonville,Florida,32216
TC-21535,Tracy Collins,Home Office,United States,Arlington,Virginia,22204
FC-14245,Frank Carlisle,Home Office,United States,Sacramento,California,95823
MH-17290,Marc Harrigan,Home Office,United States,Santa Fe,New Mexico,87505
NH-18610,Nicole Hansen,Corporate,United States,Columbus,Georgia,31907
GW-14605,Giulietta Weimer,Consumer,United States,New York City,New York,10024
TP-21130,Theone Pippenger,Consumer,United States,Naperville,Illinois,60540
BG-11035,Barry Gonzalez,Consumer,United States,Nashville,Tennessee,37211
AG-10270,Alejandro Grove,Consumer,United States,Lawrence,Massachusetts,01841
TC-20980,Tamara Chand,Corporate,United States,Long Beach,New York,11561
AM-10705,Anne McFarland,Consumer,United States,Las Vegas,Nevada,89115
DM-12955,Dario Medina,Corporate,United States,Lincoln Park,Michigan,48146
GB-14575,Giulietta Baptist,Consumer,United States,Columbia,South Carolina,29203
TH-21550,Tracy Hopkins,Home Office,United States,Everett,Massachusetts,02149
CD-12790,Cynthia Delaney,Home Office,United States,Los Angeles,California,90036
SV-20815,Stuart Van,Corporate,United States,Houston,Texas,77041
DH-13675,Duane Huffman,Home Office,United States,Quincy,Massachusetts,02169
CS-12130,Chad Sievert,Consumer,United States,Seattle,Washington,98105
MG-17875,Michael Grace,Home Office,United States,Arlington,Virginia,22204
DL-12925,Daniel Lacy,Consumer,United States,Oceanside,California,92054
MM-18280,Muhammed MacIntyre,Corporate,United States,Los Angeles,California,90049
SJ-20125,Sanjit Jacobs,Home Office,United States,Franklin,Tennessee,37064
FO-14305,Frank Olsen,Consumer,United States,Philadelphia,Pennsylvania,19143
DE-13255,Deanra Eno,Home Office,United States,Dubuque,Iowa,52001
MC-17275,Marc Crier,Consumer,United States,Lafayette,Louisiana,70506
SC-20440,Shaun Chance,Corporate,United States,Los Angeles,California,90032
ON-18715,Odella Nelson,Corporate,United States,Philadelphia,Pennsylvania,19120
KM-16720,Kunst Miller,Consumer,United States,Avondale,Arizona,85323
MB-17305,Maria Bertelson,Consumer,United States,Columbus,Ohio,43229
ME-17725,Max Engle,Consumer,United States,Seattle,Washington,98105
JF-15190,Jamie Frazer,Consumer,United States,New York City,New York,10035
CM-11935,Carlos Meador,Consumer,United States,Tucson,Arizona,85705
SC-20680,Steve Carroll,Home Office,United States,Broken Arrow,Oklahoma,74012
CS-11950,Carlos Soltero,Consumer,United States,Freeport,New York,11520
SH-19975,Sally Hughsby,Corporate,United States,Seattle,Washington,98103
EB-13870,Emily Burns,Consumer,United States,Orem,Utah,84057
DK-12895,Dana Kaydos,Consumer,United States,Rockford,Illinois,61107
EH-13990,Erica Hackney,Consumer,United States,Meriden,Connecticut,06450
ML-17395,Marina Lichtenstein,Corporate,United States,Murfreesboro,Tennessee,37130
SB-20185,Sarah Brown,Consumer,United States,Concord,New Hampshire,03301
PO-19195,Phillina Ober,Home Office,United States,Bayonne,New Jersey,07002
BM-11785,Bryan Mills,Consumer,United States,Philadelphia,Pennsylvania,19143
AM-10705,Anne McFarland,Consumer,United States,Los Angeles,California,90004
DR-12880,Dan Reichenbach,Corporate,United States,New York City,New York,10011
RW-19540,Rick Wilson,Corporate,United States,Mesa,Arizona,85204
GM-14500,Gene McClure,Consumer,United States,Oceanside,New York,11572
SF-20200,Sarah Foster,Consumer,United States,Philadelphia,Pennsylvania,19143
BS-11800,Bryan Spruell,Home Office,United States,San Diego,California,92037
TB-21520,Tracy Blumstein,Consumer,United States,Portland,Oregon,97206
PF-19165,Philip Fox,Consumer,United States,New York City,New York,10035
NM-18520,Neoma Murray,Consumer,United States,Chicago,Illinois,60610
HW-14935,Helen Wasserman,Corporate,United States,Detroit,Michigan,48205
SS-20140,Saphhira Shifley,Corporate,United States,Seattle,Washington,98103
JK-15205,Jamie Kunitz,Consumer,United States,Arlington,Virginia,22204
RH-19510,Rick Huthwaite,Home Office,United States,San Francisco,California,94110
HG-14965,Henry Goldwyn,Corporate,United States,San Francisco,California,94110
RP-19855,Roy Phan,Corporate,United States,Los Angeles,California,90032
JJ-15445,Jennifer Jackson,Consumer,United States,New York City,New York,10035
ZC-21910,Zuschuss Carroll,Consumer,United States,Aurora,Colorado,80013
RM-19675,Robert Marley,Home Office,United States,Cambridge,Massachusetts,02138
EM-13960,Eric Murdock,Consumer,United States,Quincy,Illinois,62301
SC-20440,Shaun Chance,Corporate,United States,Aurora,Colorado,80013
EM-13960,Eric Murdock,Consumer,United States,Portland,Oregon,97206
CK-12205,Chloris Kastensmidt,Consumer,United States,Hillsboro,Oregon,97123
SG-20470,Sheri Gordon,Consumer,United States,Rockville,Maryland,20852
MP-17965,Michael Paige,Corporate,United States,Middletown,Connecticut,06457
NP-18685,Nora Pelletier,Home Office,United States,Wilson,North Carolina,27893
HM-14980,Henry MacAllister,Consumer,United States,Los Angeles,California,90008
EB-13705,Ed Braxton,Corporate,United States,San Diego,California,92105
JP-15460,Jennifer Patt,Corporate,United States,Lakewood,New Jersey,08701
CS-12400,Christopher Schild,Home Office,United States,Los Angeles,California,90045
RP-19390,Resi Pölking,Consumer,United States,Thornton,Colorado,80229
BM-11785,Bryan Mills,Consumer,United States,Columbus,Ohio,43229
BS-11755,Bruce Stewart,Consumer,United States,Los Angeles,California,90032
MZ-17515,Mary Zewe,Corporate,United States,Reading,Pennsylvania,19601
DJ-13420,Denny Joy,Corporate,United States,Warner Robins,Georgia,31088
JK-16120,Julie Kriz,Home Office,United States,Philadelphia,Pennsylvania,19134
AA-10315,Alex Avila,Consumer,United States,San Francisco,California,94109
JF-15490,Jeremy Farry,Consumer,United States,Portland,Oregon,97206
JJ-15760,Joel Jenkins,Home Office,United States,Springfield,Virginia,22153
SF-20965,Sylvia Foulston,Corporate,United States,Wilmington,Delaware,19805
IL-15100,Ivan Liston,Consumer,United States,Columbus,Ohio,43229
MB-17305,Maria Bertelson,Consumer,United States,Cincinnati,Ohio,45231
MB-17305,Maria Bertelson,Consumer,United States,San Francisco,California,94122
GH-14485,Gene Hale,Corporate,United States,Dallas,Texas,75081
BT-11680,Brian Thompson,Consumer,United States,Houston,Texas,77036
FM-14380,Fred McMath,Consumer,United States,Detroit,Michigan,48227
BM-11650,Brian Moss,Corporate,United States,Ann Arbor,Michigan,48104
SC-20575,Sonia Cooley,Consumer,United States,Miami,Florida,33178
TB-21250,Tim Brockman,Consumer,United States,New York City,New York,10024
DK-13090,Dave Kipp,Consumer,United States,Springfield,Virginia,22153
KN-16390,Katherine Nockton,Corporate,United States,Santa Barbara,California,93101
DP-13165,David Philippe,Consumer,United States,Chicago,Illinois,60610
DJ-13420,Denny Joy,Corporate,United States,San Francisco,California,94109
JD-15790,John Dryer,Consumer,United States,Jacksonville,Florida,32216
SO-20335,Sean O'Donnell,Consumer,United States,Fort Lauderdale,Florida,33311
SH-20395,Shahid Hopkins,Consumer,United States,Rochester,New York,14609
MP-17470,Mark Packer,Home Office,United States,New York City,New York,10035
RK-19300,Ralph Kennedy,Consumer,United States,Rochester,New York,14609
DL-12925,Daniel Lacy,Consumer,United States,Noblesville,Indiana,46060
KA-16525,Kelly Andreada,Consumer,United States,Seattle,Washington,98103
AF-10885,Art Foster,Consumer,United States,Louisville,Kentucky,40214
JE-15745,Joel Eaton,Consumer,United States,Amarillo,Texas,79109
GA-14725,Guy Armstrong,Consumer,United States,Mount Pleasant,Michigan,48858
CG-12520,Claire Gute,Consumer,United States,Dallas,Texas,75217
LS-16975,Lindsay Shagiari,Home Office,United States,Dallas,Texas,75217
PA-19060,Pete Armstrong,Home Office,United States,Orland Park,Illinois,60462
MP-17965,Michael Paige,Corporate,United States,New York City,New York,10011
CM-12190,Charlotte Melton,Consumer,United States,Los Angeles,California,90004
JC-15775,John Castell,Consumer,United States,Seattle,Washington,98115
KN-16705,Kristina Nunn,Home Office,United States,Mcallen,Texas,78501
RM-19675,Robert Marley,Home Office,United States,Los Angeles,California,90008
CS-11860,Cari Schnelling,Consumer,United States,Dallas,Texas,75220
NH-18610,Nicole Hansen,Corporate,United States,Detroit,Michigan,48227
TB-21520,Tracy Blumstein,Consumer,United States,Concord,New Hampshire,03301
NS-18640,Noel Staavos,Corporate,United States,San Francisco,California,94109
SV-20785,Stewart Visinsky,Consumer,United States,Los Angeles,California,90045
LT-17110,Liz Thompson,Consumer,United States,Bloomington,Illinois,61701
GM-14500,Gene McClure,Consumer,United States,Hollywood,Florida,33021
JF-15355,Jay Fein,Consumer,United States,San Diego,California,92105
RA-19285,Ralph Arnett,Consumer,United States,Lakeland,Florida,33801
CC-12685,Craig Carroll,Consumer,United States,Lubbock,Texas,79424
AG-10495,Andrew Gjertsen,Corporate,United States,Seattle,Washington,98105
JE-15715,Joe Elijah,Consumer,United States,Houston,Texas,77041
RD-19660,Robert Dilbeck,Home Office,United States,Oakland,California,94601
AG-10495,Andrew Gjertsen,Corporate,United States,Houston,Texas,77041
MT-18070,Michelle Tran,Home Office,United States,San Antonio,Texas,78207
DG-13300,Deirdre Greer,Corporate,United States,Denver,Colorado,80219
HK-14890,Heather Kirkland,Corporate,United States,Newark,Delaware,19711
TB-21625,Trudy Brown,Consumer,United States,San Francisco,California,94110
JF-15415,Jennifer Ferguson,Consumer,United States,Sparks,Nevada,89431
KH-16690,Kristen Hastings,Corporate,United States,Springfield,Oregon,97477
MY-17380,Maribeth Yedwab,Corporate,United States,Rancho Cucamonga,California,91730
AG-10495,Andrew Gjertsen,Corporate,United States,Peoria,Arizona,85345
RD-19585,Rob Dowd,Consumer,United States,Henderson,Kentucky,42420
NB-18655,Nona Balk,Corporate,United States,San Francisco,California,94109
FA-14230,Frank Atkinson,Corporate,United States,Denver,Colorado,80219
TT-21220,Thomas Thornton,Consumer,United States,Virginia Beach,Virginia,23464
BF-11020,Barry Französisch,Corporate,United States,New York City,New York,10024
CH-12070,Cathy Hwang,Home Office,United States,Detroit,Michigan,48227
SG-20080,Sandra Glassco,Consumer,United States,Redlands,California,92374
KT-16480,Kean Thornton,Consumer,United States,Buffalo,New York,14215
DK-12835,Damala Kotsonis,Corporate,United States,Salinas,California,93905
MZ-17515,Mary Zewe,Corporate,United States,Redlands,California,92374
HP-14815,Harold Pawlan,Home Office,United States,Jackson,Michigan,49201
JH-16180,Justin Hirsh,Consumer,United States,New York City,New York,10035
JF-15490,Jeremy Farry,Consumer,United States,New York City,New York,10009
VD-21670,Valerie Dominguez,Consumer,United States,New York City,New York,10011
MS-17530,MaryBeth Skach,Consumer,United States,Conway,Arkansas,72032
GA-14725,Guy Armstrong,Consumer,United States,Salem,Oregon,97301
VM-21685,Valerie Mitchum,Home Office,United States,Philadelphia,Pennsylvania,19140
QJ-19255,Quincy Jones,Corporate,United States,New York City,New York,10009
LT-17110,Liz Thompson,Consumer,United States,San Diego,California,92105
ED-13885,Emily Ducich,Home Office,United States,New York City,New York,10011
SW-20245,Scot Wooten,Consumer,United States,Troy,New York,12180
JO-15280,Jas O'Carroll,Consumer,United States,Los Angeles,California,90004
EG-13900,Emily Grady,Consumer,United States,Chesapeake,Virginia,23320
BB-10990,Barry Blumstein,Corporate,United States,San Antonio,Texas,78207
KC-16540,Kelly Collister,Consumer,United States,Seattle,Washington,98115
FH-14365,Fred Hopkins,Corporate,United States,Long Beach,New York,11561
CM-12655,Corinna Mitchell,Home Office,United States,Los Angeles,California,90008
CS-12250,Chris Selesnick,Corporate,United States,Haltom City,Texas,76117
GB-14530,George Bell,Corporate,United States,Monroe,North Carolina,28110
VD-21670,Valerie Dominguez,Consumer,United States,Coral Springs,Florida,33065
CB-12415,Christy Brittain,Consumer,United States,Lakewood,Ohio,44107
GT-14635,Grant Thornton,Corporate,United States,New York City,New York,10009
KL-16645,Ken Lonsdale,Consumer,United States,Seattle,Washington,98105
NG-18430,Nathan Gelder,Consumer,United States,Quincy,Illinois,62301
JM-16195,Justin MacKendrick,Consumer,United States,San Francisco,California,94109
MT-17815,Meg Tillman,Consumer,United States,Scottsdale,Arizona,85254
KB-16240,Karen Bern,Corporate,United States,Los Angeles,California,90036
SV-20785,Stewart Visinsky,Consumer,United States,Burlington,Vermont,05401
AB-10105,Adrian Barton,Consumer,United States,Houston,Texas,77041
CP-12340,Christine Phan,Corporate,United States,Miami,Florida,33142
KB-16240,Karen Bern,Corporate,United States,Philadelphia,Pennsylvania,19140
MC-18130,Mike Caudle,Corporate,United States,Newark,Delaware,19711
DO-13645,Doug O'Connell,Consumer,United States,Houston,Texas,77036
QJ-19255,Quincy Jones,Corporate,United States,Burlington,Vermont,05401
KD-16495,Keith Dawkins,Corporate,United States,New York City,New York,10024
NS-18640,Noel Staavos,Corporate,United States,Jacksonville,North Carolina,28540
RH-19600,Rob Haberlin,Consumer,United States,Hampton,Virginia,23666
SC-20095,Sanjit Chand,Consumer,United States,West Jordan,Utah,84084
HA-14905,Helen Abelman,Consumer,United States,Franklin,Massachusetts,02038
AC-10450,Amy Cox,Consumer,United States,New York City,New York,10011
DB-13660,Duane Benoit,Consumer,United States,Houston,Texas,77095
MZ-17335,Maria Zettner,Home Office,United States,San Diego,California,92024
SW-20455,Shaun Weien,Consumer,United States,San Francisco,California,94109
RD-19585,Rob Dowd,Consumer,United States,Dubuque,Iowa,52001
AS-10090,Adam Shillingsburg,Consumer,United States,Springfield,Missouri,65807
AG-10765,Anthony Garverick,Home Office,United States,Lawrence,Indiana,46226
DV-13465,Dianna Vittorini,Consumer,United States,Oceanside,New York,11572
JO-15550,Jesus Ocampo,Home Office,United States,Roseville,California,95661
CM-12190,Charlotte Melton,Consumer,United States,Philadelphia,Pennsylvania,19134
Dp-13240,Dean percer,Home Office,United States,New York City,New York,10035
PO-19180,Philisse Overcash,Home Office,United States,Roseville,Minnesota,55113
SC-20020,Sam Craven,Consumer,United States,Philadelphia,Pennsylvania,19140
SC-20695,Steve Chapman,Corporate,United States,Richmond,Indiana,47374
AH-10210,Alan Hwang,Consumer,United States,Brentwood,California,94513
AG-10495,Andrew Gjertsen,Corporate,United States,Detroit,Michigan,48234
AH-10690,Anna Häberlin,Corporate,United States,Plantation,Florida,33317
EB-14110,Eugene Barchas,Consumer,United States,New York City,New York,10035
MF-18250,Monica Federle,Corporate,United States,Houston,Texas,77095
YC-21895,Yoseph Carroll,Corporate,United States,Los Angeles,California,90032
PO-18850,Patrick O'Brill,Consumer,United States,Houston,Texas,77041
KH-16510,Keith Herrera,Consumer,United States,San Bernardino,California,92404
KL-16645,Ken Lonsdale,Consumer,United States,Newark,Delaware,19711
AW-10930,Arthur Wiediger,Home Office,United States,Helena,Montana,59601
HA-14905,Helen Abelman,Consumer,United States,Chicago,Illinois,60610
LC-16870,Lena Cacioppo,Consumer,United States,Aurora,Colorado,80013
FM-14380,Fred McMath,Consumer,United States,Miami,Florida,33178
RA-19915,Russell Applegate,Consumer,United States,Columbus,Indiana,47201
JK-15730,Joe Kamberova,Consumer,United States,Jacksonville,North Carolina,28540
AA-10375,Allen Armold,Consumer,United States,Lebanon,Tennessee,37087
GZ-14470,Gary Zandusky,Consumer,United States,Rio Rancho,New Mexico,87124
LS-17230,Lycoris Saunders,Consumer,United States,Dover,Delaware,19901
PJ-18835,Patrick Jones,Corporate,United States,Springfield,Virginia,22153
KB-16585,Ken Black,Corporate,United States,Springfield,Oregon,97477
PJ-18835,Patrick Jones,Corporate,United States,New York City,New York,10035
MG-17680,Maureen Gastineau,Home Office,United States,Philadelphia,Pennsylvania,19143
DH-13675,Duane Huffman,Home Office,United States,Harrisonburg,Virginia,22801
VP-21760,Victoria Pisteka,Corporate,United States,Toledo,Ohio,43615
DK-13225,Dean Katz,Corporate,United States,Chicago,Illinois,60653
MP-18175,Mike Pelletier,Home Office,United States,Milwaukee,Wisconsin,53209
MC-17605,Matt Connell,Corporate,United States,Chicago,Illinois,60610
HK-14890,Heather Kirkland,Corporate,United States,Boise,Idaho,83704
PO-19180,Philisse Overcash,Home Office,United States,New York City,New York,10011
JG-15805,John Grady,Corporate,United States,San Diego,California,92105
BS-11665,Brian Stugart,Consumer,United States,San Diego,California,92105
AA-10645,Anna Andreadi,Consumer,United States,Oklahoma City,Oklahoma,73120
GH-14665,Greg Hansen,Consumer,United States,Chicago,Illinois,60610
TC-21475,Tony Chapman,Home Office,United States,Seattle,Washington,98115
AG-10300,Aleksandra Gannaway,Corporate,United States,Las Vegas,Nevada,89115
KD-16345,Katherine Ducich,Consumer,United States,New York City,New York,10035
SS-20875,Sung Shariari,Consumer,United States,Miami,Florida,33180
BM-11650,Brian Moss,Corporate,United States,New York City,New York,10035
MM-18055,Michelle Moray,Consumer,United States,Aurora,Colorado,80013
LC-16885,Lena Creighton,Consumer,United States,Oakland,California,94601
PO-19195,Phillina Ober,Home Office,United States,Philadelphia,Pennsylvania,19140
KW-16570,Kelly Williams,Consumer,United States,San Francisco,California,94109
KB-16405,Katrina Bavinger,Home Office,United States,Seattle,Washington,98105
JK-15205,Jamie Kunitz,Consumer,United States,Marion,Ohio,43302
SN-20560,Skye Norling,Home Office,United States,Los Angeles,California,90008
CS-12250,Chris Selesnick,Corporate,United States,San Diego,California,92024
PB-18805,Patrick Bzostek,Home Office,United States,San Francisco,California,94122
DL-12865,Dan Lawera,Consumer,United States,New York City,New York,10011
GK-14620,Grace Kelly,Corporate,United States,Dallas,Texas,75217
NW-18400,Natalie Webber,Consumer,United States,Las Vegas,Nevada,89115
CA-11965,Carol Adams,Corporate,United States,Port Arthur,Texas,77642
JE-15745,Joel Eaton,Consumer,United States,Newark,Ohio,43055
JH-15820,John Huston,Consumer,United States,Monroe,North Carolina,28110
SS-20410,Shahid Shariari,Consumer,United States,Philadelphia,Pennsylvania,19120
EM-14095,Eudokia Martin,Corporate,United States,Phoenix,Arizona,85023
DL-13330,Denise Leinenbach,Consumer,United States,Lawrence,Indiana,46226
BB-11545,Brenda Bowman,Corporate,United States,Fort Worth,Texas,76106
MO-17800,Meg O'Connel,Home Office,United States,San Antonio,Texas,78207
HP-14815,Harold Pawlan,Home Office,United States,Fort Worth,Texas,76106
HD-14785,Harold Dahlen,Home Office,United States,Cambridge,Massachusetts,02138
IM-15070,Irene Maddox,Consumer,United States,Philadelphia,Pennsylvania,19120
MC-17275,Marc Crier,Consumer,United States,Memphis,Tennessee,38109
NG-18430,Nathan Gelder,Consumer,United States,Los Angeles,California,90008
AR-10540,Andy Reiter,Consumer,United States,Quincy,Massachusetts,02169
AP-10720,Anne Pryor,Home Office,United States,Frisco,Texas,75034
BH-11710,Brosina Hoffman,Consumer,United States,Hialeah,Florida,33012
AT-10735,Annie Thurman,Consumer,United States,Morristown,New Jersey,07960
PW-19240,Pierre Wener,Consumer,United States,Wilmington,Delaware,19805
VB-21745,Victoria Brennan,Corporate,United States,San Antonio,Texas,78207
KM-16720,Kunst Miller,Consumer,United States,Los Angeles,California,90004
DP-13000,Darren Powers,Consumer,United States,Los Angeles,California,90004
TS-21340,Toby Swindell,Consumer,United States,Los Angeles,California,90036
SF-20065,Sandra Flanagan,Consumer,United States,Wilmington,North Carolina,28403
SH-20635,Stefanie Holloman,Corporate,United States,Jackson,Tennessee,38301
GP-14740,Guy Phonely,Corporate,United States,Leominster,Massachusetts,01453
EA-14035,Erin Ashbrook,Corporate,United States,Springfield,Missouri,65807
MA-17560,Matt Abelman,Home Office,United States,Everett,Massachusetts,02149
CD-11920,Carlos Daly,Consumer,United States,Lake Elsinore,California,92530
DO-13435,Denny Ordway,Consumer,United States,Pembroke Pines,Florida,33024
JE-15475,Jeremy Ellison,Consumer,United States,New York City,New York,10024
TB-21190,Thomas Brumley,Home Office,United States,Fayetteville,Arkansas,72701
SN-20710,Steve Nguyen,Home Office,United States,Los Angeles,California,90049
JD-16150,Justin Deggeller,Corporate,United States,Newark,Delaware,19711
EH-14125,Eugene Hildebrand,Home Office,United States,Philadelphia,Pennsylvania,19140
MC-17425,Mark Cousins,Corporate,United States,New York City,New York,10035
DR-12880,Dan Reichenbach,Corporate,United States,Chicago,Illinois,60623
EB-14110,Eugene Barchas,Consumer,United States,Columbus,Ohio,43229
TP-21415,Tom Prescott,Consumer,United States,Freeport,New York,11520
LC-16885,Lena Creighton,Consumer,United States,Champaign,Illinois,61821
AJ-10945,Ashley Jarboe,Consumer,United States,San Francisco,California,94110
MA-17995,Michelle Arnett,Home Office,United States,Las Cruces,New Mexico,88001
EB-14170,Evan Bailliet,Consumer,United States,Austin,Texas,78745
BT-11395,Bill Tyler,Corporate,United States,Detroit,Michigan,48227
SF-20965,Sylvia Foulston,Corporate,United States,Dearborn,Michigan,48126
EK-13795,Eileen Kiefer,Home Office,United States,Santa Ana,California,92704
AW-10840,Anthony Witt,Consumer,United States,Allen,Texas,75002
PO-19195,Phillina Ober,Home Office,United States,San Francisco,California,94122
JL-15235,Janet Lee,Consumer,United States,New York City,New York,10035
LR-16915,Lena Radford,Consumer,United States,Durham,North Carolina,27707
AB-10600,Ann Blume,Corporate,United States,Jacksonville,North Carolina,28540
JM-15865,John Murray,Consumer,United States,Las Vegas,Nevada,89115
DB-13270,Deborah Brumfield,Home Office,United States,Austin,Texas,78745
WB-21850,William Brown,Consumer,United States,Philadelphia,Pennsylvania,19134
PS-18970,Paul Stevenson,Home Office,United States,Henderson,Kentucky,42420
RM-19375,Raymond Messe,Consumer,United States,Raleigh,North Carolina,27604
TW-21025,Tamara Willingham,Home Office,United States,Seattle,Washington,98105
LC-16960,Lindsay Castell,Home Office,United States,San Diego,California,92037
NM-18520,Neoma Murray,Consumer,United States,Houston,Texas,77036
MA-17560,Matt Abelman,Home Office,United States,Jackson,Michigan,49201
BT-11305,Beth Thompson,Home Office,United States,Seattle,Washington,98105
LC-17140,Logan Currie,Consumer,United States,Seattle,Washington,98103
KD-16495,Keith Dawkins,Corporate,United States,Chesapeake,Virginia,23320
PW-19240,Pierre Wener,Consumer,United States,San Francisco,California,94110
JG-15115,Jack Garza,Consumer,United States,Jacksonville,North Carolina,28540
DK-13225,Dean Katz,Corporate,United States,Philadelphia,Pennsylvania,19140
BS-11380,Bill Stewart,Corporate,United States,New York City,New York,10011
MP-17470,Mark Packer,Home Office,United States,New York City,New York,10009
AB-10255,Alejandro Ballentine,Home Office,United States,Philadelphia,Pennsylvania,19134
HP-14815,Harold Pawlan,Home Office,United States,Concord,New Hampshire,03301
SO-20335,Sean O'Donnell,Consumer,United States,Hempstead,New York,11550
MS-17365,Maribeth Schnelling,Consumer,United States,New York City,New York,10035
HM-14860,Harry Marie,Corporate,United States,Los Angeles,California,90049
TZ-21580,Tracy Zic,Consumer,United States,Lakewood,California,90712
RO-19780,Rose O'Brian,Consumer,United States,Clarksville,Tennessee,37042
RH-19555,Ritsa Hightower,Consumer,United States,Tallahassee,Florida,32303
MS-17980,Michael Stewart,Corporate,United States,Springfield,Missouri,65807
BD-11635,Brian Derr,Consumer,United States,New York City,New York,10009
RR-19525,Rick Reed,Corporate,United States,Nashville,Tennessee,37211
MH-17620,Matt Hagelstein,Corporate,United States,San Diego,California,92105
SF-20065,Sandra Flanagan,Consumer,United States,Dallas,Texas,75220
SU-20665,Stephanie Ulpright,Home Office,United States,Ann Arbor,Michigan,48104
SW-20245,Scot Wooten,Consumer,United States,Philadelphia,Pennsylvania,19140
TB-21250,Tim Brockman,Consumer,United States,Bloomington,Illinois,61701
DK-13375,Dennis Kane,Consumer,United States,Marion,Ohio,43302
GH-14425,Gary Hwang,Consumer,United States,Tucson,Arizona,85705
AF-10870,Art Ferguson,Consumer,United States,San Francisco,California,94109
NP-18325,Naresj Patel,Consumer,United States,San Diego,California,92105
KW-16435,Katrina Willman,Consumer,United States,Austin,Texas,78745
MP-18175,Mike Pelletier,Home Office,United States,Troy,Ohio,45373
IL-15100,Ivan Liston,Consumer,United States,North Las Vegas,Nevada,89031
KM-16375,Katherine Murray,Home Office,United States,Thousand Oaks,California,91360
DB-13120,David Bremer,Corporate,United States,Santa Barbara,California,93101
NP-18685,Nora Pelletier,Home Office,United States,Indianapolis,Indiana,46203
RO-19780,Rose O'Brian,Consumer,United States,Arlington,Virginia,22204
DK-12985,Darren Koutras,Consumer,United States,Henderson,Kentucky,42420
MS-17830,Melanie Seite,Consumer,United States,Los Angeles,California,90036
AH-10210,Alan Hwang,Consumer,United States,New York City,New York,10024
JF-15490,Jeremy Farry,Consumer,United States,Seattle,Washington,98105
KH-16690,Kristen Hastings,Corporate,United States,Riverside,California,92503
TT-21460,Tonja Turnell,Home Office,United States,Fort Worth,Texas,76106
HG-14965,Henry Goldwyn,Corporate,United States,Colorado Springs,Colorado,80906
YS-21880,Yana Sorensen,Corporate,United States,Los Angeles,California,90036
JJ-15760,Joel Jenkins,Home Office,United States,Houston,Texas,77036
KB-16600,Ken Brennan,Corporate,United States,Columbus,Indiana,47201
KM-16225,Kalyca Meade,Corporate,United States,Baltimore,Maryland,21215
KD-16495,Keith Dawkins,Corporate,United States,Jackson,Michigan,49201
JW-16075,Julia West,Consumer,United States,Chicago,Illinois,60610
KM-16660,Khloe Miller,Consumer,United States,Roswell,Georgia,30076
FC-14245,Frank Carlisle,Home Office,United States,Los Angeles,California,90032
MT-17815,Meg Tillman,Consumer,United States,San Francisco,California,94110
MA-17560,Matt Abelman,Home Office,United States,New York City,New York,10024
RA-19945,Ryan Akin,Consumer,United States,Cleveland,Ohio,44105
IM-15070,Irene Maddox,Consumer,United States,Colorado Springs,Colorado,80906
GH-14425,Gary Hwang,Consumer,United States,Jacksonville,Florida,32216
LC-16885,Lena Creighton,Consumer,United States,Troy,Ohio,45373
JK-15640,Jim Kriz,Home Office,United States,San Bernardino,California,92404
CA-12775,Cynthia Arntzen,Consumer,United States,Detroit,Michigan,48205
SW-20455,Shaun Weien,Consumer,United States,Suffolk,Virginia,23434
SC-20800,Stuart Calhoun,Consumer,United States,Houston,Texas,77041
LT-17110,Liz Thompson,Consumer,United States,Lancaster,California,93534
HA-14905,Helen Abelman,Consumer,United States,San Jose,California,95123
XP-21865,Xylona Preis,Consumer,United States,Chico,California,95928
EM-13960,Eric Murdock,Consumer,United States,Baltimore,Maryland,21215
DK-13375,Dennis Kane,Consumer,United States,San Diego,California,92105
JD-15895,Jonathan Doherty,Corporate,United States,Las Vegas,Nevada,89115
KD-16270,Karen Daniels,Consumer,United States,Los Angeles,California,90032
JB-15925,Joni Blumstein,Consumer,United States,Austin,Texas,78745
XP-21865,Xylona Preis,Consumer,Canada,Calgary,Alberta,T2C
RP-19270,Rachel Payne,Corporate,United States,Riverside,California,92503
RD-19585,Rob Dowd,Consumer,United States,Temecula,California,92592
Dp-13240,Dean percer,Home Office,United States,Revere,Massachusetts,02151
MC-17575,Matt Collins,Consumer,United States,Los Angeles,California,90036
PP-18955,Paul Prost,Home Office,United States,Los Angeles,California,90036
KD-16495,Keith Dawkins,Corporate,United States,Jackson,Mississippi,39212
EH-13945,Eric Hoffmann,Consumer,United States,Costa Mesa,California,92627
DB-12970,Darren Budd,Corporate,United States,Los Angeles,California,90045
RD-19480,Rick Duston,Consumer,United States,San Diego,California,92105
MM-18280,Muhammed MacIntyre,Corporate,United States,Columbus,Georgia,31907
AJ-10945,Ashley Jarboe,Consumer,United States,Los Angeles,California,90045
DJ-13630,Doug Jacobs,Consumer,United States,Portland,Oregon,97206
NF-18385,Natalie Fritzler,Consumer,United States,Newark,Ohio,43055
JH-15985,Joseph Holt,Consumer,United States,Seattle,Washington,98115
RR-19525,Rick Reed,Corporate,United States,Cary,North Carolina,27511
SG-20080,Sandra Glassco,Consumer,United States,Seattle,Washington,98105
JL-15835,John Lee,Consumer,United States,Detroit,Michigan,48205
MC-18100,Mick Crebagga,Consumer,United States,Bloomington,Illinois,61701
PG-18895,Paul Gonzalez,Consumer,United States,Los Angeles,California,90008
RB-19645,Robert Barroso,Corporate,United States,Memphis,Tennessee,38109
MK-17905,Michael Kennedy,Corporate,United States,Louisville,Colorado,80027
JK-15640,Jim Kriz,Home Office,United States,Cleveland,Ohio,44105
LM-17065,Liz MacKendrick,Consumer,United States,Springfield,Ohio,45503
MW-18220,Mitch Webber,Consumer,United States,New York City,New York,10035
PM-19135,Peter McVee,Home Office,United States,Dover,New Hampshire,03820
JK-15370,Jay Kimmel,Consumer,United States,Philadelphia,Pennsylvania,19143
SM-20950,Suzanne McNair,Corporate,United States,Omaha,Nebraska,68104
AG-10900,Arthur Gainer,Consumer,United States,Philadelphia,Pennsylvania,19134
JG-15160,James Galang,Consumer,United States,Los Angeles,California,90049
EK-13795,Eileen Kiefer,Home Office,United States,Chicago,Illinois,60610
PR-18880,Patrick Ryan,Consumer,United States,Glenview,Illinois,60025
KD-16345,Katherine Ducich,Consumer,United States,Chicago,Illinois,60623
GZ-14470,Gary Zandusky,Consumer,United States,Bullhead City,Arizona,86442
JM-15865,John Murray,Consumer,United States,Arlington,Virginia,22204
EM-14200,Evan Minnotte,Home Office,United States,Miami,Florida,33142
MH-17785,Maya Herman,Corporate,United States,Lindenhurst,New York,11757
AI-10855,Arianne Irving,Consumer,United States,Los Angeles,California,90036
CS-12130,Chad Sievert,Consumer,United States,Austin,Texas,78745
SZ-20035,Sam Zeldin,Home Office,United States,Saint Charles,Illinois,60174
JS-15880,John Stevenson,Consumer,United States,Seattle,Washington,98103
ER-13855,Elpida Rittenbach,Corporate,United States,Colorado Springs,Colorado,80906
AH-10075,Adam Hart,Corporate,United States,Columbus,Ohio,43229
RD-19720,Roger Demir,Consumer,United States,Daytona Beach,Florida,32114
LS-17245,Lynn Smith,Consumer,United States,Jacksonville,North Carolina,28540
HR-14830,Harold Ryan,Corporate,United States,Philadelphia,Pennsylvania,19140
BT-11305,Beth Thompson,Home Office,United States,Superior,Wisconsin,54880
BD-11500,Bradley Drucker,Consumer,United States,Richmond,Virginia,23223
JR-15670,Jim Radford,Consumer,United States,Colorado Springs,Colorado,80906
HR-14830,Harold Ryan,Corporate,United States,Gilbert,Arizona,85234
JB-15925,Joni Blumstein,Consumer,United States,Dublin,Ohio,43017
MS-17365,Maribeth Schnelling,Consumer,United States,Phoenix,Arizona,85023
HM-14860,Harry Marie,Corporate,United States,Springfield,Missouri,65807
KT-16465,Kean Takahito,Consumer,United States,Los Angeles,California,90032
DB-13120,David Bremer,Corporate,United States,Rochester,New York,14609
DL-13495,Dionis Lloyd,Corporate,United States,Detroit,Michigan,48227
LH-16900,Lena Hernandez,Consumer,United States,Columbus,Georgia,31907
JD-16150,Justin Deggeller,Corporate,United States,Philadelphia,Pennsylvania,19140
JK-15640,Jim Kriz,Home Office,United States,New York City,New York,10011
MB-17305,Maria Bertelson,Consumer,United States,Nashville,Tennessee,37211
RA-19285,Ralph Arnett,Consumer,United States,San Diego,California,92037
SM-20320,Sean Miller,Home Office,United States,Los Angeles,California,90049
RB-19705,Roger Barcio,Home Office,United States,Houston,Texas,77070
MC-18100,Mick Crebagga,Consumer,United States,Medina,Ohio,44256
BD-11605,Brian Dahlen,Consumer,United States,Lawrence,Massachusetts,01841
DF-13135,David Flashing,Consumer,United States,New York City,New York,10009
BD-11605,Brian Dahlen,Consumer,Canada,Montreal,Quebec,H1A
SN-20710,Steve Nguyen,Home Office,United States,Houston,Texas,77041
SP-20860,Sung Pak,Corporate,United States,Murfreesboro,Tennessee,37130
DB-13120,David Bremer,Corporate,United States,Marion,Ohio,43302
AG-10900,Arthur Gainer,Consumer,United States,Los Angeles,California,90008
BT-11485,Brad Thomas,Home Office,United States,Clinton,Maryland,20735
MD-17350,Maribeth Dona,Consumer,United States,Fayetteville,Arkansas,72701
RE-19450,Richard Eichhorn,Consumer,United States,Eau Claire,Wisconsin,54703
AH-10030,Aaron Hawkins,Corporate,United States,San Francisco,California,94122
DR-12940,Daniel Raglin,Home Office,United States,Chicago,Illinois,60610
KN-16450,Kean Nguyen,Corporate,United States,Visalia,California,93277
FH-14350,Fred Harton,Consumer,United States,Chicago,Illinois,60623
EM-13960,Eric Murdock,Consumer,United States,Philadelphia,Pennsylvania,19134
RF-19840,Roy Französisch,Consumer,United States,New York City,New York,10035
CL-12565,Clay Ludtke,Consumer,United States,Los Angeles,California,90049
TB-21625,Trudy Brown,Consumer,United States,Grand Prairie,Texas,75051
KC-16255,Karen Carlisle,Corporate,United States,Henderson,Kentucky,42420
AH-10690,Anna Häberlin,Corporate,United States,Detroit,Michigan,48205
JO-15280,Jas O'Carroll,Consumer,United States,Missoula,Montana,59801
BG-11035,Barry Gonzalez,Consumer,United States,Austin,Texas,78745
BM-11575,Brendan Murry,Corporate,United States,Gaithersburg,Maryland,20877
BO-11350,Bill Overfelt,Corporate,United States,Broken Arrow,Oklahoma,74012
LR-16915,Lena Radford,Consumer,United States,Los Angeles,California,90045
CA-12310,Christine Abelman,Corporate,United States,San Antonio,Texas,78207
BP-11185,Ben Peterman,Corporate,United States,Philadelphia,Pennsylvania,19143
EB-13975,Erica Bern,Corporate,United States,Charlotte,North Carolina,28205
AJ-10795,Anthony Johnson,Corporate,United States,Jacksonville,Florida,32216
NM-18520,Neoma Murray,Consumer,United States,Amarillo,Texas,79109
DW-13480,Dianna Wilson,Home Office,United States,Oakland,California,94601
JO-15145,Jack O'Briant,Corporate,United States,Franklin,Wisconsin,53132
VS-21820,Vivek Sundaresam,Consumer,United States,Raleigh,North Carolina,27604
MF-17665,Maureen Fritzler,Corporate,United States,Toledo,Ohio,43615
LA-16780,Laura Armstrong,Corporate,United States,Fresno,California,93727
JB-16000,Joy Bell-,Consumer,United States,Longview,Washington,98632
KB-16585,Ken Black,Corporate,United States,Seattle,Washington,98115
DE-13255,Deanra Eno,Home Office,United States,Springfield,Ohio,45503
AG-10675,Anna Gayman,Consumer,United States,Concord,North Carolina,28027
RC-19825,Roy Collins,Consumer,United States,Fairfield,Connecticut,06824
Dp-13240,Dean percer,Home Office,United States,Westfield,New Jersey,07090
WB-21850,William Brown,Consumer,United States,New York City,New York,10011
BE-11335,Bill Eplett,Home Office,United States,New York City,New York,10009
EH-13945,Eric Hoffmann,Consumer,United States,Los Angeles,California,90049
CC-12430,Chuck Clark,Home Office,United States,Concord,New Hampshire,03301
DL-13495,Dionis Lloyd,Corporate,United States,Columbus,Georgia,31907
TD-20995,Tamara Dahlen,Consumer,United States,San Diego,California,92037
CM-11935,Carlos Meador,Consumer,United States,Fayetteville,North Carolina,28314
AJ-10795,Anthony Johnson,Corporate,United States,Seattle,Washington,98115
TB-21280,Toby Braunhardt,Consumer,United States,New York City,New York,10009
PG-18895,Paul Gonzalez,Consumer,United States,Morristown,New Jersey,07960
FP-14320,Frank Preis,Consumer,United States,San Diego,California,92037
MC-17275,Marc Crier,Consumer,United States,Seattle,Washington,98105
BT-11530,Bradley Talbott,Home Office,United States,Cleveland,Ohio,44105
CB-12415,Christy Brittain,Consumer,United States,Los Angeles,California,90036
CB-12535,Claudia Bergmann,Corporate,United States,Burlington,Vermont,05401
HG-14965,Henry Goldwyn,Corporate,United States,Gulfport,Mississippi,39503
JD-15895,Jonathan Doherty,Corporate,United States,New York City,New York,10024
TB-21355,Todd Boyes,Corporate,United States,Plainfield,New Jersey,07060
HG-14965,Henry Goldwyn,Corporate,United States,Los Angeles,California,90036
TB-21250,Tim Brockman,Consumer,United States,Seattle,Washington,98103
DF-13135,David Flashing,Consumer,United States,Rockford,Illinois,61107
SC-20725,Steven Cartwright,Consumer,United States,San Francisco,California,94122
HE-14800,Harold Engle,Corporate,United States,Chicago,Illinois,60623
BF-11170,Ben Ferrer,Home Office,United States,Atlanta,Georgia,30318
JK-15325,Jason Klamczynski,Corporate,United States,Atlantic City,New Jersey,08401
SC-20050,Sample Company A,Home Office,United States,Los Angeles,California,90045
AB-10150,Aimee Bixby,Consumer,United States,Dallas,Texas,75220
SM-20950,Suzanne McNair,Corporate,United States,Los Angeles,California,90036
CK-12760,Cyma Kinney,Corporate,United States,Arlington,Virginia,22204
SE-20110,Sanjit Engle,Consumer,United States,Arlington,Virginia,22204
NS-18640,Noel Staavos,Corporate,United States,Houston,Texas,77041
AB-10105,Adrian Barton,Consumer,United States,New York City,New York,10011
LC-17050,Liz Carlisle,Consumer,United States,Richmond,Kentucky,40475
TB-21520,Tracy Blumstein,Consumer,United States,Sierra Vista,Arizona,85635
JB-15400,Jennifer Braxton,Corporate,United States,Los Angeles,California,90049
MS-17365,Maribeth Schnelling,Consumer,United States,Rockville,Maryland,20852
PP-18955,Paul Prost,Home Office,United States,Smyrna,Georgia,30080
AZ-10750,Annie Zypern,Consumer,United States,San Diego,California,92037
KB-16240,Karen Bern,Corporate,United States,Chattanooga,Tennessee,37421
CA-12265,Christina Anderson,Consumer,United States,Springfield,Virginia,22153
BE-11410,Bobby Elias,Consumer,United States,Lancaster,Ohio,43130
EB-13975,Erica Bern,Corporate,United States,Los Angeles,California,90049
MH-17440,Mark Haberlin,Corporate,United States,Houston,Texas,77036
CH-12070,Cathy Hwang,Home Office,United States,Raleigh,North Carolina,27604
JR-16210,Justin Ritter,Corporate,United States,San Francisco,California,94110
PB-19210,Phillip Breyer,Corporate,United States,Tulsa,Oklahoma,74133
JS-15880,John Stevenson,Consumer,United States,Atlanta,Georgia,30318
RD-19810,Ross DeVincentis,Home Office,United States,Los Angeles,California,90045
DK-13090,Dave Kipp,Consumer,United States,Clinton,Maryland,20735
FM-14380,Fred McMath,Consumer,United States,Jackson,Mississippi,39212
PG-18820,Patrick Gardner,Consumer,United States,New York City,New York,10009
JD-15790,John Dryer,Consumer,United States,Belleville,New Jersey,07109
JF-15565,Jill Fjeld,Consumer,United States,New York City,New York,10024
EA-14035,Erin Ashbrook,Corporate,United States,Chicago,Illinois,60623
GW-14605,Giulietta Weimer,Consumer,United States,Henderson,Kentucky,42420
CK-12760,Cyma Kinney,Corporate,United States,Long Beach,New York,11561
GT-14710,Greg Tran,Consumer,United States,San Francisco,California,94109
AH-10210,Alan Hwang,Consumer,United States,Nashville,Tennessee,37211
BV-11245,Benjamin Venier,Corporate,United States,Oceanside,New York,11572
EA-14035,Erin Ashbrook,Corporate,United States,New York City,New York,10011
MC-17635,Matthew Clasen,Corporate,United States,Los Angeles,California,90032
LC-16960,Lindsay Castell,Home Office,United States,Tampa,Florida,33614
PV-18985,Paul Van Hugh,Home Office,United States,Milwaukee,Wisconsin,53209
TZ-21580,Tracy Zic,Consumer,United States,Los Angeles,California,90045
AC-10420,Alyssa Crouse,Corporate,United States,Philadelphia,Pennsylvania,19120
BD-11725,Bruce Degenhardt,Consumer,United States,Newark,Ohio,43055
DW-13540,Don Weiss,Consumer,United States,Houston,Texas,77070
EB-13930,Eric Barreto,Consumer,United States,La Crosse,Wisconsin,54601
LC-16870,Lena Cacioppo,Consumer,United States,Newark,Ohio,43055
RR-19525,Rick Reed,Corporate,United States,New York City,New York,10035
KD-16270,Karen Daniels,Consumer,United States,Yonkers,New York,10701
ON-18715,Odella Nelson,Corporate,United States,Denver,Colorado,80219
JG-15310,Jason Gross,Corporate,United States,Odessa,Texas,79762
TS-21160,Theresa Swint,Corporate,United States,San Francisco,California,94110
CC-12220,Chris Cortes,Consumer,United States,San Antonio,Texas,78207
BH-11710,Brosina Hoffman,Consumer,United States,Newark,Delaware,19711
AA-10315,Alex Avila,Consumer,United States,Round Rock,Texas,78664
CC-12670,Craig Carreira,Consumer,United States,Bloomington,Indiana,47401
MG-17890,Michael Granlund,Home Office,United States,San Diego,California,92024
RD-19480,Rick Duston,Consumer,United States,Mishawaka,Indiana,46544
RF-19345,Randy Ferguson,Corporate,United States,Miami,Florida,33180
EM-13810,Eleni McCrary,Corporate,United States,Dover,New Hampshire,03820
RW-19630,Rob Williams,Corporate,United States,Dallas,Texas,75220
LC-16870,Lena Cacioppo,Consumer,United States,Chicago,Illinois,60623
JB-16045,Julia Barnett,Home Office,United States,Philadelphia,Pennsylvania,19120
EB-13705,Ed Braxton,Corporate,United States,Fort Worth,Texas,76106
GB-14575,Giulietta Baptist,Consumer,United States,New York City,New York,10011
ZC-21910,Zuschuss Carroll,Consumer,United States,Miami,Florida,33142
SP-20650,Stephanie Phelps,Corporate,United States,Jackson,Michigan,49201
SJ-20125,Sanjit Jacobs,Home Office,United States,Dallas,Texas,75217
PG-18820,Patrick Gardner,Consumer,United States,Glendale,Arizona,85301
BD-11620,Brian DeCherney,Consumer,United States,Philadelphia,Pennsylvania,19120
PS-18760,Pamela Stobb,Consumer,United States,Andover,Massachusetts,01810
RB-19465,Rick Bensley,Home Office,United States,Milford,Connecticut,06460
CJ-12010,Caroline Jumper,Consumer,United States,Long Beach,New York,11561
KF-16285,Karen Ferguson,Home Office,United States,Los Angeles,California,90008
MH-17785,Maya Herman,Corporate,United States,Glendale,Arizona,85301
BD-11770,Bryan Davis,Consumer,United States,Philadelphia,Pennsylvania,19143
RH-19510,Rick Huthwaite,Home Office,United States,Los Angeles,California,90045
BT-11485,Brad Thomas,Home Office,United States,Philadelphia,Pennsylvania,19140
JP-16135,Julie Prescott,Home Office,United States,Columbus,Georgia,31907
MB-18085,Mick Brown,Consumer,United States,Vineland,New Jersey,08360
ON-18715,Odella Nelson,Corporate,United States,Eagan,Minnesota,55122
DK-13225,Dean Katz,Corporate,United States,San Francisco,California,94109
CK-12595,Clytie Kelty,Consumer,United States,New York City,New York,10024
MC-18130,Mike Caudle,Corporate,United States,Monroe,Louisiana,71203
SW-20245,Scot Wooten,Consumer,United States,Los Angeles,California,90036
SC-20770,Stewart Carmichael,Corporate,United States,Philadelphia,Pennsylvania,19134
EH-13765,Edward Hooks,Corporate,United States,San Francisco,California,94109
AB-10060,Adam Bellavance,Home Office,United States,Waynesboro,Virginia,22980
LT-17110,Liz Thompson,Consumer,United States,San Antonio,Texas,78207
TW-21025,Tamara Willingham,Home Office,United States,Scottsdale,Arizona,85254
DB-13360,Dennis Bolton,Home Office,United States,Riverside,California,92503
JS-15880,John Stevenson,Consumer,United States,Harlingen,Texas,78550
MM-18280,Muhammed MacIntyre,Corporate,United States,Seattle,Washington,98103
SP-20545,Sibella Parks,Corporate,United States,Green Bay,Wisconsin,54302
HZ-14950,Henia Zydlo,Consumer,United States,Columbus,Ohio,43229
SP-20650,Stephanie Phelps,Corporate,United States,Redwood City,California,94061
FC-14335,Fred Chung,Corporate,United States,San Francisco,California,94110
MY-18295,Muhammed Yedwab,Corporate,United States,Bryan,Texas,77803
SJ-20125,Sanjit Jacobs,Home Office,United States,Jackson,Mississippi,39212
PL-18925,Paul Lucas,Home Office,United States,Philadelphia,Pennsylvania,19143
GZ-14470,Gary Zandusky,Consumer,United States,Columbia,Maryland,21044
CS-12355,Christine Sundaresam,Consumer,United States,Malden,Massachusetts,02148
VM-21835,Vivian Mathis,Consumer,United States,Newark,Delaware,19711
AC-10660,Anna Chung,Consumer,United States,San Francisco,California,94109
RO-19780,Rose O'Brian,Consumer,United States,Memphis,Tennessee,38109
DB-13060,Dave Brooks,Consumer,United States,Columbia,Tennessee,38401
BT-11440,Bobby Trafton,Consumer,United States,Littleton,Colorado,80122
SV-20935,Susan Vittorini,Consumer,United States,Oceanside,New York,11572
CC-12610,Corey Catlett,Corporate,United States,Nashville,Tennessee,37211
JT-12540,Jill Trafton,Consumer,Canada,Quebec City,Quebec,G1B
AH-10030,Aaron Hawkins,Corporate,United States,Gulfport,Mississippi,39503
RD-19660,Robert Dilbeck,Home Office,United States,Saint Peters,Missouri,63376
ZC-21910,Zuschuss Carroll,Consumer,United States,Salem,Oregon,97301
PB-19105,Peter Bühler,Consumer,United States,Evanston,Illinois,60201
KT-16465,Kean Takahito,Consumer,United States,Chicago,Illinois,60623
DM-12955,Dario Medina,Corporate,United States,Houston,Texas,77036
RB-19645,Robert Barroso,Corporate,United States,North Las Vegas,Nevada,89031
DC-12850,Dan Campbell,Consumer,United States,Cleveland,Ohio,44105
VG-21805,Vivek Grady,Corporate,United States,Richmond,Indiana,47374
DR-12880,Dan Reichenbach,Corporate,United States,Gresham,Oregon,97030
DK-12835,Damala Kotsonis,Corporate,United States,New York City,New York,10024
TB-21280,Toby Braunhardt,Consumer,United States,Norman,Oklahoma,73071
MV-17485,Mark Van Huff,Consumer,United States,Pocatello,Idaho,83201
DB-13210,Dean Braden,Consumer,United States,Jacksonville,North Carolina,28540
SP-20545,Sibella Parks,Corporate,United States,New York City,New York,10011
DS-13180,David Smith,Corporate,United States,Columbus,Georgia,31907
CC-12220,Chris Cortes,Consumer,United States,Los Angeles,California,90032
AS-10045,Aaron Smayling,Corporate,United States,Arlington,Virginia,22204
TB-21595,Troy Blackwell,Consumer,United States,Springfield,Ohio,45503
ME-17320,Maria Etezadi,Home Office,United States,Chicago,Illinois,60653
JM-15250,Janet Martin,Consumer,United States,New York City,New York,10009
CP-12085,Cathy Prescott,Corporate,United States,Norwich,Connecticut,06360
EH-13990,Erica Hackney,Consumer,United States,New York City,New York,10009
CS-11950,Carlos Soltero,Consumer,United States,Philadelphia,Pennsylvania,19134
FP-14320,Frank Preis,Consumer,United States,New York City,New York,10009
DB-12910,Daniel Byrd,Home Office,United States,Columbus,Georgia,31907
BB-10990,Barry Blumstein,Corporate,United States,Sierra Vista,Arizona,85635
RB-19360,Raymond Buch,Consumer,United States,Auburn,New York,13021
DW-13540,Don Weiss,Consumer,United States,New York City,New York,10024
TB-21175,Thomas Boland,Corporate,United States,New York City,New York,10035
MY-18295,Muhammed Yedwab,Corporate,United States,Milwaukee,Wisconsin,53209
DJ-13420,Denny Joy,Corporate,United States,Milwaukee,Wisconsin,53209
ZD-21925,Zuschuss Donatelli,Consumer,United States,Richmond,Indiana,47374
SR-20740,Steven Roelle,Home Office,United States,Dallas,Texas,75081
BC-11125,Becky Castell,Home Office,United States,Troy,New York,12180
EH-14185,Evan Henry,Consumer,United States,New York City,New York,10035
ME-17320,Maria Etezadi,Home Office,United States,Springfield,Virginia,22153
GM-14455,Gary Mitchum,Home Office,United States,Houston,Texas,77095
JH-16180,Justin Hirsh,Consumer,United States,Philadelphia,Pennsylvania,19140
VM-21685,Valerie Mitchum,Home Office,United States,Burlington,Vermont,05401
Dl-13600,Dorris liebe,Corporate,United States,New York City,New York,10035
AS-10240,Alan Shonely,Consumer,United States,Philadelphia,Pennsylvania,19120
SF-20200,Sarah Foster,Consumer,United States,New York City,New York,10009
ES-14080,Erin Smith,Corporate,United States,Lakewood,New Jersey,08701
YC-21895,Yoseph Carroll,Corporate,United States,San Francisco,California,94110
RM-19375,Raymond Messe,Consumer,United States,Columbus,Georgia,31907
JL-15505,Jeremy Lonsdale,Consumer,United States,New York City,New York,10035
ZC-21910,Zuschuss Carroll,Consumer,United States,Houston,Texas,77041
CK-12595,Clytie Kelty,Consumer,United States,Los Angeles,California,90032
CK-12325,Christine Kargatis,Home Office,United States,Hot Springs,Arkansas,71901
EH-14125,Eugene Hildebrand,Home Office,United States,Troy,Ohio,45373
PG-18820,Patrick Gardner,Consumer,United States,Smyrna,Georgia,30080
LC-17140,Logan Currie,Consumer,United States,Los Angeles,California,90032
HF-14995,Herbert Flentye,Consumer,United States,Los Angeles,California,90004
SW-20350,Sean Wendt,Home Office,United States,Detroit,Michigan,48227
EB-13750,Edward Becker,Corporate,United States,Seattle,Washington,98103
BT-11680,Brian Thompson,Consumer,United States,San Francisco,California,94122
QJ-19255,Quincy Jones,Corporate,United States,Chicago,Illinois,60653
FM-14215,Filia McAdams,Corporate,United States,Bakersfield,California,93309
JR-16210,Justin Ritter,Corporate,United States,Springfield,Ohio,45503
JF-15295,Jason Fortune-,Consumer,United States,Los Angeles,California,90036
BP-11290,Beth Paige,Consumer,United States,Los Angeles,California,90036
BD-11605,Brian Dahlen,Consumer,United States,Springfield,Virginia,22153
TB-21175,Thomas Boland,Corporate,United States,Wilson,North Carolina,27893
SP-20920,Susan Pistek,Consumer,United States,San Francisco,California,94109
KT-16465,Kean Takahito,Consumer,United States,Glendale,Arizona,85301
JM-15580,Jill Matthias,Consumer,United States,Baltimore,Maryland,21215
TB-21400,Tom Boeckenhauer,Consumer,United States,Alexandria,Virginia,22304
BD-11320,Bill Donatelli,Consumer,United States,San Francisco,California,94110
MY-18295,Muhammed Yedwab,Corporate,United States,Grapevine,Texas,76051
RB-19795,Ross Baird,Home Office,United States,Gastonia,North Carolina,28052
JK-16120,Julie Kriz,Home Office,United States,San Diego,California,92105
BS-11365,Bill Shonely,Corporate,United States,Lakewood,New Jersey,08701
AP-10915,Arthur Prichep,Consumer,United States,Columbus,Georgia,31907
PK-19075,Pete Kriz,Consumer,United States,Nashville,Tennessee,37211
BM-11785,Bryan Mills,Consumer,United States,Seattle,Washington,98115
JM-15535,Jessica Myrick,Consumer,United States,Lakewood,California,90712
BF-11170,Ben Ferrer,Home Office,United States,Raleigh,North Carolina,27604
CS-12175,Charles Sheldon,Corporate,United States,Columbia,Tennessee,38401
SW-20350,Sean Wendt,Home Office,United States,Omaha,Nebraska,68104
JM-15535,Jessica Myrick,Consumer,Canada,Vancouver,British Columbia,V6E
TH-21115,Thea Hudgings,Corporate,United States,Houston,Texas,77070
RF-19840,Roy Französisch,Consumer,United States,Chesapeake,Virginia,23320
CS-12490,Cindy Schnelling,Corporate,United States,New York City,New York,10009
CR-12580,Clay Rozendal,Home Office,United States,Elmhurst,Illinois,60126
GM-14455,Gary Mitchum,Home Office,United States,Columbus,Ohio,43229
JO-15280,Jas O'Carroll,Consumer,United States,Los Angeles,California,90049
KM-16720,Kunst Miller,Consumer,United States,New York City,New York,10035
SP-20545,Sibella Parks,Corporate,United States,Chicago,Illinois,60623
BT-11680,Brian Thompson,Consumer,United States,Milford,Connecticut,06460
DN-13690,Duane Noonan,Consumer,United States,Seattle,Washington,98115
TN-21040,Tanja Norvell,Home Office,United States,Phoenix,Arizona,85023
PG-18895,Paul Gonzalez,Consumer,United States,San Francisco,California,94122
EL-13735,Ed Ludwig,Home Office,United States,Jefferson City,Missouri,65109
MM-17920,Michael Moore,Consumer,United States,Rome,New York,13440
TT-21460,Tonja Turnell,Home Office,United States,Aurora,Illinois,60505
AF-10870,Art Ferguson,Consumer,United States,San Clemente,California,92672
GK-14620,Grace Kelly,Corporate,United States,Hesperia,California,92345
MJ-17740,Max Jones,Consumer,United States,Lancaster,Ohio,43130
HK-14890,Heather Kirkland,Corporate,United States,Charlotte,North Carolina,28205
CL-12700,Craig Leslie,Home Office,United States,Colorado Springs,Colorado,80906
JL-15130,Jack Lebron,Consumer,United States,Riverside,California,92503
CA-12055,Cathy Armstrong,Home Office,United States,Houston,Texas,77070
JL-15850,John Lucas,Consumer,United States,Philadelphia,Pennsylvania,19134
DB-13360,Dennis Bolton,Home Office,United States,New York City,New York,10009
BO-11350,Bill Overfelt,Corporate,United States,Los Angeles,California,90045
RB-19570,Rob Beeghly,Consumer,United States,Saint Charles,Illinois,60174
NB-18655,Nona Balk,Corporate,United States,Dallas,Texas,75217
EH-14005,Erica Hernandez,Home Office,United States,Denver,Colorado,80219
KD-16615,Ken Dana,Corporate,United States,Scottsdale,Arizona,85254
BF-11170,Ben Ferrer,Home Office,United States,Dallas,Texas,75081
JL-15835,John Lee,Consumer,United States,New York City,New York,10011
HF-14995,Herbert Flentye,Consumer,United States,Memphis,Tennessee,38109
CM-12235,Chris McAfee,Consumer,United States,Little Rock,Arkansas,72209
DL-12865,Dan Lawera,Consumer,United States,Greensboro,North Carolina,27405
NR-18550,Nick Radford,Consumer,United States,Amarillo,Texas,79109
EH-13765,Edward Hooks,Corporate,United States,New York City,New York,10009
BD-11770,Bryan Davis,Consumer,United States,Houston,Texas,77070
CC-12475,Cindy Chapman,Consumer,United States,New York City,New York,10024
AS-10090,Adam Shillingsburg,Consumer,United States,Irving,Texas,75061
SM-20905,Susan MacKendrick,Consumer,United States,Newark,Ohio,43055
CB-12415,Christy Brittain,Consumer,United States,Chicago,Illinois,60653
ZD-21925,Zuschuss Donatelli,Consumer,United States,Chattanooga,Tennessee,37421
AH-10465,Amy Hunt,Consumer,United States,San Francisco,California,94109
LW-16990,Lindsay Williams,Corporate,United States,Henderson,Nevada,89015
DM-13015,Darrin Martin,Consumer,United States,Encinitas,California,92024
RB-19465,Rick Bensley,Home Office,United States,Tallahassee,Florida,32303
ND-18370,Natalie DeCherney,Consumer,United States,Louisville,Kentucky,40214
PJ-18835,Patrick Jones,Corporate,United States,Murfreesboro,Tennessee,37130
BF-11005,Barry Franz,Home Office,United States,Los Angeles,California,90004
GM-14500,Gene McClure,Consumer,United States,Bakersfield,California,93309
BE-11455,Brad Eason,Home Office,United States,Lorain,Ohio,44052
BE-11455,Brad Eason,Home Office,United States,Springfield,Missouri,65807
AF-10870,Art Ferguson,Consumer,United States,Chicago,Illinois,60610
CJ-12010,Caroline Jumper,Consumer,United States,New York City,New York,10009
GB-14530,George Bell,Corporate,United States,Dover,Delaware,19901
TB-21625,Trudy Brown,Consumer,United States,Los Angeles,California,90004
CL-12565,Clay Ludtke,Consumer,United States,Cleveland,Ohio,44105
CV-12805,Cynthia Voltz,Corporate,United States,Austin,Texas,78745
PS-18970,Paul Stevenson,Home Office,United States,New York City,New York,10024
JW-16075,Julia West,Consumer,United States,Philadelphia,Pennsylvania,19140
TH-21100,Thea Hendricks,Consumer,United States,Salem,Virginia,24153
RS-19420,Ricardo Sperren,Corporate,United States,Los Angeles,California,90036
SS-20590,Sonia Sunley,Consumer,United States,Seattle,Washington,98115
MB-18085,Mick Brown,Consumer,United States,Houston,Texas,77036
GM-14500,Gene McClure,Consumer,United States,Chicago,Illinois,60610
RD-19720,Roger Demir,Consumer,United States,Seattle,Washington,98105
CS-12400,Christopher Schild,Home Office,United States,Philadelphia,Pennsylvania,19134
TT-21070,Ted Trevino,Consumer,United States,Los Angeles,California,90045
HM-14860,Harry Marie,Corporate,United States,New York City,New York,10024
VM-21835,Vivian Mathis,Consumer,United States,Mission Viejo,California,92691
VG-21805,Vivek Grady,Corporate,United States,Virginia Beach,Virginia,23464
JM-15580,Jill Matthias,Consumer,United States,Seattle,Washington,98105
FM-14215,Filia McAdams,Corporate,United States,Philadelphia,Pennsylvania,19140
MK-17905,Michael Kennedy,Corporate,United States,Jacksonville,Florida,32216
LH-17155,Logan Haushalter,Consumer,United States,Cincinnati,Ohio,45231
TH-21235,Tiffany House,Corporate,United States,Yuma,Arizona,85364
SN-20710,Steve Nguyen,Home Office,United States,Jackson,Mississippi,39212
DP-13000,Darren Powers,Consumer,United States,Fort Lauderdale,Florida,33311
TT-21220,Thomas Thornton,Consumer,United States,New York City,New York,10035
MN-17935,Michael Nguyen,Consumer,United States,Springfield,Ohio,45503
SC-20095,Sanjit Chand,Consumer,United States,Los Angeles,California,90045
DO-13435,Denny Ordway,Consumer,United States,Los Angeles,California,90036
JR-15670,Jim Radford,Consumer,United States,Middletown,Connecticut,06457
AG-10900,Arthur Gainer,Consumer,United States,Waterbury,Connecticut,06708
LW-17215,Luke Weiss,Consumer,United States,Chicago,Illinois,60653
RP-19855,Roy Phan,Corporate,United States,Apopka,Florida,32712
EB-13930,Eric Barreto,Consumer,United States,San Francisco,California,94110
LE-16810,Laurel Elliston,Consumer,United States,Arlington,Virginia,22204
BN-11515,Bradley Nguyen,Consumer,United States,New York City,New York,10011
AH-10690,Anna Häberlin,Corporate,United States,Los Angeles,California,90008
RP-19855,Roy Phan,Corporate,United States,Lafayette,Indiana,47905
BT-11395,Bill Tyler,Corporate,United States,San Francisco,California,94109
RB-19465,Rick Bensley,Home Office,United States,Vallejo,California,94591
EH-14125,Eugene Hildebrand,Home Office,United States,Colorado Springs,Colorado,80906
DB-13210,Dean Braden,Consumer,United States,Port Saint Lucie,Florida,34952
JK-15730,Joe Kamberova,Consumer,United States,Asheville,North Carolina,28806
AS-10285,Alejandro Savely,Corporate,United States,Dallas,Texas,75081
SH-19975,Sally Hughsby,Corporate,United States,Chicago,Illinois,60610
CP-12340,Christine Phan,Corporate,United States,Warwick,Rhode Island,02886
LC-16930,Linda Cazamias,Corporate,United States,Sparks,Nevada,89431
AF-10870,Art Ferguson,Consumer,United States,Passaic,New Jersey,07055
JF-15490,Jeremy Farry,Consumer,United States,Athens,Georgia,30605
JE-15610,Jim Epp,Corporate,United States,Los Angeles,California,90049
LD-17005,Lisa DeCherney,Consumer,United States,San Francisco,California,94109
CC-12370,Christopher Conant,Consumer,United States,Philadelphia,Pennsylvania,19120
AP-10720,Anne Pryor,Home Office,United States,Florence,Alabama,35630
KL-16645,Ken Lonsdale,Consumer,United States,Chicago,Illinois,60623
DP-13390,Dennis Pardue,Home Office,United States,Philadelphia,Pennsylvania,19120
EH-14125,Eugene Hildebrand,Home Office,United States,Newport News,Virginia,23602
JB-16045,Julia Barnett,Home Office,United States,Columbus,Georgia,31907
MS-17710,Maurice Satty,Consumer,United States,Fort Worth,Texas,76106
SV-20785,Stewart Visinsky,Consumer,United States,Santa Ana,California,92704
TB-21280,Toby Braunhardt,Consumer,United States,Washington,District of Columbia,20016
CM-12235,Chris McAfee,Consumer,United States,Milwaukee,Wisconsin,53209
TH-21235,Tiffany House,Corporate,United States,Philadelphia,Pennsylvania,19134
CP-12085,Cathy Prescott,Corporate,United States,Delray Beach,Florida,33445
LA-16780,Laura Armstrong,Corporate,United States,Detroit,Michigan,48205
BS-11665,Brian Stugart,Consumer,United States,Chicago,Illinois,60623
LS-17245,Lynn Smith,Consumer,United States,Los Angeles,California,90045
KC-16675,Kimberly Carter,Corporate,United States,Tallahassee,Florida,32303
CL-12565,Clay Ludtke,Consumer,United States,Los Angeles,California,90004
VD-21670,Valerie Dominguez,Consumer,United States,Jackson,Mississippi,39212
EH-13765,Edward Hooks,Corporate,United States,New York City,New York,10035
TN-21040,Tanja Norvell,Home Office,United States,Park Ridge,Illinois,60068
RB-19360,Raymond Buch,Consumer,United States,Nashville,Tennessee,37211
RL-19615,Rob Lucas,Consumer,United States,Montgomery,Alabama,36116
MY-17380,Maribeth Yedwab,Corporate,United States,Parker,Colorado,80134
EM-14140,Eugene Moren,Home Office,United States,Superior,Wisconsin,54880
JG-15310,Jason Gross,Corporate,United States,Los Angeles,California,90032
AH-10690,Anna Häberlin,Corporate,United States,Springfield,Virginia,22153
JM-16195,Justin MacKendrick,Consumer,United States,Hamilton,Ohio,45011
RW-19690,Robert Waldorf,Consumer,United States,Wilmington,North Carolina,28403
EB-13750,Edward Becker,Corporate,United States,Arlington,Virginia,22204
NL-18310,Nancy Lomonaco,Home Office,United States,Los Angeles,California,90049
AT-10735,Annie Thurman,Consumer,United States,Houston,Texas,77041
BG-11695,Brooke Gillingham,Corporate,United States,Cincinnati,Ohio,45231
BP-11290,Beth Paige,Consumer,United States,Decatur,Illinois,62521
NM-18520,Neoma Murray,Consumer,United States,New York City,New York,10011
EH-13765,Edward Hooks,Corporate,United States,Seattle,Washington,98115
KC-16255,Karen Carlisle,Corporate,United States,Philadelphia,Pennsylvania,19120
CP-12340,Christine Phan,Corporate,United States,Los Angeles,California,90049
EN-13780,Edward Nazzal,Consumer,United States,New York City,New York,10035
KL-16645,Ken Lonsdale,Consumer,United States,Chicago,Illinois,60610
KD-16270,Karen Daniels,Consumer,United States,Springfield,Virginia,22153
CK-12205,Chloris Kastensmidt,Consumer,United States,Santa Clara,California,95051
JL-15235,Janet Lee,Consumer,United States,Newark,Delaware,19711
JS-15940,Joni Sundaresam,Home Office,United States,Philadelphia,Pennsylvania,19134
KB-16600,Ken Brennan,Corporate,United States,Seattle,Washington,98105
LP-17095,Liz Preis,Consumer,United States,Fairfield,Ohio,45014
CK-12595,Clytie Kelty,Consumer,United States,Little Rock,Arkansas,72209
RB-19795,Ross Baird,Home Office,United States,Los Angeles,California,90036
SC-20230,Scot Coram,Corporate,United States,Lowell,Massachusetts,01852
DB-13060,Dave Brooks,Consumer,United States,Lowell,Massachusetts,01852
ME-17320,Maria Etezadi,Home Office,United States,Santa Barbara,California,93101
RC-19825,Roy Collins,Consumer,United States,Chicago,Illinois,60610
FM-14290,Frank Merwin,Home Office,United States,Bakersfield,California,93309
RS-19870,Roy Skaria,Home Office,United States,Philadelphia,Pennsylvania,19120
RD-19810,Ross DeVincentis,Home Office,United States,New York City,New York,10035
DB-13210,Dean Braden,Consumer,United States,San Francisco,California,94109
BF-11215,Benjamin Farhat,Home Office,United States,Minneapolis,Minnesota,55407
TC-21295,Toby Carlisle,Consumer,United States,Tallahassee,Florida,32303
GM-14680,Greg Matthias,Consumer,United States,Los Angeles,California,90045
OT-18730,Olvera Toch,Consumer,United States,Los Angeles,California,90045
JB-16000,Joy Bell-,Consumer,United States,Philadelphia,Pennsylvania,19140
MZ-17515,Mary Zewe,Corporate,United States,Arlington,Texas,76017
SV-20365,Seth Vernon,Consumer,United States,Los Angeles,California,90049
SE-20110,Sanjit Engle,Consumer,United States,Seattle,Washington,98103
ES-14020,Erica Smith,Consumer,United States,New York City,New York,10035
AW-10930,Arthur Wiediger,Home Office,United States,Houston,Texas,77070
SC-20725,Steven Cartwright,Consumer,United States,Wilmington,Delaware,19805
SC-20770,Stewart Carmichael,Corporate,United States,Decatur,Alabama,35601
CB-12415,Christy Brittain,Consumer,United States,Long Beach,New York,11561
DV-13045,Darrin Van Huff,Corporate,United States,Los Angeles,California,90036
EA-14035,Erin Ashbrook,Corporate,United States,Pasadena,California,91104
PO-19180,Philisse Overcash,Home Office,United States,Chicago,Illinois,60623
HO-15234,Harry Olson,Consumer,Canada,Charlottetown,Prince Edward Island,C0A
HO-15233,Harry Olson,Consumer,Canada,Charlottetown,Prince Edward Island,C0A
HO-15232,Harry Olson,Consumer,Canada,Charlottetown,Prince Edward Island,C0A
HO-15231,Harry Olson,Consumer,Canada,Charlottetown,Prince Edward Island,C0A
GT-14710,Greg Tran,Consumer,United States,New York City,New York,10024
SS-20590,Sonia Sunley,Consumer,United States,Wichita,Kansas,67212
SC-20050,Sample Company A,Home Office,United States,Jackson,Michigan,49201
PV-18985,Paul Van Hugh,Home Office,United States,San Francisco,California,94122
EB-13705,Ed Braxton,Corporate,United States,Anaheim,California,92804
JS-15685,Jim Sink,Corporate,United States,Philadelphia,Pennsylvania,19140
AR-10825,Anthony Rawles,Corporate,United States,Seattle,Washington,98103
VM-21835,Vivian Mathis,Consumer,United States,Boca Raton,Florida,33433
LS-17245,Lynn Smith,Consumer,United States,Houston,Texas,77036
JJ-15445,Jennifer Jackson,Consumer,United States,Newark,Delaware,19711
BD-11320,Bill Donatelli,Consumer,United States,Los Angeles,California,90045
JL-15175,James Lanier,Home Office,United States,Chattanooga,Tennessee,37421
MV-18190,Mike Vittorini,Consumer,United States,Los Angeles,California,90045
TB-21055,Ted Butterfield,Consumer,United States,Troy,New York,12180
LC-16885,Lena Creighton,Consumer,United States,Longmont,Colorado,80501
DM-13345,Denise Monton,Corporate,United States,Rochester,New York,14609
CP-12340,Christine Phan,Corporate,United States,Waterbury,Connecticut,06708
IG-15085,Ivan Gibson,Consumer,United States,San Diego,California,92024
FM-14380,Fred McMath,Consumer,United States,New York City,New York,10024
BT-11440,Bobby Trafton,Consumer,United States,Frankfort,Illinois,60423
KC-16255,Karen Carlisle,Corporate,United States,San Francisco,California,94110
RC-19825,Roy Collins,Consumer,United States,Pasadena,California,91104
BS-11365,Bill Shonely,Corporate,United States,Oklahoma City,Oklahoma,73120
CG-12040,Catherine Glotzbach,Home Office,United States,Philadelphia,Pennsylvania,19120
DP-13105,Dave Poirier,Corporate,United States,Salinas,California,93905
EA-14035,Erin Ashbrook,Corporate,United States,Carrollton,Texas,75007
LH-16900,Lena Hernandez,Consumer,United States,Dover,Delaware,19901
AS-10090,Adam Shillingsburg,Consumer,United States,New York City,New York,10011
KB-16600,Ken Brennan,Corporate,United States,Chicago,Illinois,60623
IM-15070,Irene Maddox,Consumer,United States,New York City,New York,10009
RD-19900,Ruben Dartt,Consumer,United States,San Francisco,California,94109
SM-20005,Sally Matthias,Consumer,United States,New York City,New York,10035
MG-17695,Maureen Gnade,Consumer,United States,Buffalo,New York,14215
MJ-17740,Max Jones,Consumer,United States,San Diego,California,92037
DH-13075,Dave Hallsten,Corporate,United States,Houston,Texas,77095
HL-15040,Hunter Lopez,Consumer,United States,Richmond,Indiana,47374
BD-11320,Bill Donatelli,Consumer,United States,San Diego,California,92024
LC-17140,Logan Currie,Consumer,United States,Houston,Texas,77070
TS-21160,Theresa Swint,Corporate,United States,York,Pennsylvania,17403
AS-10240,Alan Shonely,Consumer,United States,Los Angeles,California,90049
DN-13690,Duane Noonan,Consumer,United States,San Francisco,California,94109
VP-21760,Victoria Pisteka,Corporate,United States,New York City,New York,10035
LD-16855,Lela Donovan,Corporate,United States,Chicago,Illinois,60653
JG-15805,John Grady,Corporate,United States,New York City,New York,10024
SN-20560,Skye Norling,Home Office,United States,Roseville,Michigan,48066
AH-10075,Adam Hart,Corporate,United States,Los Angeles,California,90036
GM-14500,Gene McClure,Consumer,United States,Providence,Rhode Island,02908
AB-10255,Alejandro Ballentine,Home Office,United States,Plano,Texas,75023
PF-19225,Phillip Flathmann,Consumer,United States,Atlanta,Georgia,30318
KH-16330,Katharine Harms,Corporate,United States,Highland Park,Illinois,60035
BP-11155,Becky Pak,Consumer,United States,Paterson,New Jersey,07501
CS-12250,Chris Selesnick,Corporate,United States,Los Angeles,California,90032
RF-19735,Roland Fjeld,Consumer,United States,Chicago,Illinois,60610
Co-12640,Corey-Lock,Consumer,United States,Florence,South Carolina,29501
PF-19165,Philip Fox,Consumer,United States,Sandy Springs,Georgia,30328
AH-10120,Adrian Hane,Home Office,United States,Aurora,Illinois,60505
NZ-18565,Nick Zandusky,Home Office,United States,Seattle,Washington,98115
JF-15355,Jay Fein,Consumer,United States,Columbia,South Carolina,29203
SU-20665,Stephanie Ulpright,Home Office,United States,New York City,New York,10009
EM-14140,Eugene Moren,Home Office,United States,Lehi,Utah,84043
EA-14035,Erin Ashbrook,Corporate,United States,Huntsville,Texas,77340
GB-14530,George Bell,Corporate,United States,Los Angeles,California,90004
KH-16360,Katherine Hughes,Consumer,United States,Arlington,Virginia,22204
DK-13225,Dean Katz,Corporate,United States,New York City,New York,10035
GT-14755,Guy Thornton,Consumer,United States,Los Angeles,California,90049
FM-14215,Filia McAdams,Corporate,United States,Philadelphia,Pennsylvania,19143
AA-10645,Anna Andreadi,Consumer,United States,San Francisco,California,94109
RB-19465,Rick Bensley,Home Office,United States,Seattle,Washington,98103
BF-11020,Barry Französisch,Corporate,United States,Aurora,Illinois,60505
CC-12370,Christopher Conant,Consumer,United States,Los Angeles,California,90045
RM-19375,Raymond Messe,Consumer,United States,San Jose,California,95123
MJ-17740,Max Jones,Consumer,United States,Orem,Utah,84057
CC-12100,Chad Cunningham,Home Office,United States,Philadelphia,Pennsylvania,19120
SC-20695,Steve Chapman,Corporate,United States,Hialeah,Florida,33012
JE-15715,Joe Elijah,Consumer,United States,Broomfield,Colorado,80020
SC-20230,Scot Coram,Corporate,United States,Arlington,Texas,76017
CC-12220,Chris Cortes,Consumer,United States,Seattle,Washington,98105
TH-21115,Thea Hudgings,Corporate,United States,Providence,Rhode Island,02908
ZD-21925,Zuschuss Donatelli,Consumer,United States,Jacksonville,Florida,32216
JE-15715,Joe Elijah,Consumer,Canada,Winnipeg,Manitoba,R0H
JD-15895,Jonathan Doherty,Corporate,United States,New York City,New York,10035
LH-17155,Logan Haushalter,Consumer,United States,Dallas,Texas,75081
NZ-18565,Nick Zandusky,Home Office,United States,Yuma,Arizona,85364
AA-10375,Allen Armold,Consumer,United States,Mesa,Arizona,85204
EA-14035,Erin Ashbrook,Corporate,United States,Philadelphia,Pennsylvania,19143
KH-16690,Kristen Hastings,Corporate,United States,Los Angeles,California,90008
SW-20755,Steven Ward,Corporate,United States,New York City,New York,10009
RB-19360,Raymond Buch,Consumer,United States,San Francisco,California,94122
AR-10570,Anemone Ratner,Consumer,United States,Columbus,Georgia,31907
DR-12880,Dan Reichenbach,Corporate,United States,New York City,New York,10009
RE-19450,Richard Eichhorn,Consumer,United States,Auburn,New York,13021
JS-15880,John Stevenson,Consumer,United States,Irving,Texas,75061
TP-21130,Theone Pippenger,Consumer,United States,Philadelphia,Pennsylvania,19134
RH-19600,Rob Haberlin,Consumer,United States,Huntsville,Alabama,35810
ES-14080,Erin Smith,Corporate,United States,Tucson,Arizona,85705
BM-11785,Bryan Mills,Consumer,United States,Houston,Texas,77036
MC-17425,Mark Cousins,Corporate,United States,Portland,Oregon,97206
RH-19510,Rick Huthwaite,Home Office,United States,Provo,Utah,84604
MC-17425,Mark Cousins,Corporate,United States,Houston,Texas,77036
JD-15895,Jonathan Doherty,Corporate,United States,Columbia,South Carolina,29203
AM-10360,Alice McCarthy,Corporate,United States,Grand Prairie,Texas,75051
DK-13375,Dennis Kane,Consumer,United States,Seattle,Washington,98105
AT-10735,Annie Thurman,Consumer,United States,New York City,New York,10024
MC-17590,Matt Collister,Corporate,United States,Perth Amboy,New Jersey,08861
AA-10480,Andrew Allen,Consumer,United States,Springfield,Missouri,65807
RA-19885,Ruben Ausman,Corporate,United States,Los Angeles,California,90049
KH-16330,Katharine Harms,Corporate,United States,Bowling Green,Kentucky,42104
LS-16945,Linda Southworth,Corporate,United States,Denver,Colorado,80219
NK-18490,Neil Knudson,Home Office,United States,Philadelphia,Pennsylvania,19140
JP-15460,Jennifer Patt,Corporate,United States,Glendale,Arizona,85301
SV-20935,Susan Vittorini,Consumer,United States,Dallas,Texas,75217
NP-18670,Nora Paige,Consumer,United States,Phoenix,Arizona,85023
JS-16030,Joy Smith,Consumer,United States,Hattiesburg,Mississippi,39401
TC-21535,Tracy Collins,Home Office,United States,San Francisco,California,94110
PJ-19015,Pauline Johnson,Consumer,United States,Long Beach,New York,11561
BP-11290,Beth Paige,Consumer,United States,Concord,North Carolina,28027
JG-15310,Jason Gross,Corporate,United States,Newark,Ohio,43055
CC-12610,Corey Catlett,Corporate,United States,Philadelphia,Pennsylvania,19134
DK-12835,Damala Kotsonis,Corporate,United States,Roseville,California,95661
MF-17665,Maureen Fritzler,Corporate,United States,Columbia,Maryland,21044
CJ-12010,Caroline Jumper,Consumer,United States,Allentown,Pennsylvania,18103
DK-13375,Dennis Kane,Consumer,United States,Westland,Michigan,48185
DL-13495,Dionis Lloyd,Corporate,United States,San Francisco,California,94110
KN-16705,Kristina Nunn,Home Office,United States,Sparks,Nevada,89431
JB-15400,Jennifer Braxton,Corporate,United States,Tampa,Florida,33614
CK-12205,Chloris Kastensmidt,Consumer,United States,Mcallen,Texas,78501
NF-18475,Neil Französisch,Home Office,United States,Rockford,Illinois,61107
IL-15100,Ivan Liston,Consumer,United States,Houston,Texas,77041
DB-12970,Darren Budd,Corporate,United States,New York City,New York,10035
JG-15160,James Galang,Consumer,United States,Lafayette,Louisiana,70506
SC-20095,Sanjit Chand,Consumer,United States,Costa Mesa,California,92627
SH-19975,Sally Hughsby,Corporate,United States,Milwaukee,Wisconsin,53209
MT-17815,Meg Tillman,Consumer,United States,Jackson,Mississippi,39212
RR-19525,Rick Reed,Corporate,United States,Toledo,Ohio,43615
BC-11125,Becky Castell,Home Office,United States,San Francisco,California,94122
KM-16375,Katherine Murray,Home Office,United States,Arlington,Virginia,22204
BE-11335,Bill Eplett,Home Office,United States,Houston,Texas,77041
LB-16735,Larry Blacks,Consumer,United States,Los Angeles,California,90032
KH-16630,Ken Heidel,Corporate,United States,Houston,Texas,77070
CB-12415,Christy Brittain,Consumer,United States,Columbus,Ohio,43229
OT-18730,Olvera Toch,Consumer,United States,Bethlehem,Pennsylvania,18018
BF-11005,Barry Franz,Home Office,United States,Pasadena,Texas,77506
SC-20680,Steve Carroll,Home Office,United States,Holland,Michigan,49423
KM-16660,Khloe Miller,Consumer,United States,Los Angeles,California,90032
PW-19240,Pierre Wener,Consumer,United States,Pensacola,Florida,32503
RH-19555,Ritsa Hightower,Consumer,United States,Charlotte,North Carolina,28205
JO-15145,Jack O'Briant,Corporate,United States,Philadelphia,Pennsylvania,19140
RW-19630,Rob Williams,Corporate,United States,San Francisco,California,94122
LS-16975,Lindsay Shagiari,Home Office,United States,Houston,Texas,77070
KH-16360,Katherine Hughes,Consumer,United States,Chicago,Illinois,60623
KL-16645,Ken Lonsdale,Consumer,United States,Detroit,Michigan,48205
AH-10690,Anna Häberlin,Corporate,United States,San Francisco,California,94122
KM-16660,Khloe Miller,Consumer,United States,Philadelphia,Pennsylvania,19140
TS-21205,Thomas Seio,Corporate,United States,Riverside,California,92503
SG-20890,Susan Gilcrest,Corporate,United States,Amarillo,Texas,79109
BF-11020,Barry Französisch,Corporate,United States,Los Angeles,California,90032
AG-10330,Alex Grayson,Consumer,United States,Tulsa,Oklahoma,74133
ML-17755,Max Ludwig,Home Office,United States,Suffolk,Virginia,23434
LC-16930,Linda Cazamias,Corporate,United States,Sacramento,California,95823
RA-19285,Ralph Arnett,Consumer,United States,Peoria,Illinois,61604
MF-17665,Maureen Fritzler,Corporate,United States,Huntsville,Alabama,35810
LM-17065,Liz MacKendrick,Consumer,United States,New York City,New York,10024
AH-10690,Anna Häberlin,Corporate,United States,New York City,New York,10024
VG-21790,Vivek Gonzalez,Consumer,United States,Los Angeles,California,90032
DW-13585,Dorothy Wardle,Corporate,United States,Edmonds,Washington,98026
CA-12055,Cathy Armstrong,Home Office,United States,Los Angeles,California,90036
JF-15565,Jill Fjeld,Consumer,United States,Dallas,Texas,75081
CM-12655,Corinna Mitchell,Home Office,United States,Jackson,Mississippi,39212
CC-12145,Charles Crestani,Consumer,United States,Oklahoma City,Oklahoma,73120
HA-14920,Helen Andreada,Consumer,United States,Fayetteville,North Carolina,28314
GH-14410,Gary Hansen,Home Office,United States,Hendersonville,Tennessee,37075
MT-18070,Michelle Tran,Home Office,United States,Tulsa,Oklahoma,74133
BC-11125,Becky Castell,Home Office,United States,New York City,New York,10011
NP-18700,Nora Preis,Consumer,United States,New York City,New York,10024
CS-12490,Cindy Schnelling,Corporate,United States,Lakeland,Florida,33801
DB-13270,Deborah Brumfield,Home Office,United States,Philadelphia,Pennsylvania,19134
LC-16870,Lena Cacioppo,Consumer,United States,Des Moines,Iowa,50315
CM-12235,Chris McAfee,Consumer,United States,Carrollton,Texas,75007
TS-21160,Theresa Swint,Corporate,United States,West Allis,Wisconsin,53214
HG-15025,Hunter Glantz,Consumer,United States,Kenner,Louisiana,70065
CT-11995,Carol Triggs,Consumer,United States,Irving,Texas,75061
EM-14065,Erin Mull,Consumer,United States,Jacksonville,North Carolina,28540
RF-19840,Roy Französisch,Consumer,United States,Springfield,Virginia,22153
JM-15580,Jill Matthias,Consumer,United States,Los Angeles,California,90045
TR-21325,Toby Ritter,Consumer,United States,Nashville,Tennessee,37211
SP-20650,Stephanie Phelps,Corporate,United States,Akron,Ohio,44312
CC-12370,Christopher Conant,Consumer,United States,Fayetteville,North Carolina,28314
BD-11320,Bill Donatelli,Consumer,United States,Los Angeles,California,90004
ME-17725,Max Engle,Consumer,United States,Aurora,Colorado,80013
CY-12745,Craig Yedwab,Corporate,United States,Oakland,California,94601
JC-15775,John Castell,Consumer,United States,Tallahassee,Florida,32303
AO-10810,Anthony O'Donnell,Corporate,United States,Los Angeles,California,90045
PK-19075,Pete Kriz,Consumer,United States,San Francisco,California,94110
JP-15520,Jeremy Pistek,Consumer,United States,Davis,California,95616
NM-18520,Neoma Murray,Consumer,United States,Seattle,Washington,98105
MA-17560,Matt Abelman,Home Office,United States,Houston,Texas,77070
HW-14935,Helen Wasserman,Corporate,United States,New York City,New York,10024
NF-18385,Natalie Fritzler,Consumer,United States,Edinburg,Texas,78539
GG-14650,Greg Guthrie,Corporate,United States,New York City,New York,10035
RP-19390,Resi Pölking,Consumer,United States,New York City,New York,10009
DW-13480,Dianna Wilson,Home Office,United States,Detroit,Michigan,48205
JK-15370,Jay Kimmel,Consumer,United States,New York City,New York,10035
RB-19465,Rick Bensley,Home Office,United States,Philadelphia,Pennsylvania,19143
SC-20230,Scot Coram,Corporate,United States,Los Angeles,California,90004
RP-19270,Rachel Payne,Corporate,United States,Seattle,Washington,98115
SU-20665,Stephanie Ulpright,Home Office,United States,Greenville,North Carolina,27834
TC-21475,Tony Chapman,Home Office,United States,Fort Collins,Colorado,80525
CR-12730,Craig Reiter,Consumer,United States,Columbus,Ohio,43229
PW-19030,Pauline Webber,Corporate,United States,Los Angeles,California,90049
SG-20470,Sheri Gordon,Consumer,United States,Gresham,Oregon,97030
DD-13570,Dorothy Dickinson,Consumer,United States,Houston,Texas,77041
DG-13300,Deirdre Greer,Corporate,United States,Seattle,Washington,98105
MS-17770,Maxwell Schwartz,Consumer,United States,Seattle,Washington,98105
MH-18115,Mick Hernandez,Home Office,United States,Pharr,Texas,78577
JP-15460,Jennifer Patt,Corporate,United States,New York City,New York,10035
MA-17560,Matt Abelman,Home Office,United States,Sheboygan,Wisconsin,53081
DJ-13510,Don Jones,Corporate,United States,San Diego,California,92037
LC-16930,Linda Cazamias,Corporate,United States,Pasadena,Texas,77506
XP-21865,Xylona Preis,Consumer,United States,Athens,Georgia,30605
AA-10480,Andrew Allen,Consumer,United States,Detroit,Michigan,48234
TS-21430,Tom Stivers,Corporate,United States,Los Angeles,California,90045
VG-21805,Vivek Grady,Corporate,United States,Philadelphia,Pennsylvania,19140
KD-16615,Ken Dana,Corporate,United States,New York City,New York,10024
RF-19735,Roland Fjeld,Consumer,United States,San Jose,California,95123
CC-12145,Charles Crestani,Consumer,United States,Seattle,Washington,98103
SV-20815,Stuart Van,Corporate,United States,Miami,Florida,33142
SS-20515,Shirley Schmidt,Home Office,United States,Franklin,Wisconsin,53132
DR-12880,Dan Reichenbach,Corporate,United States,New York City,New York,10035
TB-21055,Ted Butterfield,Consumer,United States,Quincy,Massachusetts,02169
EM-13825,Elizabeth Moffitt,Corporate,United States,Hollywood,Florida,33021
SS-20875,Sung Shariari,Consumer,United States,Dallas,Texas,75220
TB-21355,Todd Boyes,Corporate,United States,Houston,Texas,77041
TP-21415,Tom Prescott,Consumer,United States,Dallas,Texas,75081
EB-13750,Edward Becker,Corporate,United States,Cincinnati,Ohio,45231
CS-12130,Chad Sievert,Consumer,United States,Englewood,Colorado,80112
GB-14530,George Bell,Corporate,United States,Philadelphia,Pennsylvania,19120
RB-19465,Rick Bensley,Home Office,United States,Chicago,Illinois,60610
AB-10060,Adam Bellavance,Home Office,United States,Concord,New Hampshire,03301
MO-17800,Meg O'Connel,Home Office,United States,New York City,New York,10024
PO-18850,Patrick O'Brill,Consumer,United States,Philadelphia,Pennsylvania,19143
BG-11740,Bruce Geld,Consumer,United States,Los Angeles,California,90008
TP-21130,Theone Pippenger,Consumer,United States,Waco,Texas,76706
PG-18820,Patrick Gardner,Consumer,United States,New York City,New York,10011
JA-15970,Joseph Airdo,Consumer,United States,Detroit,Michigan,48227
AB-10060,Adam Bellavance,Home Office,United States,New York City,New York,10009
CV-12805,Cynthia Voltz,Corporate,United States,San Francisco,California,94110
LB-16795,Laurel Beltran,Home Office,United States,Huntington Beach,California,92646
BM-11140,Becky Martin,Consumer,United States,Des Moines,Washington,98198
TA-21385,Tom Ashbrook,Home Office,United States,Chicago,Illinois,60653
LR-16915,Lena Radford,Consumer,United States,Los Angeles,California,90036
KD-16270,Karen Daniels,Consumer,United States,New York City,New York,10024
JE-15715,Joe Elijah,Consumer,United States,Charlotte,North Carolina,28205
RD-19810,Ross DeVincentis,Home Office,United States,Houston,Texas,77070
SS-20590,Sonia Sunley,Consumer,United States,Madison,Wisconsin,53711
RL-19615,Rob Lucas,Consumer,United States,Chicago,Illinois,60623
SZ-20035,Sam Zeldin,Home Office,United States,San Francisco,California,94122
TG-21310,Toby Gnade,Consumer,United States,Des Moines,Washington,98198
HF-14995,Herbert Flentye,Consumer,United States,Baltimore,Maryland,21215
RB-19570,Rob Beeghly,Consumer,United States,Chicago,Illinois,60610
JK-16120,Julie Kriz,Home Office,United States,Aurora,Illinois,60505
CY-12745,Craig Yedwab,Corporate,United States,Monroe,Louisiana,71203
PK-18910,Paul Knutson,Home Office,United States,Philadelphia,Pennsylvania,19143
CS-11950,Carlos Soltero,Consumer,United States,Chicago,Illinois,60610
MH-17620,Matt Hagelstein,Corporate,United States,Cincinnati,Ohio,45231
FM-14215,Filia McAdams,Corporate,United States,Middletown,Connecticut,06457
JJ-15445,Jennifer Jackson,Consumer,United States,Waukesha,Wisconsin,53186
IM-15055,Ionia McGrath,Consumer,United States,San Francisco,California,94122
AA-10645,Anna Andreadi,Consumer,United States,Georgetown,Kentucky,40324
CV-12295,Christina VanderZanden,Consumer,United States,New York City,New York,10011
DL-13315,Delfina Latchford,Consumer,United States,Knoxville,Tennessee,37918
MB-18085,Mick Brown,Consumer,United States,Springfield,Missouri,65807
JP-15520,Jeremy Pistek,Consumer,United States,Jonesboro,Arkansas,72401
RP-19855,Roy Phan,Corporate,United States,Woodbury,Minnesota,55125
DB-13210,Dean Braden,Consumer,United States,Philadelphia,Pennsylvania,19134
PK-19075,Pete Kriz,Consumer,United States,Detroit,Michigan,48227
AR-10825,Anthony Rawles,Corporate,United States,Austin,Texas,78745
MD-17350,Maribeth Dona,Consumer,United States,Lancaster,Ohio,43130
EM-13825,Elizabeth Moffitt,Corporate,United States,Houston,Texas,77036
MM-17920,Michael Moore,Consumer,United States,Chesapeake,Virginia,23320
GH-14410,Gary Hansen,Home Office,United States,Houston,Texas,77070
BE-11455,Brad Eason,Home Office,United States,Olathe,Kansas,66062
JH-15985,Joseph Holt,Consumer,United States,Redondo Beach,California,90278
DM-13015,Darrin Martin,Consumer,United States,Johnson City,Tennessee,37604
JC-15340,Jasper Cacioppo,Consumer,United States,Philadelphia,Pennsylvania,19120
DM-13525,Don Miller,Corporate,United States,Houston,Texas,77070
MV-17485,Mark Van Huff,Consumer,United States,New York City,New York,10011
SU-20665,Stephanie Ulpright,Home Office,United States,Chicago,Illinois,60653
PT-19090,Pete Takahito,Consumer,United States,San Antonio,Texas,78207
ML-17395,Marina Lichtenstein,Corporate,United States,San Diego,California,92105
TR-21325,Toby Ritter,Consumer,United States,Cedar Rapids,Iowa,52402
FW-14395,Fred Wasserman,Corporate,United States,New York City,New York,10011
MO-17500,Mary O'Rourke,Consumer,United States,New York City,New York,10035
ER-13855,Elpida Rittenbach,Corporate,United States,Saint Paul,Minnesota,55106
KB-16315,Karl Braun,Consumer,United States,Thomasville,North Carolina,27360
YC-21895,Yoseph Carroll,Corporate,United States,Dallas,Texas,75217
BG-11740,Bruce Geld,Consumer,United States,Houston,Texas,77070
AP-10720,Anne Pryor,Home Office,United States,Malden,Massachusetts,02148
AG-10675,Anna Gayman,Consumer,United States,Houston,Texas,77036
TR-21325,Toby Ritter,Consumer,United States,Seattle,Washington,98103
SE-20110,Sanjit Engle,Consumer,United States,Wheeling,Illinois,60090
PJ-19015,Pauline Johnson,Consumer,United States,Santa Ana,California,92704
MG-17875,Michael Grace,Home Office,United States,New York City,New York,10011
KB-16585,Ken Black,Corporate,United States,Dallas,Texas,75081
LP-17095,Liz Preis,Consumer,United States,Visalia,California,93277
VM-21685,Valerie Mitchum,Home Office,United States,Lancaster,California,93534
JM-15580,Jill Matthias,Consumer,United States,Monroe,North Carolina,28110
DB-12910,Daniel Byrd,Home Office,United States,Dallas,Texas,75220
TS-21610,Troy Staebel,Consumer,United States,New York City,New York,10024
AT-10735,Annie Thurman,Consumer,United States,Stockton,California,95207
KT-16480,Kean Thornton,Consumer,United States,Houston,Texas,77095
CG-12040,Catherine Glotzbach,Home Office,United States,Bristol,Tennessee,37620
DV-13465,Dianna Vittorini,Consumer,United States,Los Angeles,California,90049
BD-11770,Bryan Davis,Consumer,United States,Edmonds,Washington,98026
PN-18775,Parhena Norris,Home Office,United States,New York City,New York,10011
SC-20695,Steve Chapman,Corporate,United States,Fort Lauderdale,Florida,33311
LC-16930,Linda Cazamias,Corporate,United States,Phoenix,Arizona,85023
NZ-18565,Nick Zandusky,Home Office,United States,Toledo,Ohio,43615
EB-14110,Eugene Barchas,Consumer,United States,San Jose,California,95123
AS-10090,Adam Shillingsburg,Consumer,United States,Chicago,Illinois,60653
RC-19960,Ryan Crowe,Consumer,United States,Houston,Texas,77041
JF-15565,Jill Fjeld,Consumer,United States,Newport News,Virginia,23602
GD-14590,Giulietta Dortch,Corporate,United States,Philadelphia,Pennsylvania,19143
KC-16540,Kelly Collister,Consumer,United States,San Diego,California,92037
TB-21625,Trudy Brown,Consumer,United States,Wichita,Kansas,67212
AJ-10795,Anthony Johnson,Corporate,United States,Springfield,Virginia,22153
PO-19180,Philisse Overcash,Home Office,United States,Louisville,Colorado,80027
BP-11185,Ben Peterman,Corporate,United States,Arvada,Colorado,80004
MC-17590,Matt Collister,Corporate,United States,Utica,New York,13501
SF-20200,Sarah Foster,Consumer,United States,Seattle,Washington,98103
SC-20695,Steve Chapman,Corporate,United States,Roseville,Michigan,48066
AG-10270,Alejandro Grove,Consumer,United States,Omaha,Nebraska,68104
CL-12565,Clay Ludtke,Consumer,United States,Long Beach,New York,11561
PN-18775,Parhena Norris,Home Office,United States,Columbia,South Carolina,29203
JD-16150,Justin Deggeller,Corporate,United States,Twin Falls,Idaho,83301
RB-19570,Rob Beeghly,Consumer,United States,Seattle,Washington,98105
AH-10075,Adam Hart,Corporate,United States,New York City,New York,10011
DB-13210,Dean Braden,Consumer,United States,Philadelphia,Pennsylvania,19140
KD-16495,Keith Dawkins,Corporate,United States,San Jose,California,95123
CR-12625,Corey Roper,Home Office,United States,Columbus,Georgia,31907
BC-11125,Becky Castell,Home Office,United States,Laguna Niguel,California,92677
SJ-20125,Sanjit Jacobs,Home Office,United States,Seattle,Washington,98103
PO-18865,Patrick O'Donnell,Consumer,United States,Marlborough,Massachusetts,01752
LA-16780,Laura Armstrong,Corporate,United States,Bangor,Maine,04401
BS-11590,Brendan Sweed,Corporate,United States,Columbus,Indiana,47201
JS-15685,Jim Sink,Corporate,United States,Los Angeles,California,90036
CC-12430,Chuck Clark,Home Office,United States,Redmond,Washington,98052
TS-21610,Troy Staebel,Consumer,United States,Springfield,Ohio,45503
CS-12505,Cindy Stewart,Consumer,United States,Columbus,Georgia,31907
JW-15220,Jane Waco,Corporate,United States,San Diego,California,92105
MM-17260,Magdelene Morse,Consumer,United States,New Rochelle,New York,10801
AM-10705,Anne McFarland,Consumer,United States,Auburn,Alabama,36830
SV-20365,Seth Vernon,Consumer,United States,Columbus,Ohio,43229
NB-18655,Nona Balk,Corporate,United States,Jacksonville,Florida,32216
HM-14980,Henry MacAllister,Consumer,United States,New York City,New York,10009
PO-18850,Patrick O'Brill,Consumer,United States,Jacksonville,Florida,32216
BD-11320,Bill Donatelli,Consumer,United States,Woodland,California,95695
EH-14125,Eugene Hildebrand,Home Office,United States,Aurora,Illinois,60505
RH-19510,Rick Huthwaite,Home Office,United States,Providence,Rhode Island,02908
AP-10720,Anne Pryor,Home Office,United States,Philadelphia,Pennsylvania,19140
SD-20485,Shirley Daniels,Home Office,United States,Orange,New Jersey,07050
FH-14275,Frank Hawley,Corporate,United States,San Francisco,California,94122
CC-12430,Chuck Clark,Home Office,United States,San Francisco,California,94109
SW-20245,Scot Wooten,Consumer,United States,Stockton,California,95207
CK-12595,Clytie Kelty,Consumer,United States,Providence,Rhode Island,02908
TP-21130,Theone Pippenger,Consumer,United States,Columbus,Georgia,31907
HJ-14875,Heather Jas,Home Office,United States,Seattle,Washington,98105
FM-14215,Filia McAdams,Corporate,United States,Greensboro,North Carolina,27405
HA-14905,Helen Abelman,Consumer,United States,New York City,New York,10035
GM-14695,Greg Maxwell,Corporate,United States,San Francisco,California,94122
EN-13780,Edward Nazzal,Consumer,United States,Grand Rapids,Michigan,49505
SM-20950,Suzanne McNair,Corporate,United States,Broomfield,Colorado,80020
CS-12250,Chris Selesnick,Corporate,United States,Green Bay,Wisconsin,54302
AS-10630,Ann Steele,Home Office,United States,Louisville,Kentucky,40214
PW-19240,Pierre Wener,Consumer,United States,Philadelphia,Pennsylvania,19140
SH-19975,Sally Hughsby,Corporate,United States,Smyrna,Tennessee,37167
AC-10450,Amy Cox,Consumer,United States,Pembroke Pines,Florida,33024
NP-18685,Nora Pelletier,Home Office,United States,Parma,Ohio,44134
RD-19660,Robert Dilbeck,Home Office,United States,Philadelphia,Pennsylvania,19134
RC-19960,Ryan Crowe,Consumer,United States,Grand Rapids,Michigan,49505
AC-10660,Anna Chung,Consumer,United States,Lawrence,Indiana,46226
SZ-20035,Sam Zeldin,Home Office,United States,New York City,New York,10035
SM-20950,Suzanne McNair,Corporate,Canada,Regina,Saskatchewan,S0G
RA-19915,Russell Applegate,Consumer,United States,Columbus,Georgia,31907
DP-13105,Dave Poirier,Corporate,United States,Seattle,Washington,98115
KL-16555,Kelly Lampkin,Corporate,United States,Fairfield,Ohio,45014
JS-15940,Joni Sundaresam,Home Office,United States,Lancaster,Ohio,43130
CR-12580,Clay Rozendal,Home Office,United States,New York City,New York,10009
DV-13045,Darrin Van Huff,Corporate,United States,San Diego,California,92037
CM-11815,Candace McMahon,Corporate,United States,Seattle,Washington,98115
EH-13765,Edward Hooks,Corporate,United States,Los Angeles,California,90049
PK-19075,Pete Kriz,Consumer,United States,Columbus,Ohio,43229
EB-13750,Edward Becker,Corporate,United States,San Francisco,California,94110
CL-12700,Craig Leslie,Home Office,United States,Aurora,Colorado,80013
RD-19900,Ruben Dartt,Consumer,United States,Bloomington,Indiana,47401
BP-11230,Benjamin Patterson,Consumer,United States,Broken Arrow,Oklahoma,74012
MK-17905,Michael Kennedy,Corporate,United States,Rockford,Illinois,61107
LA-16780,Laura Armstrong,Corporate,United States,Los Angeles,California,90004
AS-10045,Aaron Smayling,Corporate,United States,San Francisco,California,94110
DL-12865,Dan Lawera,Consumer,United States,Long Beach,California,90805
SC-20695,Steve Chapman,Corporate,United States,La Crosse,Wisconsin,54601
AB-10105,Adrian Barton,Consumer,United States,Phoenix,Arizona,85023
TS-21505,Tony Sayre,Consumer,United States,Cleveland,Ohio,44105
JW-16075,Julia West,Consumer,United States,San Francisco,California,94109
KE-16420,Katrina Edelman,Corporate,United States,Tigard,Oregon,97224
NH-18610,Nicole Hansen,Corporate,United States,Irving,Texas,75061
SH-19975,Sally Hughsby,Corporate,United States,Hesperia,California,92345
LR-17035,Lisa Ryan,Corporate,United States,Houston,Texas,77041
NF-18385,Natalie Fritzler,Consumer,United States,Decatur,Illinois,62521
SN-20710,Steve Nguyen,Home Office,United States,Covington,Washington,98042
CM-12445,Chuck Magee,Consumer,United States,Redlands,California,92374
SC-20380,Shahid Collister,Consumer,United States,Houston,Texas,77095
MH-17620,Matt Hagelstein,Corporate,United States,Houston,Texas,77041
CS-12175,Charles Sheldon,Corporate,United States,Iowa City,Iowa,52240
DW-13585,Dorothy Wardle,Corporate,United States,San Francisco,California,94109
TN-21040,Tanja Norvell,Home Office,United States,Tallahassee,Florida,32303
JS-13215,Jennifer Sheldon,Corporate,Canada,Quebec City,Quebec,G1B
HM-14860,Harry Marie,Corporate,United States,Huntsville,Texas,77340
JG-15160,James Galang,Consumer,United States,Atlanta,Georgia,30318
BM-11650,Brian Moss,Corporate,United States,Lancaster,Ohio,43130
SW-20455,Shaun Weien,Consumer,United States,Seattle,Washington,98103
MM-18280,Muhammed MacIntyre,Corporate,United States,Quincy,Illinois,62301
CC-12100,Chad Cunningham,Home Office,United States,Columbus,Indiana,47201
JK-15730,Joe Kamberova,Consumer,United States,Mobile,Alabama,36608
DM-12955,Dario Medina,Corporate,United States,Yuma,Arizona,85364
AR-10540,Andy Reiter,Consumer,United States,San Francisco,California,94109
LS-16945,Linda Southworth,Corporate,United States,Philadelphia,Pennsylvania,19140
PS-18760,Pamela Stobb,Consumer,United States,Los Angeles,California,90008
ML-17410,Maris LaWare,Consumer,United States,Los Angeles,California,90008
ES-14080,Erin Smith,Corporate,United States,Springfield,Oregon,97477
GM-14680,Greg Matthias,Consumer,United States,New York City,New York,10011
SJ-20215,Sarah Jordon,Consumer,United States,Quincy,Illinois,62301
BD-11620,Brian DeCherney,Consumer,United States,San Francisco,California,94122
CC-12220,Chris Cortes,Consumer,United States,La Porte,Indiana,46350
GM-14680,Greg Matthias,Consumer,United States,New York City,New York,10024
JK-15205,Jamie Kunitz,Consumer,United States,Hialeah,Florida,33012
HG-15025,Hunter Glantz,Consumer,United States,Amarillo,Texas,79109
TT-21265,Tim Taslimi,Corporate,United States,New York City,New York,10024
TC-20980,Tamara Chand,Corporate,United States,Lafayette,Indiana,47905
LP-17095,Liz Preis,Consumer,United States,Phoenix,Arizona,85023
EB-13870,Emily Burns,Consumer,United States,New York City,New York,10035
DB-12910,Daniel Byrd,Home Office,United States,Lake Forest,California,92630
TP-21565,Tracy Poddar,Corporate,United States,Grand Prairie,Texas,75051
HL-15040,Hunter Lopez,Consumer,United States,Houston,Texas,77095
AH-10690,Anna Häberlin,Corporate,United States,Coral Gables,Florida,33134
MS-17830,Melanie Seite,Consumer,United States,Baltimore,Maryland,21215
DR-12940,Daniel Raglin,Home Office,United States,Providence,Rhode Island,02908
MO-17500,Mary O'Rourke,Consumer,United States,The Colony,Texas,75056
LB-16795,Laurel Beltran,Home Office,United States,Pueblo,Colorado,81001
JH-15910,Jonathan Howell,Consumer,United States,Tulsa,Oklahoma,74133
TB-21250,Tim Brockman,Consumer,United States,Los Angeles,California,90049
MC-18100,Mick Crebagga,Consumer,United States,Marysville,Washington,98270
AW-10930,Arthur Wiediger,Home Office,United States,Philadelphia,Pennsylvania,19143
CC-12475,Cindy Chapman,Consumer,United States,Los Angeles,California,90032
DL-13495,Dionis Lloyd,Corporate,United States,Spokane,Washington,99207
BW-11110,Bart Watters,Corporate,United States,Houston,Texas,77070
PM-19135,Peter McVee,Home Office,United States,San Antonio,Texas,78207
JE-15745,Joel Eaton,Consumer,United States,Los Angeles,California,90036
DB-13615,Doug Bickford,Consumer,United States,Charlotte,North Carolina,28205
MZ-17335,Maria Zettner,Home Office,United States,Phoenix,Arizona,85023
SP-20545,Sibella Parks,Corporate,United States,Philadelphia,Pennsylvania,19143
MP-17965,Michael Paige,Corporate,United States,Troy,Ohio,45373
CC-12610,Corey Catlett,Corporate,United States,Denver,Colorado,80219
WB-21850,William Brown,Consumer,United States,La Porte,Texas,77571
EB-13975,Erica Bern,Corporate,United States,Greensboro,North Carolina,27405
WB-21850,William Brown,Consumer,Canada,Winnipeg,Manitoba,R3R
EP-13915,Emily Phan,Consumer,United States,Chicago,Illinois,60610
NC-18625,Noah Childs,Corporate,United States,Aurora,Colorado,80013
LC-16885,Lena Creighton,Consumer,United States,Roseville,California,95661
HA-14920,Helen Andreada,Consumer,United States,Laredo,Texas,78041
BW-11110,Bart Watters,Corporate,United States,New York City,New York,10024
NC-18415,Nathan Cano,Consumer,United States,Jacksonville,North Carolina,28540
PW-19030,Pauline Webber,Corporate,United States,New York City,New York,10009
CP-12340,Christine Phan,Corporate,United States,Seattle,Washington,98115
BE-11410,Bobby Elias,Consumer,United States,Appleton,Wisconsin,54915
QJ-19255,Quincy Jones,Corporate,United States,Springfield,Virginia,22153
CD-12790,Cynthia Delaney,Home Office,United States,Oklahoma City,Oklahoma,73120
PB-18805,Patrick Bzostek,Home Office,United States,Salt Lake City,Utah,84106
NB-18655,Nona Balk,Corporate,United States,New York City,New York,10011
NR-18550,Nick Radford,Consumer,United States,Perth Amboy,New Jersey,08861
MG-17890,Michael Granlund,Home Office,United States,Fresno,California,93727
FC-14245,Frank Carlisle,Home Office,United States,Columbia,Missouri,65203
NK-18490,Neil Knudson,Home Office,United States,San Francisco,California,94122
EP-13915,Emily Phan,Consumer,United States,Tempe,Arizona,85281
MY-18295,Muhammed Yedwab,Corporate,United States,El Cajon,California,92020
CM-12445,Chuck Magee,Consumer,United States,Houston,Texas,77095
LC-16960,Lindsay Castell,Home Office,United States,Arlington,Virginia,22204
LF-17185,Luke Foster,Consumer,United States,Newark,Ohio,43055
AG-10495,Andrew Gjertsen,Corporate,United States,Los Angeles,California,90049
JS-16030,Joy Smith,Consumer,United States,Trenton,Michigan,48183
MK-17905,Michael Kennedy,Corporate,United States,Manchester,Connecticut,06040
CS-11950,Carlos Soltero,Consumer,United States,Los Angeles,California,90045
AP-10720,Anne Pryor,Home Office,United States,Fort Lauderdale,Florida,33311
VW-21775,Victoria Wilson,Corporate,United States,Lakewood,Ohio,44107
DP-13390,Dennis Pardue,Home Office,United States,North Las Vegas,Nevada,89031
MY-18295,Muhammed Yedwab,Corporate,United States,Newark,Delaware,19711
NM-18520,Neoma Murray,Consumer,United States,Riverside,California,92503
JE-15745,Joel Eaton,Consumer,United States,San Diego,California,92037
GW-14605,Giulietta Weimer,Consumer,United States,Jackson,Tennessee,38301
JF-15565,Jill Fjeld,Consumer,United States,San Antonio,Texas,78207
CM-12160,Charles McCrossin,Consumer,United States,Baltimore,Maryland,21215
SV-20935,Susan Vittorini,Consumer,United States,Columbus,Ohio,43229
PM-19135,Peter McVee,Home Office,United States,Detroit,Michigan,48227
MS-17530,MaryBeth Skach,Consumer,United States,Seattle,Washington,98105
EB-13930,Eric Barreto,Consumer,United States,Richmond,Virginia,23223
HK-14890,Heather Kirkland,Corporate,United States,Chicago,Illinois,60610
AB-10255,Alejandro Ballentine,Home Office,United States,Seattle,Washington,98103
JP-15460,Jennifer Patt,Corporate,United States,Houston,Texas,77041
ED-13885,Emily Ducich,Home Office,United States,San Francisco,California,94110
SS-20590,Sonia Sunley,Consumer,United States,San Francisco,California,94109
VW-21775,Victoria Wilson,Corporate,United States,Los Angeles,California,90032
CG-12040,Catherine Glotzbach,Home Office,United States,Lebanon,Tennessee,37087
JS-15595,Jill Stevenson,Corporate,United States,Miami,Florida,33180
BW-11200,Ben Wallace,Consumer,United States,New York City,New York,10011
BW-11200,Ben Wallace,Consumer,United States,Hampton,Virginia,23666
JE-15475,Jeremy Ellison,Consumer,United States,Troy,New York,12180
BP-11095,Bart Pistole,Corporate,United States,San Francisco,California,94122
PA-19060,Pete Armstrong,Home Office,United States,San Francisco,California,94122
PG-18820,Patrick Gardner,Consumer,United States,Boynton Beach,Florida,33437
JD-15895,Jonathan Doherty,Corporate,United States,Belleville,New Jersey,07109
VB-21745,Victoria Brennan,Corporate,United States,Rochester,New York,14609
DL-13330,Denise Leinenbach,Consumer,United States,New York City,New York,10009
EP-13915,Emily Phan,Consumer,United States,Tampa,Florida,33614
AS-10285,Alejandro Savely,Corporate,United States,San Francisco,California,94109
SM-20950,Suzanne McNair,Corporate,United States,Greenville,North Carolina,27834
JH-15910,Jonathan Howell,Consumer,United States,Los Angeles,California,90032
KW-16435,Katrina Willman,Consumer,United States,Lansing,Michigan,48911
JM-15655,Jim Mitchum,Corporate,United States,Bridgeton,New Jersey,08302
LH-17155,Logan Haushalter,Consumer,United States,Los Angeles,California,90008
JF-15295,Jason Fortune-,Consumer,United States,Sterling Heights,Michigan,48310
EH-13765,Edward Hooks,Corporate,United States,New York City,New York,10011
SP-20920,Susan Pistek,Consumer,United States,San Luis Obispo,California,93405
BD-11320,Bill Donatelli,Consumer,United States,Philadelphia,Pennsylvania,19143
SF-20965,Sylvia Foulston,Corporate,United States,San Francisco,California,94109
HW-14935,Helen Wasserman,Corporate,United States,Tulsa,Oklahoma,74133
FO-14305,Frank Olsen,Consumer,United States,Hollywood,Florida,33021
JD-15895,Jonathan Doherty,Corporate,United States,Los Angeles,California,90045
KM-16375,Katherine Murray,Home Office,United States,Salem,Virginia,24153
CS-12490,Cindy Schnelling,Corporate,United States,Conroe,Texas,77301
XP-21865,Xylona Preis,Consumer,United States,Chicago,Illinois,60610
PF-19225,Phillip Flathmann,Consumer,United States,Los Angeles,California,90032
JP-16135,Julie Prescott,Home Office,United States,Philadelphia,Pennsylvania,19120
AP-10915,Arthur Prichep,Consumer,United States,Henderson,Kentucky,42420
XP-21865,Xylona Preis,Consumer,United States,Los Angeles,California,90049
CL-12565,Clay Ludtke,Consumer,United States,Urbandale,Iowa,50322
SF-20200,Sarah Foster,Consumer,United States,Marysville,Washington,98270
NW-18400,Natalie Webber,Consumer,United States,Portland,Oregon,97206
PJ-18835,Patrick Jones,Corporate,United States,Dallas,Texas,75217
TP-21565,Tracy Poddar,Corporate,United States,Eugene,Oregon,97405
SM-20005,Sally Matthias,Consumer,United States,Houston,Texas,77041
MF-17665,Maureen Fritzler,Corporate,United States,Miami,Florida,33180
AS-10285,Alejandro Savely,Corporate,United States,Seattle,Washington,98103
LH-17020,Lisa Hazard,Consumer,United States,San Francisco,California,94122
ER-13855,Elpida Rittenbach,Corporate,United States,Charlotte,North Carolina,28205
TT-21220,Thomas Thornton,Consumer,United States,Chula Vista,California,91911
CW-11905,Carl Weiss,Home Office,United States,Los Angeles,California,90004
RC-19825,Roy Collins,Consumer,United States,Louisville,Kentucky,40214
CC-12475,Cindy Chapman,Consumer,United States,San Diego,California,92037
EP-13915,Emily Phan,Consumer,United States,Houston,Texas,77036
LH-17155,Logan Haushalter,Consumer,United States,San Jose,California,95123
LW-17125,Liz Willingham,Consumer,United States,Virginia Beach,Virginia,23464
MA-17995,Michelle Arnett,Home Office,United States,Lawrence,Indiana,46226
JH-15985,Joseph Holt,Consumer,United States,San Francisco,California,94109
CS-12400,Christopher Schild,Home Office,United States,San Jose,California,95123
EB-14170,Evan Bailliet,Consumer,United States,Laredo,Texas,78041
NP-18700,Nora Preis,Consumer,United States,Seattle,Washington,98105
AS-10285,Alejandro Savely,Corporate,United States,Philadelphia,Pennsylvania,19134
KL-16555,Kelly Lampkin,Corporate,United States,Jacksonville,Florida,32216
LS-16975,Lindsay Shagiari,Home Office,United States,Los Angeles,California,90004
IM-15070,Irene Maddox,Consumer,United States,San Diego,California,92105
MA-17995,Michelle Arnett,Home Office,United States,Cheyenne,Wyoming,82001
MC-17845,Michael Chen,Consumer,United States,Dallas,Texas,75220
CB-12535,Claudia Bergmann,Corporate,United States,San Francisco,California,94110
EM-14095,Eudokia Martin,Corporate,United States,Los Angeles,California,90036
LD-17005,Lisa DeCherney,Consumer,United States,San Francisco,California,94122
MJ-17740,Max Jones,Consumer,United States,Seattle,Washington,98115
LW-17215,Luke Weiss,Consumer,United States,Rochester,New York,14609
CC-12475,Cindy Chapman,Consumer,United States,Lakewood,New Jersey,08701
PS-19045,Penelope Sewall,Home Office,United States,Oceanside,California,92054
DM-13345,Denise Monton,Corporate,United States,Newark,Ohio,43055
ML-17395,Marina Lichtenstein,Corporate,United States,San Francisco,California,94122
CG-12520,Claire Gute,Consumer,United States,Henderson,Kentucky,42420
PF-19165,Philip Fox,Consumer,United States,Oakland,California,94601
AB-10015,Aaron Bergman,Consumer,United States,Oklahoma City,Oklahoma,73120
PP-18955,Paul Prost,Home Office,United States,Springfield,Ohio,45503
KM-16225,Kalyca Meade,Corporate,United States,Springfield,Missouri,65807
BF-11170,Ben Ferrer,Home Office,United States,Sacramento,California,95823
DC-13285,Debra Catini,Consumer,United States,Warner Robins,Georgia,31088
SH-19975,Sally Hughsby,Corporate,United States,New York City,New York,10011
SW-20275,Scott Williamson,Consumer,United States,New York City,New York,10009
PC-18745,Pamela Coakley,Corporate,United States,San Francisco,California,94122
CC-12430,Chuck Clark,Home Office,United States,San Francisco,California,94122
SV-20365,Seth Vernon,Consumer,United States,Troy,Ohio,45373
RO-19780,Rose O'Brian,Consumer,United States,San Francisco,California,94110
AF-10885,Art Foster,Consumer,United States,Toledo,Ohio,43615
MS-17770,Maxwell Schwartz,Consumer,United States,Houston,Texas,77036
EB-13750,Edward Becker,Corporate,United States,New York City,New York,10011
BB-11545,Brenda Bowman,Corporate,United States,Chicago,Illinois,60623
LP-17080,Liz Pelletier,Consumer,United States,San Francisco,California,94110
BK-11260,Berenike Kampe,Consumer,United States,San Francisco,California,94110
AS-10285,Alejandro Savely,Corporate,United States,Noblesville,Indiana,46060
LB-16795,Laurel Beltran,Home Office,United States,Apopka,Florida,32712
SC-20845,Sung Chung,Consumer,United States,Arlington Heights,Illinois,60004
BD-11770,Bryan Davis,Consumer,United States,New York City,New York,10011
LD-17005,Lisa DeCherney,Consumer,United States,Detroit,Michigan,48234
SP-20920,Susan Pistek,Consumer,United States,Parma,Ohio,44134
SP-20650,Stephanie Phelps,Corporate,United States,Chicago,Illinois,60623
DW-13480,Dianna Wilson,Home Office,United States,San Diego,California,92024
FH-14275,Frank Hawley,Corporate,United States,La Porte,Indiana,46350
MS-17710,Maurice Satty,Consumer,United States,Mesa,Arizona,85204
TS-21430,Tom Stivers,Corporate,United States,Oklahoma City,Oklahoma,73120
AS-10135,Adrian Shami,Home Office,United States,Auburn,Washington,98002
PO-19180,Philisse Overcash,Home Office,United States,Seattle,Washington,98103
FM-14290,Frank Merwin,Home Office,United States,Vancouver,Washington,98661
CK-12760,Cyma Kinney,Corporate,United States,New York City,New York,10011
LB-16795,Laurel Beltran,Home Office,United States,Highland Park,Illinois,60035
CM-12655,Corinna Mitchell,Home Office,United States,New York City,New York,10011
CC-12430,Chuck Clark,Home Office,United States,Philadelphia,Pennsylvania,19143
CS-12505,Cindy Stewart,Consumer,United States,Thomasville,North Carolina,27360
EB-14110,Eugene Barchas,Consumer,United States,Philadelphia,Pennsylvania,19134
MB-17305,Maria Bertelson,Consumer,United States,New York City,New York,10009
JM-16195,Justin MacKendrick,Consumer,United States,Newark,Delaware,19711
DP-13000,Darren Powers,Consumer,United States,New York City,New York,10035
KC-16540,Kelly Collister,Consumer,United States,Houston,Texas,77041
AA-10375,Allen Armold,Consumer,United States,Atlanta,Georgia,30318
RR-19315,Ralph Ritter,Consumer,United States,San Francisco,California,94110
RC-19960,Ryan Crowe,Consumer,United States,Baltimore,Maryland,21215
ON-18715,Odella Nelson,Corporate,United States,Burlington,North Carolina,27217
TG-21310,Toby Gnade,Consumer,United States,Los Angeles,California,90049
SC-20770,Stewart Carmichael,Corporate,United States,Los Angeles,California,90008
AH-10690,Anna Häberlin,Corporate,United States,San Diego,California,92024
IM-15055,Ionia McGrath,Consumer,United States,Roseville,California,95661
RD-19900,Ruben Dartt,Consumer,United States,Carlsbad,New Mexico,88220
MS-17365,Maribeth Schnelling,Consumer,United States,Carlsbad,New Mexico,88220
BG-11035,Barry Gonzalez,Consumer,United States,The Colony,Texas,75056
HJ-14875,Heather Jas,Home Office,United States,San Francisco,California,94122
AJ-10945,Ashley Jarboe,Consumer,United States,Taylor,Michigan,48180
SN-20710,Steve Nguyen,Home Office,United States,Pasadena,Texas,77506
TC-21535,Tracy Collins,Home Office,United States,Los Angeles,California,90008
SB-20290,Sean Braxton,Corporate,United States,Kent,Ohio,44240
BE-11410,Bobby Elias,Consumer,United States,Concord,California,94521
AW-10930,Arthur Wiediger,Home Office,United States,Oklahoma City,Oklahoma,73120
PG-18820,Patrick Gardner,Consumer,United States,San Diego,California,92105
KC-16255,Karen Carlisle,Corporate,United States,Huntsville,Alabama,35810
EH-13945,Eric Hoffmann,Consumer,United States,Houston,Texas,77041
JM-15265,Janet Molinari,Corporate,United States,Seattle,Washington,98115
ND-18370,Natalie DeCherney,Consumer,United States,Long Beach,New York,11561
TT-21265,Tim Taslimi,Corporate,United States,Indianapolis,Indiana,46203
LT-17110,Liz Thompson,Consumer,United States,Jacksonville,North Carolina,28540
NP-18685,Nora Pelletier,Home Office,United States,Niagara Falls,New York,14304
DJ-13630,Doug Jacobs,Consumer,United States,New York City,New York,10024
FA-14230,Frank Atkinson,Corporate,United States,Orlando,Florida,32839
NZ-18565,Nick Zandusky,Home Office,United States,Columbus,Ohio,43229
DW-13195,David Wiener,Corporate,United States,Houston,Texas,77095
MC-17605,Matt Connell,Corporate,United States,Los Angeles,California,90004
BF-10975,Barbara Fisher,Corporate,United States,Columbus,Indiana,47201
AG-10390,Allen Goldenen,Consumer,United States,Cincinnati,Ohio,45231
SJ-20500,Shirley Jackson,Consumer,United States,Newark,Delaware,19711
NP-18670,Nora Paige,Consumer,United States,Edmond,Oklahoma,73034
BM-11575,Brendan Murry,Corporate,United States,Montebello,California,90640
EH-13990,Erica Hackney,Consumer,United States,Houston,Texas,77041
JK-16120,Julie Kriz,Home Office,United States,New York City,New York,10009
JH-16180,Justin Hirsh,Consumer,United States,Gresham,Oregon,97030
MV-18190,Mike Vittorini,Consumer,United States,New York City,New York,10035
RD-19720,Roger Demir,Consumer,United States,Chicago,Illinois,60610
DM-13345,Denise Monton,Corporate,United States,Des Moines,Iowa,50315
TH-21235,Tiffany House,Corporate,United States,Los Angeles,California,90049
TB-21355,Todd Boyes,Corporate,United States,New York City,New York,10009
JE-15475,Jeremy Ellison,Consumer,United States,Houston,Texas,77095
CA-12055,Cathy Armstrong,Home Office,United States,New York City,New York,10009
RD-19585,Rob Dowd,Consumer,United States,Detroit,Michigan,48205
LS-17200,Luke Schmidt,Corporate,United States,Philadelphia,Pennsylvania,19140
SC-20050,Sample Company A,Home Office,United States,Hialeah,Florida,33012
SP-20860,Sung Pak,Corporate,United States,Los Angeles,California,90036
AT-10435,Alyssa Tate,Home Office,United States,Los Angeles,California,90045
LA-16780,Laura Armstrong,Corporate,United States,Baltimore,Maryland,21215
SC-20680,Steve Carroll,Home Office,United States,Seattle,Washington,98105
NS-18505,Neola Schneider,Consumer,United States,Dallas,Texas,75217
NC-18340,Nat Carroll,Consumer,United States,New York City,New York,10035
AC-10450,Amy Cox,Consumer,United States,Seattle,Washington,98105
CA-12055,Cathy Armstrong,Home Office,United States,Cleveland,Ohio,44105
MG-17650,Matthew Grinstein,Home Office,United States,Philadelphia,Pennsylvania,19143
CD-11980,Carol Darley,Consumer,United States,Medford,Oregon,97504
CR-12580,Clay Rozendal,Home Office,United States,Bellevue,Washington,98006
GA-14515,George Ashbrook,Consumer,United States,Dallas,Texas,75081
MH-17455,Mark Hamilton,Consumer,United States,Los Angeles,California,90032
BB-11545,Brenda Bowman,Corporate,United States,Jackson,Michigan,49201
CS-12505,Cindy Stewart,Consumer,United States,Lancaster,Ohio,43130
HJ-14875,Heather Jas,Home Office,United States,Jacksonville,Florida,32216
BP-11050,Barry Pond,Corporate,United States,Plainfield,New Jersey,07060
JK-15370,Jay Kimmel,Consumer,United States,Huntsville,Alabama,35810
EP-13915,Emily Phan,Consumer,United States,Jonesboro,Arkansas,72401
MS-17365,Maribeth Schnelling,Consumer,United States,Los Angeles,California,90045
DK-13225,Dean Katz,Corporate,United States,New York City,New York,10011
GA-14515,George Ashbrook,Consumer,United States,El Paso,Texas,79907
PA-19060,Pete Armstrong,Home Office,United States,Miami,Florida,33142
MC-17425,Mark Cousins,Corporate,United States,Mobile,Alabama,36608
TC-20980,Tamara Chand,Corporate,United States,Seattle,Washington,98105
EH-13945,Eric Hoffmann,Consumer,United States,Philadelphia,Pennsylvania,19120
CD-12790,Cynthia Delaney,Home Office,United States,Shelton,Connecticut,06484
CT-11995,Carol Triggs,Consumer,United States,Philadelphia,Pennsylvania,19134
PC-18745,Pamela Coakley,Corporate,United States,Westfield,New Jersey,07090
HF-14995,Herbert Flentye,Consumer,United States,Fort Lauderdale,Florida,33311
VB-21745,Victoria Brennan,Corporate,United States,Lincoln Park,Michigan,48146
CB-12025,Cassandra Brandow,Consumer,United States,East Orange,New Jersey,07017
RW-19630,Rob Williams,Corporate,United States,Overland Park,Kansas,66212
CM-12235,Chris McAfee,Consumer,United States,Phoenix,Arizona,85023
GG-14650,Greg Guthrie,Corporate,United States,Chicago,Illinois,60623
CC-12670,Craig Carreira,Consumer,United States,Scottsdale,Arizona,85254
DS-13180,David Smith,Corporate,United States,Philadelphia,Pennsylvania,19140
RF-19345,Randy Ferguson,Corporate,United States,Marietta,Georgia,30062
SK-19990,Sally Knutson,Consumer,United States,Fairfield,Connecticut,06824
AJ-10780,Anthony Jacobs,Corporate,United States,Palm Coast,Florida,32137
DR-12940,Daniel Raglin,Home Office,United States,Aurora,Illinois,60505
NC-18535,Nick Crebassa,Corporate,United States,Dallas,Texas,75217
BS-11755,Bruce Stewart,Consumer,United States,Detroit,Michigan,48227
DB-13210,Dean Braden,Consumer,United States,Hickory,North Carolina,28601
JE-15745,Joel Eaton,Consumer,United States,Rockville,Maryland,20852
JM-15865,John Murray,Consumer,United States,San Angelo,Texas,76903
SJ-20500,Shirley Jackson,Consumer,United States,Fairfield,Connecticut,06824
LB-16795,Laurel Beltran,Home Office,United States,Oxnard,California,93030
RD-19480,Rick Duston,Consumer,United States,Richmond,Indiana,47374
EJ-14155,Eva Jacobs,Consumer,United States,Franklin,Massachusetts,02038
CL-11890,Carl Ludwig,Consumer,United States,San Francisco,California,94122
JD-15895,Jonathan Doherty,Corporate,United States,Richmond,Virginia,23223
AG-10390,Allen Goldenen,Consumer,United States,Knoxville,Tennessee,37918
FH-14365,Fred Hopkins,Corporate,United States,Los Angeles,California,90004
GZ-14470,Gary Zandusky,Consumer,United States,Rochester,Minnesota,55901
MV-18190,Mike Vittorini,Consumer,United States,Raleigh,North Carolina,27604
MY-18295,Muhammed Yedwab,Corporate,United States,Houston,Texas,77036
DB-13270,Deborah Brumfield,Home Office,United States,Providence,Rhode Island,02908
PW-19030,Pauline Webber,Corporate,United States,Marion,Iowa,52302
JF-15190,Jamie Frazer,Consumer,United States,New York City,New York,10024
MK-18160,Mike Kennedy,Consumer,United States,San Francisco,California,94122
AS-10225,Alan Schoenberger,Corporate,United States,Longmont,Colorado,80501
RD-19720,Roger Demir,Consumer,United States,Morgan Hill,California,95037
EG-13900,Emily Grady,Consumer,United States,Oceanside,New York,11572
MM-17920,Michael Moore,Consumer,United States,Richmond,Indiana,47374
NM-18520,Neoma Murray,Consumer,United States,Los Angeles,California,90045
CJ-12010,Caroline Jumper,Consumer,United States,Philadelphia,Pennsylvania,19134
GM-14440,Gary McGarr,Consumer,United States,Los Angeles,California,90049
BM-11140,Becky Martin,Consumer,United States,New York City,New York,10024
LM-17065,Liz MacKendrick,Consumer,United States,Auburn,New York,13021
KT-16465,Kean Takahito,Consumer,United States,San Francisco,California,94109
EB-13840,Ellis Ballard,Corporate,United States,New York City,New York,10035
AG-10300,Aleksandra Gannaway,Corporate,United States,Franklin,Massachusetts,02038
JE-16165,Justin Ellison,Corporate,United States,Franklin,Wisconsin,53132
HE-14800,Harold Engle,Corporate,United States,Newark,Delaware,19711
JG-15160,James Galang,Consumer,United States,Murray,Kentucky,42071
TC-21475,Tony Chapman,Home Office,United States,Washington,District of Columbia,20016
MP-18175,Mike Pelletier,Home Office,United States,Chicago,Illinois,60623
IM-15070,Irene Maddox,Consumer,United States,Seattle,Washington,98103
RF-19345,Randy Ferguson,Corporate,United States,Chicago,Illinois,60610
TP-21130,Theone Pippenger,Consumer,United States,Georgetown,Kentucky,40324
AP-10720,Anne Pryor,Home Office,United States,Los Angeles,California,90032
GT-14710,Greg Tran,Consumer,United States,Seattle,Washington,98105
DP-13105,Dave Poirier,Corporate,United States,Hempstead,New York,11550
GG-14650,Greg Guthrie,Corporate,United States,Antioch,California,94509
AG-10900,Arthur Gainer,Consumer,United States,Eau Claire,Wisconsin,54703
GH-14485,Gene Hale,Corporate,United States,Richardson,Texas,75080
SP-20620,Stefania Perrino,Corporate,United States,San Francisco,California,94110
JP-16135,Julie Prescott,Home Office,United States,Columbus,Ohio,43229
JB-16045,Julia Barnett,Home Office,United States,Columbus,Ohio,43229
DB-13615,Doug Bickford,Consumer,United States,San Francisco,California,94110
LH-16900,Lena Hernandez,Consumer,United States,Greenville,North Carolina,27834
QJ-19255,Quincy Jones,Corporate,United States,Saint Paul,Minnesota,55106
DK-12835,Damala Kotsonis,Corporate,United States,Franklin,Tennessee,37064
PM-18940,Paul MacIntyre,Consumer,United States,Springfield,Virginia,22153
KB-16585,Ken Black,Corporate,United States,Fremont,Nebraska,68025
LH-17155,Logan Haushalter,Consumer,United States,Jackson,Michigan,49201
RW-19630,Rob Williams,Corporate,United States,Chicago,Illinois,60610
GB-14530,George Bell,Corporate,United States,Fort Worth,Texas,76106
SP-20650,Stephanie Phelps,Corporate,United States,Stockton,California,95207
FM-14380,Fred McMath,Consumer,United States,Lawrence,Massachusetts,01841
EB-13870,Emily Burns,Consumer,United States,Franklin,Tennessee,37064
FM-14380,Fred McMath,Consumer,Canada,Montreal,Quebec,H1A
LH-17155,Logan Haushalter,Consumer,United States,San Francisco,California,94109
MH-17455,Mark Hamilton,Consumer,United States,Greenwood,Indiana,46142
AP-10915,Arthur Prichep,Consumer,United States,Seattle,Washington,98105
CM-12235,Chris McAfee,Consumer,United States,Watertown,New York,13601
DL-13315,Delfina Latchford,Consumer,United States,New York City,New York,10024
SJ-20125,Sanjit Jacobs,Home Office,United States,Long Beach,California,90805
SL-20155,Sara Luxemburg,Home Office,United States,New York City,New York,10024
NS-18640,Noel Staavos,Corporate,United States,Columbus,Ohio,43229
WB-21850,William Brown,Consumer,United States,Anaheim,California,92804
DB-13270,Deborah Brumfield,Home Office,United States,Portland,Oregon,97206
AR-10825,Anthony Rawles,Corporate,United States,Vancouver,Washington,98661
SC-20695,Steve Chapman,Corporate,United States,Springfield,Ohio,45503
CA-12775,Cynthia Arntzen,Consumer,United States,Smyrna,Tennessee,37167
JM-15265,Janet Molinari,Corporate,United States,New York City,New York,10024
LR-16915,Lena Radford,Consumer,United States,Homestead,Florida,33030
FM-14380,Fred McMath,Consumer,United States,Aurora,Colorado,80013
MG-17650,Matthew Grinstein,Home Office,United States,Jackson,Michigan,49201
RF-19840,Roy Französisch,Consumer,United States,Pasadena,California,91104
NS-18640,Noel Staavos,Corporate,United States,New York City,New York,10009
JM-15655,Jim Mitchum,Corporate,United States,Lorain,Ohio,44052
EC-14050,Erin Creighton,Consumer,United States,Columbus,Georgia,31907
RW-19630,Rob Williams,Corporate,United States,Torrance,California,90503
JC-15340,Jasper Cacioppo,Consumer,United States,Riverside,California,92503
KH-16630,Ken Heidel,Corporate,United States,Norman,Oklahoma,73071
DS-13180,David Smith,Corporate,United States,San Diego,California,92037
PK-19075,Pete Kriz,Consumer,United States,New York City,New York,10011
BP-11230,Benjamin Patterson,Consumer,United States,Los Angeles,California,90004
MP-17965,Michael Paige,Corporate,United States,Detroit,Michigan,48205
MP-18175,Mike Pelletier,Home Office,United States,Springfield,Oregon,97477
SH-20395,Shahid Hopkins,Consumer,United States,Cuyahoga Falls,Ohio,44221
TC-21475,Tony Chapman,Home Office,United States,Fayetteville,Arkansas,72701
PK-19075,Pete Kriz,Consumer,United States,Apple Valley,California,92307
SF-20065,Sandra Flanagan,Consumer,United States,Goldsboro,North Carolina,27534
CC-12670,Craig Carreira,Consumer,United States,Chicago,Illinois,60610
KD-16495,Keith Dawkins,Corporate,United States,New York City,New York,10009
TN-21040,Tanja Norvell,Home Office,United States,San Diego,California,92024
CM-12160,Charles McCrossin,Consumer,United States,San Francisco,California,94122
AB-10105,Adrian Barton,Consumer,United States,Detroit,Michigan,48205
NS-18640,Noel Staavos,Corporate,United States,Carlsbad,New Mexico,88220
AH-10075,Adam Hart,Corporate,United States,Arlington,Texas,76017
SC-20680,Steve Carroll,Home Office,United States,Seattle,Washington,98115
PN-18775,Parhena Norris,Home Office,United States,Omaha,Nebraska,68104
JD-16150,Justin Deggeller,Corporate,United States,Minneapolis,Minnesota,55407
JE-15475,Jeremy Ellison,Consumer,United States,San Diego,California,92037
HG-14965,Henry Goldwyn,Corporate,United States,Los Angeles,California,90032
AH-10120,Adrian Hane,Home Office,United States,Salem,Oregon,97301
AH-10195,Alan Haines,Corporate,United States,Tamarac,Florida,33319
GK-14620,Grace Kelly,Corporate,United States,Morristown,New Jersey,07960
AY-10555,Andy Yotov,Corporate,United States,San Francisco,California,94110
CL-12565,Clay Ludtke,Consumer,United States,Reading,Pennsylvania,19601
MH-17440,Mark Haberlin,Corporate,United States,New York City,New York,10035
AB-10255,Alejandro Ballentine,Home Office,United States,Jackson,Mississippi,39212
MC-17575,Matt Collins,Consumer,United States,Fremont,Nebraska,68025
SC-20800,Stuart Calhoun,Consumer,United States,Jackson,Mississippi,39212
DN-13690,Duane Noonan,Consumer,United States,Moreno Valley,California,92553
SA-20830,Sue Ann Reed,Consumer,United States,Redmond,Oregon,97756
ED-13885,Emily Ducich,Home Office,United States,Seattle,Washington,98115
LC-16885,Lena Creighton,Consumer,United States,New York City,New York,10035
BP-11185,Ben Peterman,Corporate,United States,Chicago,Illinois,60623
LA-16780,Laura Armstrong,Corporate,United States,Houston,Texas,77041
LC-17140,Logan Currie,Consumer,United States,Springfield,Virginia,22153
EH-13765,Edward Hooks,Corporate,United States,Seattle,Washington,98103
NM-18520,Neoma Murray,Consumer,United States,Bowling Green,Ohio,43402
MC-17590,Matt Collister,Corporate,United States,Grand Rapids,Michigan,49505
FM-14290,Frank Merwin,Home Office,United States,Philadelphia,Pennsylvania,19143
CA-11965,Carol Adams,Corporate,United States,Warwick,Rhode Island,02886
SC-20305,Sean Christensen,Consumer,United States,San Jose,California,95123
RB-19795,Ross Baird,Home Office,United States,Charlotte,North Carolina,28205
BV-11245,Benjamin Venier,Corporate,United States,Seattle,Washington,98103
JE-15715,Joe Elijah,Consumer,United States,Seattle,Washington,98115
JE-15715,Joe Elijah,Consumer,United States,New York City,New York,10009
DB-12970,Darren Budd,Corporate,United States,New York City,New York,10024
LW-16825,Laurel Workman,Corporate,United States,Phoenix,Arizona,85023
SS-20140,Saphhira Shifley,Corporate,United States,Nashua,New Hampshire,03060
TS-21655,Trudy Schmidt,Consumer,United States,Fayetteville,Arkansas,72701
BD-11620,Brian DeCherney,Consumer,United States,New York City,New York,10035
BB-11545,Brenda Bowman,Corporate,United States,Vineland,New Jersey,08360
SH-19975,Sally Hughsby,Corporate,United States,Denver,Colorado,80219
RC-19825,Roy Collins,Consumer,United States,Colorado Springs,Colorado,80906
AJ-10795,Anthony Johnson,Corporate,United States,New York City,New York,10024
FP-14320,Frank Preis,Consumer,United States,Seattle,Washington,98105
AR-10510,Andrew Roberts,Consumer,United States,New York City,New York,10024
BG-11695,Brooke Gillingham,Corporate,United States,Woodstock,Illinois,60098
RD-19810,Ross DeVincentis,Home Office,United States,Akron,Ohio,44312
EM-14140,Eugene Moren,Home Office,United States,Santa Ana,California,92704
JW-15955,Joni Wasserman,Consumer,United States,Louisville,Kentucky,40214
MT-17815,Meg Tillman,Consumer,United States,Port Arthur,Texas,77642
MW-18220,Mitch Webber,Consumer,United States,Lancaster,Ohio,43130
TB-21595,Troy Blackwell,Consumer,United States,Milwaukee,Wisconsin,53209
CD-11920,Carlos Daly,Consumer,United States,Wichita,Kansas,67212
PF-19225,Phillip Flathmann,Consumer,United States,Los Angeles,California,90045
MP-17965,Michael Paige,Corporate,United States,Bristol,Tennessee,37620
KL-16645,Ken Lonsdale,Consumer,United States,Springfield,Oregon,97477
MH-17290,Marc Harrigan,Home Office,United States,Miami,Florida,33178
KA-16525,Kelly Andreada,Consumer,United States,Aurora,Illinois,60505
FO-14305,Frank Olsen,Consumer,United States,Sacramento,California,95823
BD-11605,Brian Dahlen,Consumer,United States,Lancaster,Pennsylvania,17602
CJ-11875,Carl Jackson,Corporate,United States,Philadelphia,Pennsylvania,19140
JP-16135,Julie Prescott,Home Office,United States,Los Angeles,California,90032
KD-16495,Keith Dawkins,Corporate,United States,Deer Park,Texas,77536
EH-14185,Evan Henry,Consumer,United States,West Palm Beach,Florida,33407
EP-13915,Emily Phan,Consumer,United States,Jacksonville,Florida,32216
KL-16555,Kelly Lampkin,Corporate,United States,Reno,Nevada,89502
BP-11155,Becky Pak,Consumer,United States,San Francisco,California,94109
DB-13660,Duane Benoit,Consumer,United States,Lancaster,Ohio,43130
BD-11620,Brian DeCherney,Consumer,United States,Anaheim,California,92804
JM-15250,Janet Martin,Consumer,United States,Huntsville,Texas,77340
SC-20725,Steven Cartwright,Consumer,United States,Los Angeles,California,90036
GA-14725,Guy Armstrong,Consumer,United States,Lorain,Ohio,44052
DP-13390,Dennis Pardue,Home Office,United States,Franklin,Wisconsin,53132
TS-21655,Trudy Schmidt,Consumer,United States,El Paso,Texas,79907
AS-10045,Aaron Smayling,Corporate,United States,Jacksonville,North Carolina,28540
FW-14395,Fred Wasserman,Corporate,United States,Los Angeles,California,90032
CM-12385,Christopher Martinez,Consumer,United States,San Francisco,California,94110
DL-13315,Delfina Latchford,Consumer,United States,Rancho Cucamonga,California,91730
DP-13390,Dennis Pardue,Home Office,United States,Tuscaloosa,Alabama,35401
TS-21085,Thais Sissman,Consumer,United States,Ormond Beach,Florida,32174
JF-15190,Jamie Frazer,Consumer,United States,Long Beach,California,90805
BW-11110,Bart Watters,Corporate,United States,Detroit,Michigan,48205
RS-19420,Ricardo Sperren,Corporate,United States,Seattle,Washington,98115
BP-11290,Beth Paige,Consumer,United States,Philadelphia,Pennsylvania,19140
DA-13450,Dianna Arnett,Home Office,United States,Washington,District of Columbia,20016
DB-13120,David Bremer,Corporate,United States,Dallas,Texas,75217
LS-16945,Linda Southworth,Corporate,United States,San Francisco,California,94110
CP-12085,Cathy Prescott,Corporate,United States,Springfield,Missouri,65807
HR-14770,Hallie Redmond,Home Office,United States,Richmond,Indiana,47374
BH-11710,Brosina Hoffman,Consumer,United States,Johnson City,Tennessee,37604
RB-19570,Rob Beeghly,Consumer,United States,Jacksonville,North Carolina,28540
SO-20335,Sean O'Donnell,Consumer,United States,Los Angeles,California,90036
TP-21565,Tracy Poddar,Corporate,United States,Aurora,Colorado,80013
RW-19690,Robert Waldorf,Consumer,United States,Philadelphia,Pennsylvania,19134
TT-21460,Tonja Turnell,Home Office,United States,Los Angeles,California,90008
TB-21250,Tim Brockman,Consumer,United States,Austin,Texas,78745
SC-20095,Sanjit Chand,Consumer,United States,Quincy,Massachusetts,02169
AR-10540,Andy Reiter,Consumer,United States,Jackson,Michigan,49201
JO-15145,Jack O'Briant,Corporate,United States,Los Angeles,California,90008
NS-18505,Neola Schneider,Consumer,United States,Philadelphia,Pennsylvania,19140
RM-19375,Raymond Messe,Consumer,United States,Burlington,Vermont,05401
DL-12865,Dan Lawera,Consumer,United States,Keller,Texas,76248
CV-12805,Cynthia Voltz,Corporate,United States,New York City,New York,10024
JF-15490,Jeremy Farry,Consumer,United States,Waterbury,Connecticut,06708
TM-21010,Tamara Manning,Consumer,United States,San Francisco,California,94122
ML-17410,Maris LaWare,Consumer,United States,Chicago,Illinois,60653
TH-21100,Thea Hendricks,Consumer,United States,Los Angeles,California,90045
DS-13030,Darrin Sayre,Home Office,United States,Seattle,Washington,98115
MH-18115,Mick Hernandez,Home Office,United States,Jackson,Michigan,49201
PS-19045,Penelope Sewall,Home Office,United States,Charlotte,North Carolina,28205
BE-11410,Bobby Elias,Consumer,United States,Aurora,Illinois,60505
EH-13765,Edward Hooks,Corporate,United States,Chicago,Illinois,60623
AD-10180,Alan Dominguez,Home Office,United States,Great Falls,Montana,59405
MC-17605,Matt Connell,Corporate,United States,Detroit,Michigan,48234
CS-12250,Chris Selesnick,Corporate,United States,Seattle,Washington,98103
HP-14815,Harold Pawlan,Home Office,United States,Tucson,Arizona,85705
TP-21130,Theone Pippenger,Consumer,United States,Smyrna,Georgia,30080
BD-11500,Bradley Drucker,Consumer,United States,Columbus,Georgia,31907
CA-11965,Carol Adams,Corporate,United States,Hoover,Alabama,35244
CJ-12010,Caroline Jumper,Consumer,United States,San Francisco,California,94109
CG-12520,Claire Gute,Consumer,United States,Houston,Texas,77070
JH-15820,John Huston,Consumer,United States,Kent,Ohio,44240
TG-21310,Toby Gnade,Consumer,United States,New York City,New York,10035
BT-11305,Beth Thompson,Home Office,United States,Costa Mesa,California,92627
GB-14575,Giulietta Baptist,Consumer,United States,Wichita,Kansas,67212
CL-12700,Craig Leslie,Home Office,United States,New York City,New York,10009
TM-21010,Tamara Manning,Consumer,United States,Marion,Iowa,52302
VG-21790,Vivek Gonzalez,Consumer,United States,San Francisco,California,94109
BD-11770,Bryan Davis,Consumer,United States,Philadelphia,Pennsylvania,19120
CK-12595,Clytie Kelty,Consumer,United States,Chicago,Illinois,60653
RD-19585,Rob Dowd,Consumer,United States,New York City,New York,10011
EH-14125,Eugene Hildebrand,Home Office,United States,San Francisco,California,94110
EB-13870,Emily Burns,Consumer,United States,Miami,Florida,33142
BV-11245,Benjamin Venier,Corporate,United States,Des Moines,Iowa,50315
LP-17095,Liz Preis,Consumer,United States,Aurora,Illinois,60505
MM-17920,Michael Moore,Consumer,United States,San Francisco,California,94109
SZ-20035,Sam Zeldin,Home Office,United States,Seattle,Washington,98105
BO-11350,Bill Overfelt,Corporate,United States,San Diego,California,92105
JL-15835,John Lee,Consumer,United States,Los Angeles,California,90045
DW-13585,Dorothy Wardle,Corporate,United States,Columbus,Ohio,43229
RD-19810,Ross DeVincentis,Home Office,United States,Chicago,Illinois,60610
SC-20380,Shahid Collister,Consumer,United States,Pembroke Pines,Florida,33024
MC-17575,Matt Collins,Consumer,United States,Cincinnati,Ohio,45231
JF-15355,Jay Fein,Consumer,United States,Rochester,New York,14609
FC-14335,Fred Chung,Corporate,United States,Torrance,California,90503
CB-12025,Cassandra Brandow,Consumer,United States,Waco,Texas,76706
BD-11770,Bryan Davis,Consumer,United States,New York City,New York,10024
MV-17485,Mark Van Huff,Consumer,United States,Arlington,Virginia,22204
SP-20545,Sibella Parks,Corporate,United States,New York City,New York,10024
SN-20560,Skye Norling,Home Office,United States,San Francisco,California,94109
TP-21415,Tom Prescott,Consumer,United States,Houston,Texas,77070
ML-17395,Marina Lichtenstein,Corporate,United States,Los Angeles,California,90045
SB-20170,Sarah Bern,Consumer,United States,Los Angeles,California,90032
MP-18175,Mike Pelletier,Home Office,United States,Laguna Niguel,California,92677
MN-17935,Michael Nguyen,Consumer,United States,Clinton,Maryland,20735
MM-17260,Magdelene Morse,Consumer,United States,Columbus,Ohio,43229
VW-21775,Victoria Wilson,Corporate,United States,San Francisco,California,94110
DJ-13510,Don Jones,Corporate,United States,New York City,New York,10024
FH-14350,Fred Harton,Consumer,United States,Seattle,Washington,98105
MH-17455,Mark Hamilton,Consumer,United States,Minneapolis,Minnesota,55407
SV-20785,Stewart Visinsky,Consumer,United States,Baltimore,Maryland,21215
JP-15460,Jennifer Patt,Corporate,United States,New York City,New York,10009
JS-16030,Joy Smith,Consumer,United States,Decatur,Illinois,62521
LF-17185,Luke Foster,Consumer,United States,New York City,New York,10035
NG-18355,Nat Gilpin,Corporate,United States,Fairfield,Connecticut,06824
CR-12820,Cyra Reiten,Home Office,United States,Houston,Texas,77041
CK-12325,Christine Kargatis,Home Office,United States,Troy,Ohio,45373
JK-16120,Julie Kriz,Home Office,United States,Chicago,Illinois,60653
GH-14410,Gary Hansen,Home Office,United States,Perth Amboy,New Jersey,08861
LL-16840,Lauren Leatherbury,Consumer,United States,Lafayette,Louisiana,70506
CV-12805,Cynthia Voltz,Corporate,United States,Los Angeles,California,90045
ED-13885,Emily Ducich,Home Office,United States,Los Angeles,California,90045
NH-18610,Nicole Hansen,Corporate,United States,Roswell,Georgia,30076
ME-17725,Max Engle,Consumer,United States,Seattle,Washington,98103
KM-16375,Katherine Murray,Home Office,United States,Gilbert,Arizona,85234
HW-14935,Helen Wasserman,Corporate,United States,San Diego,California,92105
JP-16135,Julie Prescott,Home Office,United States,Muskogee,Oklahoma,74403
BP-11095,Bart Pistole,Corporate,United States,Louisville,Colorado,80027
DK-13090,Dave Kipp,Consumer,United States,Carrollton,Texas,75007
AC-10615,Ann Chong,Corporate,United States,Seattle,Washington,98115
CK-12595,Clytie Kelty,Consumer,United States,Los Angeles,California,90008
CB-12415,Christy Brittain,Consumer,United States,Philadelphia,Pennsylvania,19134
ES-14080,Erin Smith,Corporate,United States,Philadelphia,Pennsylvania,19134
SW-20245,Scot Wooten,Consumer,United States,Greenville,North Carolina,27834
MH-18025,Michelle Huthwaite,Consumer,United States,Chicago,Illinois,60623
BT-11530,Bradley Talbott,Home Office,United States,Los Angeles,California,90036
DB-13060,Dave Brooks,Consumer,United States,Costa Mesa,California,92627
BM-11140,Becky Martin,Consumer,United States,Santa Barbara,California,93101
DB-13660,Duane Benoit,Consumer,United States,Middletown,Connecticut,06457
DB-13555,Dorothy Badders,Corporate,United States,Newark,Delaware,19711
JA-15970,Joseph Airdo,Consumer,United States,Cuyahoga Falls,Ohio,44221
SC-20770,Stewart Carmichael,Corporate,United States,Dallas,Texas,75081
RS-19765,Roland Schwarz,Corporate,United States,Waco,Texas,76706
KD-16615,Ken Dana,Corporate,United States,Los Angeles,California,90008
MY-17380,Maribeth Yedwab,Corporate,United States,Los Angeles,California,90045
EP-13915,Emily Phan,Consumer,United States,Dearborn Heights,Michigan,48127
EJ-13720,Ed Jacobs,Consumer,United States,Los Angeles,California,90008
BT-11395,Bill Tyler,Corporate,United States,Los Angeles,California,90004
LP-17095,Liz Preis,Consumer,United States,Murray,Kentucky,42071
RE-19450,Richard Eichhorn,Consumer,United States,Dallas,Texas,75081
TT-21460,Tonja Turnell,Home Office,United States,Houston,Texas,77095
SP-20860,Sung Pak,Corporate,United States,Los Angeles,California,90045
DP-13000,Darren Powers,Consumer,United States,Houston,Texas,77041
CB-12535,Claudia Bergmann,Corporate,United States,Southaven,Mississippi,38671
JD-16060,Julia Dunbar,Consumer,United States,Rochester,Minnesota,55901
PK-19075,Pete Kriz,Consumer,United States,Milwaukee,Wisconsin,53209
RM-19750,Roland Murray,Consumer,United States,New York City,New York,10011
DW-13540,Don Weiss,Consumer,United States,Dallas,Texas,75220
FC-14245,Frank Carlisle,Home Office,United States,San Francisco,California,94109
BF-11170,Ben Ferrer,Home Office,United States,San Francisco,California,94109
SH-19975,Sally Hughsby,Corporate,United States,San Francisco,California,94109
SH-20395,Shahid Hopkins,Consumer,United States,New York City,New York,10035
MG-17890,Michael Granlund,Home Office,United States,Clinton,Maryland,20735
VB-21745,Victoria Brennan,Corporate,United States,Columbus,Georgia,31907
AH-10210,Alan Hwang,Consumer,United States,Anaheim,California,92804
KB-16315,Karl Braun,Consumer,United States,Los Angeles,California,90008
LW-16990,Lindsay Williams,Corporate,United States,San Francisco,California,94110
MH-18115,Mick Hernandez,Home Office,United States,Chester,Pennsylvania,19013
MD-17350,Maribeth Dona,Consumer,United States,Dallas,Texas,75217
KS-16300,Karen Seio,Corporate,United States,Raleigh,North Carolina,27604
CM-11815,Candace McMahon,Corporate,United States,San Francisco,California,94109
EB-13870,Emily Burns,Consumer,United States,Philadelphia,Pennsylvania,19140
PV-18985,Paul Van Hugh,Home Office,United States,Cambridge,Massachusetts,02138
MH-17290,Marc Harrigan,Home Office,United States,Philadelphia,Pennsylvania,19140
MJ-17740,Max Jones,Consumer,United States,Detroit,Michigan,48227
GA-14725,Guy Armstrong,Consumer,United States,Rogers,Arkansas,72756
BS-11380,Bill Stewart,Corporate,United States,San Francisco,California,94122
KB-16585,Ken Black,Corporate,United States,Lowell,Massachusetts,01852
SU-20665,Stephanie Ulpright,Home Office,United States,Chicago,Illinois,60610
SC-20380,Shahid Collister,Consumer,United States,Fairfield,Connecticut,06824
JB-16000,Joy Bell-,Consumer,United States,Columbia,Maryland,21044
BF-11215,Benjamin Farhat,Home Office,United States,Albuquerque,New Mexico,87105
KF-16285,Karen Ferguson,Home Office,United States,Manteca,California,95336
SE-20110,Sanjit Engle,Consumer,United States,Denver,Colorado,80219
MT-17815,Meg Tillman,Consumer,United States,New York City,New York,10011
FH-14275,Frank Hawley,Corporate,United States,Aurora,Illinois,60505
BN-11470,Brad Norvell,Corporate,United States,Chicago,Illinois,60623
SP-20920,Susan Pistek,Consumer,United States,Columbus,Ohio,43229
KD-16615,Ken Dana,Corporate,United States,Los Angeles,California,90032
VM-21685,Valerie Mitchum,Home Office,United States,Seattle,Washington,98105
MG-17650,Matthew Grinstein,Home Office,United States,Lakewood,Ohio,44107
DB-13405,Denny Blanton,Consumer,United States,New York City,New York,10011
CL-12565,Clay Ludtke,Consumer,United States,Lancaster,California,93534
PO-19180,Philisse Overcash,Home Office,United States,Houston,Texas,77095
AS-10630,Ann Steele,Home Office,United States,Knoxville,Tennessee,37918
CD-11980,Carol Darley,Consumer,United States,Tyler,Texas,75701
JK-15325,Jason Klamczynski,Corporate,United States,Los Angeles,California,90032
EN-13780,Edward Nazzal,Consumer,United States,Dallas,Texas,75220
BP-11050,Barry Pond,Corporate,United States,Los Angeles,California,90008
SW-20275,Scott Williamson,Consumer,United States,Seattle,Washington,98115
SA-20830,Sue Ann Reed,Consumer,United States,Fresno,California,93727
GZ-14545,George Zrebassa,Corporate,United States,Los Angeles,California,90008
VG-21805,Vivek Grady,Corporate,United States,Lakewood,New Jersey,08701
ND-18370,Natalie DeCherney,Consumer,United States,San Francisco,California,94110
CG-12040,Catherine Glotzbach,Home Office,United States,New York City,New York,10024
TB-21595,Troy Blackwell,Consumer,United States,Columbus,Indiana,47201
HG-14845,Harry Greene,Consumer,United States,Houston,Texas,77041
RD-19720,Roger Demir,Consumer,United States,Middletown,Connecticut,06457
HW-14935,Helen Wasserman,Corporate,United States,Seattle,Washington,98115
CL-12565,Clay Ludtke,Consumer,United States,Tulsa,Oklahoma,74133
PS-18970,Paul Stevenson,Home Office,United States,Seattle,Washington,98105
PW-19030,Pauline Webber,Corporate,United States,Pompano Beach,Florida,33068
SC-20725,Steven Cartwright,Consumer,United States,Los Angeles,California,90045
TB-21055,Ted Butterfield,Consumer,United States,Reading,Pennsylvania,19601
RW-19690,Robert Waldorf,Consumer,United States,Lafayette,Indiana,47905
BE-11335,Bill Eplett,Home Office,United States,San Francisco,California,94122
SJ-20125,Sanjit Jacobs,Home Office,United States,Seattle,Washington,98105
EC-14050,Erin Creighton,Consumer,United States,New York City,New York,10024
RB-19360,Raymond Buch,Consumer,United States,Seattle,Washington,98115
AC-10660,Anna Chung,Consumer,United States,Huntsville,Texas,77340
MZ-17515,Mary Zewe,Corporate,United States,New York City,New York,10011
HR-14830,Harold Ryan,Corporate,United States,New York City,New York,10035
BM-11650,Brian Moss,Corporate,United States,New York City,New York,10009
AC-10615,Ann Chong,Corporate,United States,Beaumont,Texas,77705
JD-16150,Justin Deggeller,Corporate,United States,Milwaukee,Wisconsin,53209
CV-12295,Christina VanderZanden,Consumer,United States,Fresno,California,93727
FM-14215,Filia McAdams,Corporate,United States,Seattle,Washington,98103
JL-15835,John Lee,Consumer,United States,New York City,New York,10024
DB-13660,Duane Benoit,Consumer,United States,Dallas,Texas,75081
JC-15775,John Castell,Consumer,United States,San Antonio,Texas,78207
GM-14440,Gary McGarr,Consumer,United States,New York City,New York,10009
ML-18040,Michelle Lonsdale,Corporate,United States,Dearborn,Michigan,48126
HK-14890,Heather Kirkland,Corporate,United States,Houston,Texas,77070
MZ-17335,Maria Zettner,Home Office,United States,Seattle,Washington,98105
EM-14200,Evan Minnotte,Home Office,United States,Virginia Beach,Virginia,23464
CJ-12010,Caroline Jumper,Consumer,United States,Houston,Texas,77070
AG-10270,Alejandro Grove,Consumer,United States,Philadelphia,Pennsylvania,19120
LC-16870,Lena Cacioppo,Consumer,United States,Richmond,Virginia,23223
BD-11560,Brendan Dodson,Home Office,United States,Fresno,California,93727
DH-13075,Dave Hallsten,Corporate,United States,Fairfield,California,94533
CK-12760,Cyma Kinney,Corporate,United States,Jacksonville,Florida,32216
RD-19720,Roger Demir,Consumer,United States,Lafayette,Indiana,47905
AB-10165,Alan Barnes,Consumer,United States,Lakewood,California,90712
TB-21400,Tom Boeckenhauer,Consumer,United States,Los Angeles,California,90036
BP-11155,Becky Pak,Consumer,United States,Lancaster,Pennsylvania,17602
TM-21490,Tony Molinari,Consumer,United States,Oklahoma City,Oklahoma,73120
ME-17320,Maria Etezadi,Home Office,United States,Columbus,Georgia,31907
DS-13180,David Smith,Corporate,United States,Amarillo,Texas,79109
DB-12910,Daniel Byrd,Home Office,United States,Henderson,Kentucky,42420
CM-12115,Chad McGuire,Consumer,United States,New York City,New York,10011
SC-20260,Scott Cohen,Corporate,United States,Arlington,Texas,76017
JE-15610,Jim Epp,Corporate,United States,Atlanta,Georgia,30318
EG-13900,Emily Grady,Consumer,United States,Chicago,Illinois,60623
HG-14965,Henry Goldwyn,Corporate,United States,Los Angeles,California,90004
DO-13435,Denny Ordway,Consumer,United States,New York City,New York,10035
NC-18535,Nick Crebassa,Corporate,United States,San Francisco,California,94110
BF-11020,Barry Französisch,Corporate,United States,Jacksonville,Florida,32216
GB-14530,George Bell,Corporate,United States,Florence,South Carolina,29501
MS-17365,Maribeth Schnelling,Consumer,United States,San Francisco,California,94110
JC-15775,John Castell,Consumer,United States,New York City,New York,10011
JF-15190,Jamie Frazer,Consumer,United States,Los Angeles,California,90008
TC-21475,Tony Chapman,Home Office,United States,Columbus,Georgia,31907
AT-10435,Alyssa Tate,Home Office,United States,Meriden,Connecticut,06450
AH-10465,Amy Hunt,Consumer,United States,Decatur,Alabama,35601
KH-16360,Katherine Hughes,Consumer,United States,Philadelphia,Pennsylvania,19143
SA-20830,Sue Ann Reed,Consumer,United States,Chicago,Illinois,60653
TA-21385,Tom Ashbrook,Home Office,United States,New York City,New York,10035
PS-19045,Penelope Sewall,Home Office,United States,New York City,New York,10011
DS-13030,Darrin Sayre,Home Office,United States,New York City,New York,10009
AM-10705,Anne McFarland,Consumer,United States,Des Plaines,Illinois,60016
CS-12175,Charles Sheldon,Corporate,United States,Chattanooga,Tennessee,37421
ML-17755,Max Ludwig,Home Office,United States,Marion,Iowa,52302
CS-12400,Christopher Schild,Home Office,United States,Tampa,Florida,33614
HR-14770,Hallie Redmond,Home Office,United States,Jacksonville,Florida,32216
DM-13345,Denise Monton,Corporate,United States,Roswell,Georgia,30076
NH-18610,Nicole Hansen,Corporate,United States,Oak Park,Michigan,48237
KF-16285,Karen Ferguson,Home Office,United States,Plainfield,New Jersey,07060
AH-10120,Adrian Hane,Home Office,United States,San Francisco,California,94110
BS-11800,Bryan Spruell,Home Office,United States,New York City,New York,10011
SA-20830,Sue Ann Reed,Consumer,United States,Jacksonville,Florida,32216
NC-18625,Noah Childs,Corporate,United States,York,Pennsylvania,17403
MG-18205,Mitch Gastineau,Corporate,United States,Jacksonville,Florida,32216
BS-11755,Bruce Stewart,Consumer,United States,Philadelphia,Pennsylvania,19143
SJ-20125,Sanjit Jacobs,Home Office,United States,New Brunswick,New Jersey,08901
RD-19930,Russell D'Ascenzo,Consumer,United States,Austin,Texas,78745
DB-13360,Dennis Bolton,Home Office,United States,Waterbury,Connecticut,06708
HM-14980,Henry MacAllister,Consumer,United States,Burlington,North Carolina,27217
LW-17215,Luke Weiss,Consumer,United States,Pasadena,California,91104
SC-20050,Sample Company A,Home Office,United States,Lubbock,Texas,79424
JL-15130,Jack Lebron,Consumer,United States,Lancaster,Ohio,43130
BD-11320,Bill Donatelli,Consumer,United States,Providence,Rhode Island,02908
YS-21880,Yana Sorensen,Corporate,United States,Hesperia,California,92345
RW-19630,Rob Williams,Corporate,United States,Seattle,Washington,98105
DP-13105,Dave Poirier,Corporate,United States,Philadelphia,Pennsylvania,19134
DW-13585,Dorothy Wardle,Corporate,United States,Fayetteville,North Carolina,28314
CS-12355,Christine Sundaresam,Consumer,United States,New York City,New York,10024
HM-14860,Harry Marie,Corporate,United States,Morristown,New Jersey,07960
AB-10165,Alan Barnes,Consumer,United States,Toledo,Ohio,43615
CL-12700,Craig Leslie,Home Office,United States,Springfield,Missouri,65807
AH-10075,Adam Hart,Corporate,United States,Henderson,Nevada,89015
SH-20395,Shahid Hopkins,Consumer,United States,Arlington,Virginia,22204
BP-11095,Bart Pistole,Corporate,United States,Miami,Florida,33180
SD-20485,Shirley Daniels,Home Office,United States,Houston,Texas,77041
AA-10480,Andrew Allen,Consumer,United States,Concord,North Carolina,28027
JE-15745,Joel Eaton,Consumer,United States,San Jose,California,95123
JO-15550,Jesus Ocampo,Home Office,United States,San Francisco,California,94109
PL-18925,Paul Lucas,Home Office,United States,Chicago,Illinois,60610
ND-18370,Natalie DeCherney,Consumer,United States,Houston,Texas,77095
RF-19840,Roy Französisch,Consumer,United States,Columbus,Ohio,43229
EB-13750,Edward Becker,Corporate,United States,Hoover,Alabama,35244
BG-11740,Bruce Geld,Consumer,United States,Philadelphia,Pennsylvania,19120
SR-20425,Sharelle Roach,Home Office,United States,Louisville,Colorado,80027
BM-11575,Brendan Murry,Corporate,United States,Chicago,Illinois,60653
SJ-20215,Sarah Jordon,Consumer,United States,Chicago,Illinois,60653
CV-12805,Cynthia Voltz,Corporate,United States,Philadelphia,Pennsylvania,19120
SJ-20125,Sanjit Jacobs,Home Office,United States,Chicago,Illinois,60610
BE-11455,Brad Eason,Home Office,United States,Cleveland,Ohio,44105
CV-12295,Christina VanderZanden,Consumer,United States,Detroit,Michigan,48234
JM-15250,Janet Martin,Consumer,United States,Baltimore,Maryland,21215
JW-15955,Joni Wasserman,Consumer,United States,Seattle,Washington,98103
SJ-20500,Shirley Jackson,Consumer,United States,Houston,Texas,77036
RP-19390,Resi Pölking,Consumer,United States,Houston,Texas,77041
KN-16390,Katherine Nockton,Corporate,United States,Houston,Texas,77070
GM-14440,Gary McGarr,Consumer,United States,San Francisco,California,94122
MO-17800,Meg O'Connel,Home Office,United States,Philadelphia,Pennsylvania,19140
BD-11725,Bruce Degenhardt,Consumer,United States,Columbus,Georgia,31907
PN-18775,Parhena Norris,Home Office,United States,Clarksville,Tennessee,37042
SO-20335,Sean O'Donnell,Consumer,United States,Greeley,Colorado,80634
JF-15355,Jay Fein,Consumer,United States,Pasadena,California,91104
SK-19990,Sally Knutson,Consumer,United States,New York City,New York,10024
GG-14650,Greg Guthrie,Corporate,United States,Columbus,Ohio,43229
TD-20995,Tamara Dahlen,Consumer,United States,New York City,New York,10011
SC-20305,Sean Christensen,Consumer,United States,Lawrence,Indiana,46226
DK-12835,Damala Kotsonis,Corporate,United States,Philadelphia,Pennsylvania,19143
MG-17890,Michael Granlund,Home Office,United States,Santa Barbara,California,93101
CP-12340,Christine Phan,Corporate,United States,Jacksonville,Florida,32216
LS-16945,Linda Southworth,Corporate,United States,Providence,Rhode Island,02908
SV-20935,Susan Vittorini,Consumer,United States,Mesa,Arizona,85204
RL-19615,Rob Lucas,Consumer,United States,Los Angeles,California,90008
LH-16750,Larry Hughes,Consumer,United States,Chandler,Arizona,85224
PN-18775,Parhena Norris,Home Office,United States,Nashville,Tennessee,37211
LL-16840,Lauren Leatherbury,Consumer,United States,Los Angeles,California,90032
MB-18085,Mick Brown,Consumer,United States,Los Angeles,California,90049
SG-20605,Speros Goranitis,Consumer,United States,San Francisco,California,94109
LB-16735,Larry Blacks,Consumer,United States,Fort Worth,Texas,76106
PO-19180,Philisse Overcash,Home Office,United States,Seattle,Washington,98115
CV-12805,Cynthia Voltz,Corporate,United States,Fort Worth,Texas,76106
HM-14980,Henry MacAllister,Consumer,United States,Seattle,Washington,98105
JL-15130,Jack Lebron,Consumer,United States,Wilmington,North Carolina,28403
MC-17605,Matt Connell,Corporate,United States,Philadelphia,Pennsylvania,19143
JL-15235,Janet Lee,Consumer,United States,Kissimmee,Florida,34741
FM-14215,Filia McAdams,Corporate,United States,Dublin,Ohio,43017
KT-16480,Kean Thornton,Consumer,United States,Orange,New Jersey,07050
DJ-13510,Don Jones,Corporate,United States,San Francisco,California,94110
MH-18115,Mick Hernandez,Home Office,United States,Sanford,Florida,32771
SS-20140,Saphhira Shifley,Corporate,United States,Pompano Beach,Florida,33068
AS-10630,Ann Steele,Home Office,United States,Boynton Beach,Florida,33437
EA-14035,Erin Ashbrook,Corporate,United States,Los Angeles,California,90008
TC-21475,Tony Chapman,Home Office,United States,Danville,Illinois,61832
NZ-18565,Nick Zandusky,Home Office,United States,Los Angeles,California,90032
QJ-19255,Quincy Jones,Corporate,United States,Philadelphia,Pennsylvania,19143
DL-13495,Dionis Lloyd,Corporate,United States,New York City,New York,10024
NM-18520,Neoma Murray,Consumer,United States,Manchester,Connecticut,06040
AD-10180,Alan Dominguez,Home Office,United States,San Francisco,California,94122
JF-15490,Jeremy Farry,Consumer,United States,Columbus,Ohio,43229
AG-10900,Arthur Gainer,Consumer,United States,Coral Springs,Florida,33065
CJ-12010,Caroline Jumper,Consumer,United States,Jacksonville,Florida,32216
SJ-20125,Sanjit Jacobs,Home Office,United States,Texarkana,Arkansas,71854
DW-13585,Dorothy Wardle,Corporate,United States,Westfield,New Jersey,07090
DD-13570,Dorothy Dickinson,Consumer,United States,Los Angeles,California,90049
EM-13825,Elizabeth Moffitt,Corporate,United States,Los Angeles,California,90049
BO-11350,Bill Overfelt,Corporate,United States,Philadelphia,Pennsylvania,19134
DB-12970,Darren Budd,Corporate,United States,Los Angeles,California,90004
LW-16990,Lindsay Williams,Corporate,United States,San Francisco,California,94109
CC-12220,Chris Cortes,Consumer,United States,Westminster,California,92683
MY-18295,Muhammed Yedwab,Corporate,United States,Philadelphia,Pennsylvania,19140
SH-20395,Shahid Hopkins,Consumer,United States,Springfield,Ohio,45503
MK-18160,Mike Kennedy,Consumer,United States,Newport News,Virginia,23602
LH-17020,Lisa Hazard,Consumer,United States,Louisville,Colorado,80027
YS-21880,Yana Sorensen,Corporate,United States,Columbus,Georgia,31907
DK-12985,Darren Koutras,Consumer,United States,San Francisco,California,94122
AI-10855,Arianne Irving,Consumer,United States,New York City,New York,10035
DB-13555,Dorothy Badders,Corporate,United States,Fort Worth,Texas,76106
TS-21655,Trudy Schmidt,Consumer,United States,Rancho Cucamonga,California,91730
GZ-14470,Gary Zandusky,Consumer,United States,Arlington,Virginia,22204
ML-17755,Max Ludwig,Home Office,United States,Chicago,Illinois,60623
MB-18085,Mick Brown,Consumer,United States,Charlotte,North Carolina,28205
TC-21295,Toby Carlisle,Consumer,United States,New York City,New York,10035
DB-13615,Doug Bickford,Consumer,United States,Tucson,Arizona,85705
JF-15490,Jeremy Farry,Consumer,United States,Chicago,Illinois,60653
RW-19540,Rick Wilson,Corporate,United States,Detroit,Michigan,48234
AB-10060,Adam Bellavance,Home Office,United States,Los Angeles,California,90004
CS-11950,Carlos Soltero,Consumer,United States,Pasadena,California,91104
DJ-13510,Don Jones,Corporate,United States,Philadelphia,Pennsylvania,19140
MD-17350,Maribeth Dona,Consumer,United States,Columbus,Ohio,43229
MM-18055,Michelle Moray,Consumer,United States,San Francisco,California,94110
EB-13705,Ed Braxton,Corporate,United States,Mansfield,Texas,76063
PS-19045,Penelope Sewall,Home Office,United States,Los Angeles,California,90032
MC-17605,Matt Connell,Corporate,United States,Jacksonville,North Carolina,28540
LB-16795,Laurel Beltran,Home Office,United States,Seattle,Washington,98105
TS-21370,Todd Sumrall,Corporate,United States,Phoenix,Arizona,85023
JK-16120,Julie Kriz,Home Office,United States,Austin,Texas,78745
ZC-21910,Zuschuss Carroll,Consumer,United States,New York City,New York,10024
LP-17080,Liz Pelletier,Consumer,United States,Seattle,Washington,98103
CA-12775,Cynthia Arntzen,Consumer,United States,Vineland,New Jersey,08360
CS-12175,Charles Sheldon,Corporate,United States,San Francisco,California,94122
JP-16135,Julie Prescott,Home Office,United States,Springfield,Ohio,45503
AC-10420,Alyssa Crouse,Corporate,United States,Houston,Texas,77041
JH-15910,Jonathan Howell,Consumer,United States,Cincinnati,Ohio,45231
CK-12205,Chloris Kastensmidt,Consumer,United States,Everett,Massachusetts,02149
MH-18115,Mick Hernandez,Home Office,United States,Philadelphia,Pennsylvania,19140
FH-14275,Frank Hawley,Corporate,United States,Franklin,Tennessee,37064
CW-11905,Carl Weiss,Home Office,United States,Newark,Delaware,19711
BM-11650,Brian Moss,Corporate,United States,Columbus,Indiana,47201
RB-19795,Ross Baird,Home Office,United States,San Francisco,California,94110
AJ-10780,Anthony Jacobs,Corporate,United States,Baltimore,Maryland,21215
GT-14710,Greg Tran,Consumer,United States,Houston,Texas,77041
DP-13000,Darren Powers,Consumer,United States,Cleveland,Ohio,44105
EJ-14155,Eva Jacobs,Consumer,United States,Gulfport,Mississippi,39503
KB-16585,Ken Black,Corporate,United States,Seattle,Washington,98103
AH-10465,Amy Hunt,Consumer,United States,New York City,New York,10035
JF-15295,Jason Fortune-,Consumer,United States,Seattle,Washington,98103
JA-15970,Joseph Airdo,Consumer,United States,Phoenix,Arizona,85023
JD-16015,Joy Daniels,Consumer,United States,Chicago,Illinois,60653
JM-15865,John Murray,Consumer,United States,Akron,Ohio,44312
TB-21355,Todd Boyes,Corporate,United States,Sandy Springs,Georgia,30328
TS-21340,Toby Swindell,Consumer,United States,New York City,New York,10024
PP-18955,Paul Prost,Home Office,United States,Springfield,Missouri,65807
SG-20890,Susan Gilcrest,Corporate,United States,Mcallen,Texas,78501
BH-11710,Brosina Hoffman,Consumer,United States,Philadelphia,Pennsylvania,19140
AB-10105,Adrian Barton,Consumer,United States,Portland,Oregon,97206
SC-20380,Shahid Collister,Consumer,United States,Atlanta,Georgia,30318
AH-10075,Adam Hart,Corporate,United States,Knoxville,Tennessee,37918
BC-11125,Becky Castell,Home Office,United States,San Francisco,California,94109
RS-19765,Roland Schwarz,Corporate,United States,Mount Vernon,New York,10550
AT-10735,Annie Thurman,Consumer,United States,Seattle,Washington,98115
ND-18460,Neil Ducich,Corporate,United States,Huntsville,Alabama,35810
SA-20830,Sue Ann Reed,Consumer,United States,San Jose,California,95123
JF-15295,Jason Fortune-,Consumer,United States,Plano,Texas,75023
JC-15775,John Castell,Consumer,United States,Atlanta,Georgia,30318
PJ-18835,Patrick Jones,Corporate,United States,Rockford,Illinois,61107
CC-12430,Chuck Clark,Home Office,United States,Lakewood,California,90712
RD-19480,Rick Duston,Consumer,United States,Las Vegas,Nevada,89115
NC-18340,Nat Carroll,Consumer,United States,Fargo,North Dakota,58103
AR-10405,Allen Rosenblatt,Corporate,United States,Trenton,Michigan,48183
JG-15805,John Grady,Corporate,United States,Auburn,New York,13021
RL-19615,Rob Lucas,Consumer,United States,Los Angeles,California,90049
VF-21715,Vicky Freymann,Home Office,United States,San Francisco,California,94109
EH-13945,Eric Hoffmann,Consumer,United States,Los Angeles,California,90008
VS-21820,Vivek Sundaresam,Consumer,United States,Los Angeles,California,90036
KL-16645,Ken Lonsdale,Consumer,United States,Houston,Texas,77095
TB-21625,Trudy Brown,Consumer,United States,New York City,New York,10009
MH-18115,Mick Hernandez,Home Office,United States,Columbus,Georgia,31907
JL-15505,Jeremy Lonsdale,Consumer,United States,Houston,Texas,77070
KC-16675,Kimberly Carter,Corporate,United States,Louisville,Kentucky,40214
CD-11920,Carlos Daly,Consumer,United States,Oceanside,California,92054
BM-11785,Bryan Mills,Consumer,United States,Harrisonburg,Virginia,22801
DN-13690,Duane Noonan,Consumer,United States,Tulsa,Oklahoma,74133
JG-15160,James Galang,Consumer,United States,Pocatello,Idaho,83201
RP-19855,Roy Phan,Corporate,United States,Seattle,Washington,98103
DW-13480,Dianna Wilson,Home Office,United States,Louisville,Kentucky,40214
BW-11110,Bart Watters,Corporate,United States,Greensboro,North Carolina,27405
EH-13945,Eric Hoffmann,Consumer,United States,Memphis,Tennessee,38109
AM-10360,Alice McCarthy,Corporate,United States,Cleveland,Ohio,44105
PO-18865,Patrick O'Donnell,Consumer,United States,Columbia,South Carolina,29203
TH-21235,Tiffany House,Corporate,United States,Chicago,Illinois,60653
LO-17170,Lori Olson,Corporate,United States,Concord,New Hampshire,03301
MD-17860,Michael Dominguez,Corporate,United States,Laurel,Maryland,20707
CM-11815,Candace McMahon,Corporate,United States,Phoenix,Arizona,85023
JH-15910,Jonathan Howell,Consumer,United States,Houston,Texas,77070
HZ-14950,Henia Zydlo,Consumer,United States,Houston,Texas,77095
ML-17410,Maris LaWare,Consumer,United States,Columbus,Indiana,47201
JO-15550,Jesus Ocampo,Home Office,United States,Omaha,Nebraska,68104
GT-14755,Guy Thornton,Consumer,United States,Harlingen,Texas,78550
BD-11725,Bruce Degenhardt,Consumer,United States,Lafayette,Louisiana,70506
KT-16480,Kean Thornton,Consumer,United States,Dallas,Texas,75217
MG-17890,Michael Granlund,Home Office,United States,Tigard,Oregon,97224
KA-16525,Kelly Andreada,Consumer,United States,San Diego,California,92037
SM-20950,Suzanne McNair,Corporate,United States,Los Angeles,California,90004
HW-14935,Helen Wasserman,Corporate,United States,Indianapolis,Indiana,46203
BB-10990,Barry Blumstein,Corporate,United States,Toledo,Ohio,43615
FH-14350,Fred Harton,Consumer,United States,Dublin,Ohio,43017
CV-12805,Cynthia Voltz,Corporate,United States,Fremont,Nebraska,68025
BW-11065,Barry Weirich,Consumer,United States,Philadelphia,Pennsylvania,19120
DO-13435,Denny Ordway,Consumer,United States,Mesa,Arizona,85204
JD-15790,John Dryer,Consumer,United States,Houston,Texas,77070
CS-11860,Cari Schnelling,Consumer,United States,Jacksonville,North Carolina,28540
AB-10255,Alejandro Ballentine,Home Office,United States,Lorain,Ohio,44052
NR-18550,Nick Radford,Consumer,United States,Pembroke Pines,Florida,33024
HK-14890,Heather Kirkland,Corporate,United States,Franklin,Tennessee,37064
KN-16390,Katherine Nockton,Corporate,United States,New York City,New York,10011
SS-20140,Saphhira Shifley,Corporate,United States,Los Angeles,California,90036
MO-17800,Meg O'Connel,Home Office,United States,Spokane,Washington,99207
GD-14590,Giulietta Dortch,Corporate,United States,Bellingham,Washington,98226
LW-16990,Lindsay Williams,Corporate,United States,Monroe,North Carolina,28110
EM-14065,Erin Mull,Consumer,United States,Frisco,Texas,75034
CT-11995,Carol Triggs,Consumer,United States,Apple Valley,Minnesota,55124
EH-14005,Erica Hernandez,Home Office,United States,Jonesboro,Arkansas,72401
ML-18040,Michelle Lonsdale,Corporate,United States,Missouri City,Texas,77489
DC-12850,Dan Campbell,Consumer,United States,Florence,Alabama,35630
NS-18640,Noel Staavos,Corporate,United States,Orlando,Florida,32839
AB-10105,Adrian Barton,Consumer,United States,Pearland,Texas,77581
GH-14410,Gary Hansen,Home Office,United States,San Francisco,California,94122
MG-17680,Maureen Gastineau,Home Office,United States,Los Angeles,California,90049
Dl-13600,Dorris liebe,Corporate,United States,Pasadena,Texas,77506
BW-11200,Ben Wallace,Consumer,United States,Skokie,Illinois,60076
FO-14305,Frank Olsen,Consumer,United States,Glendale,Arizona,85301
LW-17125,Liz Willingham,Consumer,United States,Norwich,Connecticut,06360
TH-21235,Tiffany House,Corporate,United States,Dallas,Texas,75081
MO-17800,Meg O'Connel,Home Office,United States,Chicago,Illinois,60653
AG-10675,Anna Gayman,Consumer,United States,Salem,Virginia,24153
NC-18625,Noah Childs,Corporate,United States,Dallas,Texas,75217
MT-18070,Michelle Tran,Home Office,United States,Los Angeles,California,90045
GZ-14545,George Zrebassa,Corporate,United States,Thousand Oaks,California,91360
LC-16930,Linda Cazamias,Corporate,United States,New York City,New York,10011
BW-11200,Ben Wallace,Consumer,United States,Los Angeles,California,90032
MM-18280,Muhammed MacIntyre,Corporate,United States,New York City,New York,10024
BD-11320,Bill Donatelli,Consumer,United States,Seattle,Washington,98103
CL-11890,Carl Ludwig,Consumer,United States,Philadelphia,Pennsylvania,19143
ND-18460,Neil Ducich,Corporate,United States,Jacksonville,Florida,32216
SC-20305,Sean Christensen,Consumer,United States,Rochester Hills,Michigan,48307
TB-21400,Tom Boeckenhauer,Consumer,United States,Seattle,Washington,98103
BC-11125,Becky Castell,Home Office,United States,Peoria,Arizona,85345
ZD-21925,Zuschuss Donatelli,Consumer,United States,Los Angeles,California,90036
KN-16705,Kristina Nunn,Home Office,United States,Auburn,Alabama,36830
ZC-21910,Zuschuss Carroll,Consumer,United States,Hickory,North Carolina,28601
DV-13465,Dianna Vittorini,Consumer,United States,Los Angeles,California,90004
SB-20170,Sarah Bern,Consumer,United States,New York City,New York,10035
LC-16885,Lena Creighton,Consumer,United States,Saint Petersburg,Florida,33710
TS-21610,Troy Staebel,Consumer,United States,Chicago,Illinois,60610
SB-20185,Sarah Brown,Consumer,United States,Kent,Washington,98031
HG-15025,Hunter Glantz,Consumer,United States,Marion,Ohio,43302
TW-21025,Tamara Willingham,Home Office,United States,Seattle,Washington,98103
SD-20485,Shirley Daniels,Home Office,United States,Chicago,Illinois,60653
PG-18895,Paul Gonzalez,Consumer,United States,Springfield,Virginia,22153
JE-15715,Joe Elijah,Consumer,United States,Monroe,North Carolina,28110
TS-21205,Thomas Seio,Corporate,United States,Nashville,Tennessee,37211
TD-20995,Tamara Dahlen,Consumer,United States,Quincy,Illinois,62301
SC-20800,Stuart Calhoun,Consumer,United States,Los Angeles,California,90036
Dp-13240,Dean percer,Home Office,United States,Maple Grove,Minnesota,55369
KH-16690,Kristen Hastings,Corporate,United States,Los Angeles,California,90032
CC-12550,Clay Cheatham,Consumer,United States,San Francisco,California,94122
TS-21610,Troy Staebel,Consumer,United States,San Francisco,California,94122
JE-15745,Joel Eaton,Consumer,United States,Florence,Kentucky,41042
CS-12355,Christine Sundaresam,Consumer,United States,Dublin,Ohio,43017
CB-12535,Claudia Bergmann,Corporate,United States,Chapel Hill,North Carolina,27514
MK-17905,Michael Kennedy,Corporate,United States,Chicago,Illinois,60653
AB-10255,Alejandro Ballentine,Home Office,United States,Carlsbad,New Mexico,88220
PF-19165,Philip Fox,Consumer,United States,Olympia,Washington,98502
LS-17200,Luke Schmidt,Corporate,United States,Skokie,Illinois,60076
KD-16345,Katherine Ducich,Consumer,United States,San Francisco,California,94122
RA-19945,Ryan Akin,Consumer,United States,Commerce City,Colorado,80022
CC-12670,Craig Carreira,Consumer,United States,Los Angeles,California,90032
NK-18490,Neil Knudson,Home Office,United States,Corpus Christi,Texas,78415
KH-16330,Katharine Harms,Corporate,United States,Newark,Ohio,43055
GA-14515,George Ashbrook,Consumer,United States,San Francisco,California,94109
DB-13270,Deborah Brumfield,Home Office,United States,Dallas,Texas,75081
ZC-21910,Zuschuss Carroll,Consumer,United States,Houston,Texas,77095
JS-15685,Jim Sink,Corporate,United States,New York City,New York,10035
AR-10405,Allen Rosenblatt,Corporate,United States,New York City,New York,10035
FO-14305,Frank Olsen,Consumer,United States,Dallas,Texas,75220
ST-20530,Shui Tom,Consumer,United States,Parma,Ohio,44134
JE-15475,Jeremy Ellison,Consumer,United States,New Rochelle,New York,10801
TR-21325,Toby Ritter,Consumer,United States,Belleville,New Jersey,07109
PG-18895,Paul Gonzalez,Consumer,United States,Richmond,Virginia,23223
PJ-19015,Pauline Johnson,Consumer,United States,Miami,Florida,33180
AS-10240,Alan Shonely,Consumer,United States,Cleveland,Ohio,44105
EH-14125,Eugene Hildebrand,Home Office,United States,Wheeling,West Virginia,26003
RB-19465,Rick Bensley,Home Office,United States,Detroit,Michigan,48227
JK-15730,Joe Kamberova,Consumer,United States,Chicago,Illinois,60653
PL-18925,Paul Lucas,Home Office,United States,Philadelphia,Pennsylvania,19140
DC-12850,Dan Campbell,Consumer,United States,Miami,Florida,33178
GA-14515,George Ashbrook,Consumer,United States,New York City,New York,10011
NH-18610,Nicole Hansen,Corporate,United States,Pomona,California,91767
CJ-12010,Caroline Jumper,Consumer,United States,Huntington Beach,California,92646
SC-20575,Sonia Cooley,Consumer,United States,Cranston,Rhode Island,02920
MC-17635,Matthew Clasen,Corporate,United States,Decatur,Illinois,62521
KT-16480,Kean Thornton,Consumer,United States,San Francisco,California,94110
MB-17305,Maria Bertelson,Consumer,United States,Akron,Ohio,44312
SB-20185,Sarah Brown,Consumer,United States,New York City,New York,10024
AM-10705,Anne McFarland,Consumer,United States,Seattle,Washington,98115
ML-17755,Max Ludwig,Home Office,United States,Springfield,Oregon,97477
FM-14380,Fred McMath,Consumer,United States,Bolingbrook,Illinois,60440
DR-12880,Dan Reichenbach,Corporate,United States,Miami,Florida,33180
DB-13405,Denny Blanton,Consumer,United States,La Porte,Indiana,46350
TH-21550,Tracy Hopkins,Home Office,United States,Detroit,Michigan,48227
SC-20260,Scott Cohen,Corporate,United States,New York City,New York,10009
OT-18730,Olvera Toch,Consumer,United States,San Diego,California,92105
NP-18700,Nora Preis,Consumer,United States,Denver,Colorado,80219
CC-12220,Chris Cortes,Consumer,United States,Philadelphia,Pennsylvania,19143
SC-20725,Steven Cartwright,Consumer,United States,New York City,New York,10024
MA-17995,Michelle Arnett,Home Office,United States,Watertown,New York,13601
PW-19030,Pauline Webber,Corporate,United States,Seattle,Washington,98105
GT-14710,Greg Tran,Consumer,United States,Omaha,Nebraska,68104
ME-17725,Max Engle,Consumer,United States,Dallas,Texas,75220
DR-12880,Dan Reichenbach,Corporate,United States,Milford,Connecticut,06460
AA-10315,Alex Avila,Consumer,United States,Minneapolis,Minnesota,55407
WB-21850,William Brown,Consumer,United States,Los Angeles,California,90049
CT-11995,Carol Triggs,Consumer,United States,Los Angeles,California,90004
FC-14335,Fred Chung,Corporate,United States,Mesquite,Texas,75150
DK-13225,Dean Katz,Corporate,United States,Anaheim,California,92804
JC-15775,John Castell,Consumer,United States,Los Angeles,California,90032
GH-14410,Gary Hansen,Home Office,United States,Chicago,Illinois,60653
DV-13045,Darrin Van Huff,Corporate,United States,Memphis,Tennessee,38109
RA-19285,Ralph Arnett,Consumer,United States,New York City,New York,10024
SG-20470,Sheri Gordon,Consumer,United States,New York City,New York,10011
VP-21730,Victor Preis,Home Office,United States,Las Vegas,Nevada,89115
TT-21220,Thomas Thornton,Consumer,United States,Los Angeles,California,90045
ND-18460,Neil Ducich,Corporate,United States,Mount Vernon,New York,10550
KF-16285,Karen Ferguson,Home Office,United States,Indianapolis,Indiana,46203
AH-10120,Adrian Hane,Home Office,United States,Houston,Texas,77036
MB-17305,Maria Bertelson,Consumer,United States,Citrus Heights,California,95610
CS-12460,Chuck Sachs,Consumer,United States,Columbus,Georgia,31907
CA-12265,Christina Anderson,Consumer,United States,Farmington,New Mexico,87401
TS-21505,Tony Sayre,Consumer,United States,Concord,New Hampshire,03301
SZ-20035,Sam Zeldin,Home Office,United States,Lancaster,Ohio,43130
YS-21880,Yana Sorensen,Corporate,United States,Burlington,North Carolina,27217
FH-14275,Frank Hawley,Corporate,United States,Houston,Texas,77041
FM-14290,Frank Merwin,Home Office,United States,Quincy,Massachusetts,02169
RD-19585,Rob Dowd,Consumer,United States,Los Angeles,California,90004
JK-15640,Jim Kriz,Home Office,United States,Seattle,Washington,98105
MO-17950,Michael Oakman,Consumer,United States,Jacksonville,North Carolina,28540
RD-19585,Rob Dowd,Consumer,United States,Plano,Texas,75023
LS-16945,Linda Southworth,Corporate,United States,Dallas,Texas,75220
DK-12835,Damala Kotsonis,Corporate,United States,Fremont,Nebraska,68025
AH-10585,Angele Hood,Consumer,United States,Miami,Florida,33142
PO-18850,Patrick O'Brill,Consumer,United States,Los Angeles,California,90008
FH-14365,Fred Hopkins,Corporate,United States,Philadelphia,Pennsylvania,19120
RL-19615,Rob Lucas,Consumer,United States,Philadelphia,Pennsylvania,19120
CS-12355,Christine Sundaresam,Consumer,United States,Long Beach,New York,11561
AT-10735,Annie Thurman,Consumer,United States,Los Angeles,California,90049
MP-17965,Michael Paige,Corporate,United States,Warwick,Rhode Island,02886
SZ-20035,Sam Zeldin,Home Office,United States,Pico Rivera,California,90660
JC-15385,Jenna Caffey,Consumer,United States,Kent,Washington,98031
VF-21715,Vicky Freymann,Home Office,United States,Seattle,Washington,98115
TD-20995,Tamara Dahlen,Consumer,United States,Lowell,Massachusetts,01852
VG-21790,Vivek Gonzalez,Consumer,United States,San Mateo,California,94403
MR-17545,Mathew Reese,Home Office,United States,Seattle,Washington,98103
SM-20320,Sean Miller,Home Office,United States,Lafayette,Indiana,47905
NS-18640,Noel Staavos,Corporate,United States,Chicago,Illinois,60610
JF-15190,Jamie Frazer,Consumer,United States,Manchester,Connecticut,06040
TD-20995,Tamara Dahlen,Consumer,United States,Portland,Oregon,97206
JH-15820,John Huston,Consumer,United States,Chicago,Illinois,60610
BP-11155,Becky Pak,Consumer,United States,Columbus,Georgia,31907
BF-11275,Beth Fritzler,Corporate,United States,Columbus,Georgia,31907
FG-14260,Frank Gastineau,Home Office,United States,Aurora,Illinois,60505
KB-16240,Karen Bern,Corporate,United States,Los Angeles,California,90049
NW-18400,Natalie Webber,Consumer,United States,Waterloo,Iowa,50701
TS-21430,Tom Stivers,Corporate,United States,San Diego,California,92105
KN-16390,Katherine Nockton,Corporate,United States,Los Angeles,California,90004
JD-16015,Joy Daniels,Consumer,United States,New York City,New York,10009
CS-11860,Cari Schnelling,Consumer,United States,Fairfield,Ohio,45014
MH-17455,Mark Hamilton,Consumer,United States,Philadelphia,Pennsylvania,19140
RR-19525,Rick Reed,Corporate,United States,Overland Park,Kansas,66212
JL-15835,John Lee,Consumer,United States,Columbus,Ohio,43229
TC-21295,Toby Carlisle,Consumer,United States,Westminster,California,92683
MM-18055,Michelle Moray,Consumer,United States,New York City,New York,10024
RS-19420,Ricardo Sperren,Corporate,United States,Suffolk,Virginia,23434
MM-17260,Magdelene Morse,Consumer,United States,Wilmington,Delaware,19805
SF-20065,Sandra Flanagan,Consumer,United States,Philadelphia,Pennsylvania,19140
NF-18385,Natalie Fritzler,Consumer,United States,Charlotte,North Carolina,28205
VM-21685,Valerie Mitchum,Home Office,United States,Woodstock,Illinois,60098
AJ-10795,Anthony Johnson,Corporate,United States,Apple Valley,California,92307
SW-20455,Shaun Weien,Consumer,United States,Tampa,Florida,33614
BE-11335,Bill Eplett,Home Office,United States,Rome,New York,13440
AB-10255,Alejandro Ballentine,Home Office,United States,Los Angeles,California,90036
ML-17410,Maris LaWare,Consumer,United States,Phoenix,Arizona,85023
SV-20365,Seth Vernon,Consumer,United States,Philadelphia,Pennsylvania,19134
AR-10825,Anthony Rawles,Corporate,United States,New York City,New York,10009
EM-13825,Elizabeth Moffitt,Corporate,United States,Sioux Falls,South Dakota,57103
SM-20950,Suzanne McNair,Corporate,United States,Maple Grove,Minnesota,55369
AM-10705,Anne McFarland,Consumer,United States,Salem,Virginia,24153
SW-20455,Shaun Weien,Consumer,United States,San Diego,California,92024
GM-14500,Gene McClure,Consumer,United States,Pharr,Texas,78577
CS-11860,Cari Schnelling,Consumer,United States,New York City,New York,10024
SF-20200,Sarah Foster,Consumer,United States,Murray,Utah,84107
AR-10825,Anthony Rawles,Corporate,United States,Concord,California,94521
PT-19090,Pete Takahito,Consumer,United States,Chicago,Illinois,60623
SW-20350,Sean Wendt,Home Office,United States,Cleveland,Ohio,44105
KL-16555,Kelly Lampkin,Corporate,United States,Aurora,Illinois,60505
TW-21025,Tamara Willingham,Home Office,United States,Plainfield,New Jersey,07060
EB-13930,Eric Barreto,Consumer,United States,Chicago,Illinois,60653
FH-14365,Fred Hopkins,Corporate,United States,New York City,New York,10009
AZ-10750,Annie Zypern,Consumer,United States,Wheeling,Illinois,60090
LH-16900,Lena Hernandez,Consumer,United States,Elkhart,Indiana,46514
CP-12340,Christine Phan,Corporate,United States,New York City,New York,10009
NM-18445,Nathan Mautz,Home Office,United States,New York City,New York,10011
TB-21520,Tracy Blumstein,Consumer,United States,Los Angeles,California,90045
LR-17035,Lisa Ryan,Corporate,United States,Long Beach,New York,11561
MY-17380,Maribeth Yedwab,Corporate,United States,Chicago,Illinois,60623
PO-19180,Philisse Overcash,Home Office,United States,Kenosha,Wisconsin,53142
HR-14830,Harold Ryan,Corporate,United States,Huntington Beach,California,92646
JC-15775,John Castell,Consumer,United States,Philadelphia,Pennsylvania,19143
EM-14200,Evan Minnotte,Home Office,United States,Dallas,Texas,75217
RB-19360,Raymond Buch,Consumer,United States,Sioux Falls,South Dakota,57103
DD-13570,Dorothy Dickinson,Consumer,United States,Philadelphia,Pennsylvania,19134
GZ-14545,George Zrebassa,Corporate,United States,Los Angeles,California,90036
JW-15955,Joni Wasserman,Consumer,United States,Raleigh,North Carolina,27604
MG-18145,Mike Gockenbach,Consumer,United States,Jacksonville,Florida,32216
DK-13375,Dennis Kane,Consumer,United States,Seattle,Washington,98115
TM-21490,Tony Molinari,Consumer,United States,Yonkers,New York,10701
MH-17620,Matt Hagelstein,Corporate,United States,San Francisco,California,94110
VG-21790,Vivek Gonzalez,Consumer,United States,Seattle,Washington,98103
RF-19735,Roland Fjeld,Consumer,United States,Oklahoma City,Oklahoma,73120
AG-10675,Anna Gayman,Consumer,United States,Jacksonville,North Carolina,28540
GM-14440,Gary McGarr,Consumer,United States,Troy,New York,12180
LA-16780,Laura Armstrong,Corporate,United States,Austin,Texas,78745
GW-14605,Giulietta Weimer,Consumer,United States,Seattle,Washington,98115
TC-21475,Tony Chapman,Home Office,United States,Lakewood,Ohio,44107
JL-15835,John Lee,Consumer,United States,Mission Viejo,California,92691
JF-15355,Jay Fein,Consumer,United States,Baltimore,Maryland,21215
EC-14050,Erin Creighton,Consumer,United States,San Francisco,California,94110
LS-17200,Luke Schmidt,Corporate,United States,Milwaukee,Wisconsin,53209
LB-16795,Laurel Beltran,Home Office,United States,Wilmington,Delaware,19805
EA-14035,Erin Ashbrook,Corporate,United States,Philadelphia,Pennsylvania,19134
EH-14125,Eugene Hildebrand,Home Office,United States,Fort Lauderdale,Florida,33311
GM-14680,Greg Matthias,Consumer,United States,Philadelphia,Pennsylvania,19134
KW-16435,Katrina Willman,Consumer,United States,Chicago,Illinois,60653
HK-14890,Heather Kirkland,Corporate,United States,Salinas,California,93905
AS-10045,Aaron Smayling,Corporate,United States,Austin,Texas,78745
EM-13960,Eric Murdock,Consumer,United States,San Francisco,California,94109
LH-16750,Larry Hughes,Consumer,United States,Charlotte,North Carolina,28205
AT-10735,Annie Thurman,Consumer,United States,Chicago,Illinois,60653
CM-12190,Charlotte Melton,Consumer,United States,Chicago,Illinois,60623
BD-11725,Bruce Degenhardt,Consumer,United States,San Francisco,California,94122
TB-21055,Ted Butterfield,Consumer,United States,Fairfield,Ohio,45014
GA-14515,George Ashbrook,Consumer,United States,Los Angeles,California,90004
SC-20230,Scot Coram,Corporate,United States,Seattle,Washington,98105
AB-10105,Adrian Barton,Consumer,United States,Bloomington,Illinois,61701
HM-14860,Harry Marie,Corporate,United States,Carrollton,Texas,75007
HM-14860,Harry Marie,Corporate,United States,Loveland,Colorado,80538
PO-18865,Patrick O'Donnell,Consumer,United States,Indianapolis,Indiana,46203
PW-19030,Pauline Webber,Corporate,United States,Richmond,Kentucky,40475
NZ-18565,Nick Zandusky,Home Office,United States,Houston,Texas,77070
SV-20365,Seth Vernon,Consumer,United States,Lafayette,Louisiana,70506
GM-14455,Gary Mitchum,Home Office,United States,Concord,New Hampshire,03301
TB-21355,Todd Boyes,Corporate,United States,Cedar Hill,Texas,75104
SH-20395,Shahid Hopkins,Consumer,United States,New York City,New York,10011
JL-15505,Jeremy Lonsdale,Consumer,United States,Westminster,California,92683
JW-15955,Joni Wasserman,Consumer,United States,Long Beach,New York,11561
JK-15370,Jay Kimmel,Consumer,United States,San Diego,California,92105
MC-17575,Matt Collins,Consumer,United States,San Jose,California,95123
CK-12205,Chloris Kastensmidt,Consumer,United States,Dallas,Texas,75081
CC-12475,Cindy Chapman,Consumer,United States,Moorhead,Minnesota,56560
FM-14380,Fred McMath,Consumer,United States,Jacksonville,North Carolina,28540
IL-15100,Ivan Liston,Consumer,United States,Columbus,Indiana,47201
SF-20965,Sylvia Foulston,Corporate,United States,Bedford,Texas,76021
DR-12940,Daniel Raglin,Home Office,United States,Lake Charles,Louisiana,70601
SJ-20125,Sanjit Jacobs,Home Office,United States,New York City,New York,10009
BB-11545,Brenda Bowman,Corporate,United States,Columbia,Maryland,21044
JM-16195,Justin MacKendrick,Consumer,United States,Lake Forest,California,92630
DK-12895,Dana Kaydos,Consumer,United States,Seattle,Washington,98103
RH-19495,Rick Hansen,Consumer,United States,Orlando,Florida,32839
DC-12850,Dan Campbell,Consumer,United States,Memphis,Tennessee,38109
JK-15370,Jay Kimmel,Consumer,United States,San Francisco,California,94122
MK-17905,Michael Kennedy,Corporate,United States,San Diego,California,92037
KD-16495,Keith Dawkins,Corporate,United States,Philadelphia,Pennsylvania,19120
JM-15250,Janet Martin,Consumer,United States,Los Angeles,California,90032
NP-18700,Nora Preis,Consumer,United States,San Francisco,California,94109
JG-15160,James Galang,Consumer,United States,Plainfield,New Jersey,07060
BO-11350,Bill Overfelt,Corporate,United States,Roseville,Minnesota,55113
DL-13495,Dionis Lloyd,Corporate,United States,Philadelphia,Pennsylvania,19120
SJ-20215,Sarah Jordon,Consumer,United States,Columbia,Tennessee,38401
ED-13885,Emily Ducich,Home Office,United States,Houston,Texas,77095
TP-21415,Tom Prescott,Consumer,United States,Philadelphia,Pennsylvania,19134
EH-13765,Edward Hooks,Corporate,United States,Watertown,New York,13601
RW-19540,Rick Wilson,Corporate,United States,Brentwood,California,94513
AH-10120,Adrian Hane,Home Office,United States,Louisville,Kentucky,40214
NG-18355,Nat Gilpin,Corporate,United States,New York City,New York,10011
YS-21880,Yana Sorensen,Corporate,United States,Seattle,Washington,98103
PJ-19015,Pauline Johnson,Consumer,United States,Columbus,Ohio,43229
RA-19915,Russell Applegate,Consumer,United States,Dallas,Texas,75220
CK-12205,Chloris Kastensmidt,Consumer,United States,Lakewood,Ohio,44107
NF-18595,Nicole Fjeld,Home Office,United States,Seattle,Washington,98105
HW-14935,Helen Wasserman,Corporate,United States,Seattle,Washington,98105
CM-12160,Charles McCrossin,Consumer,United States,New Bedford,Massachusetts,02740
DO-13435,Denny Ordway,Consumer,United States,Salt Lake City,Utah,84106
SC-20575,Sonia Cooley,Consumer,United States,Chicago,Illinois,60653
JB-15400,Jennifer Braxton,Corporate,United States,Lawrence,Massachusetts,01841
DO-13645,Doug O'Connell,Consumer,United States,Lawrence,Massachusetts,01841
KT-16480,Kean Thornton,Consumer,United States,Los Angeles,California,90036
EM-13810,Eleni McCrary,Corporate,United States,Franklin,Massachusetts,02038
LR-17035,Lisa Ryan,Corporate,United States,San Francisco,California,94109
TT-21460,Tonja Turnell,Home Office,United States,Charlotte,North Carolina,28205
NF-18385,Natalie Fritzler,Consumer,United States,Jackson,Mississippi,39212
PR-18880,Patrick Ryan,Consumer,United States,Oakland,California,94601
SC-20845,Sung Chung,Consumer,United States,Louisville,Colorado,80027
TH-21550,Tracy Hopkins,Home Office,United States,Columbia,Maryland,21044
PK-19075,Pete Kriz,Consumer,United States,New York City,New York,10035
GT-14710,Greg Tran,Consumer,United States,Lakeville,Minnesota,55044
DL-13495,Dionis Lloyd,Corporate,United States,Chandler,Arizona,85224
TM-21490,Tony Molinari,Consumer,United States,San Francisco,California,94110
Dp-13240,Dean percer,Home Office,United States,Philadelphia,Pennsylvania,19143
PO-18850,Patrick O'Brill,Consumer,United States,Tallahassee,Florida,32303
DM-13015,Darrin Martin,Consumer,United States,Lancaster,Ohio,43130
AH-10195,Alan Haines,Corporate,United States,New York City,New York,10024
SV-20365,Seth Vernon,Consumer,United States,Philadelphia,Pennsylvania,19140
DW-13540,Don Weiss,Consumer,United States,Jackson,Tennessee,38301
GA-14725,Guy Armstrong,Consumer,United States,Charlotte,North Carolina,28205
JE-15715,Joe Elijah,Consumer,United States,Cleveland,Ohio,44105
DP-13000,Darren Powers,Consumer,United States,Chicago,Illinois,60610
HJ-14875,Heather Jas,Home Office,United States,Detroit,Michigan,48234
SC-20680,Steve Carroll,Home Office,United States,Columbus,Georgia,31907
DR-12880,Dan Reichenbach,Corporate,United States,Inglewood,California,90301
SF-20200,Sarah Foster,Consumer,United States,Mesa,Arizona,85204
AR-10405,Allen Rosenblatt,Corporate,United States,Franklin,Massachusetts,02038
ST-20530,Shui Tom,Consumer,United States,Port Saint Lucie,Florida,34952
SE-20110,Sanjit Engle,Consumer,United States,Dallas,Texas,75220
MR-17545,Mathew Reese,Home Office,United States,New York City,New York,10024
SP-20620,Stefania Perrino,Corporate,United States,Tampa,Florida,33614
BP-11185,Ben Peterman,Corporate,United States,Philadelphia,Pennsylvania,19120
DK-12895,Dana Kaydos,Consumer,United States,Franklin,Tennessee,37064
KN-16705,Kristina Nunn,Home Office,United States,Seattle,Washington,98105
MG-17650,Matthew Grinstein,Home Office,United States,Milwaukee,Wisconsin,53209
SC-20305,Sean Christensen,Consumer,United States,Chicago,Illinois,60623
RW-19540,Rick Wilson,Corporate,United States,Los Angeles,California,90049
MD-17860,Michael Dominguez,Corporate,United States,Philadelphia,Pennsylvania,19134
CP-12085,Cathy Prescott,Corporate,United States,Quincy,Illinois,62301
BW-11110,Bart Watters,Corporate,United States,Spokane,Washington,99207
AJ-10945,Ashley Jarboe,Consumer,United States,Lawrence,Indiana,46226
AW-10930,Arthur Wiediger,Home Office,United States,San Francisco,California,94110
JF-15490,Jeremy Farry,Consumer,United States,Tempe,Arizona,85281
RL-19615,Rob Lucas,Consumer,United States,Fayetteville,North Carolina,28314
MS-17770,Maxwell Schwartz,Consumer,United States,San Francisco,California,94109
MG-17890,Michael Granlund,Home Office,United States,Salem,Oregon,97301
BG-11035,Barry Gonzalez,Consumer,United States,Monroe,Louisiana,71203
BN-11515,Bradley Nguyen,Consumer,United States,New York City,New York,10009
RW-19540,Rick Wilson,Corporate,United States,Seattle,Washington,98103
CK-12325,Christine Kargatis,Home Office,United States,Seattle,Washington,98103
SS-20875,Sung Shariari,Consumer,United States,Redmond,Washington,98052
SU-20665,Stephanie Ulpright,Home Office,United States,Seattle,Washington,98103
AC-10615,Ann Chong,Corporate,United States,New York City,New York,10009
Dl-13600,Dorris liebe,Corporate,United States,Cleveland,Ohio,44105
MH-17290,Marc Harrigan,Home Office,United States,Los Angeles,California,90008
JL-15235,Janet Lee,Consumer,United States,Los Angeles,California,90049
JS-15595,Jill Stevenson,Corporate,United States,Chicago,Illinois,60653
PF-19225,Phillip Flathmann,Consumer,United States,San Francisco,California,94122
AW-10840,Anthony Witt,Consumer,United States,Bakersfield,California,93309
AH-10210,Alan Hwang,Consumer,United States,Henderson,Kentucky,42420
LW-17215,Luke Weiss,Consumer,United States,Fort Collins,Colorado,80525
TB-21055,Ted Butterfield,Consumer,United States,Meriden,Connecticut,06450
RK-19300,Ralph Kennedy,Consumer,United States,Philadelphia,Pennsylvania,19140
BE-11335,Bill Eplett,Home Office,United States,Jackson,Michigan,49201
MC-18100,Mick Crebagga,Consumer,United States,Chicago,Illinois,60623
JK-15730,Joe Kamberova,Consumer,United States,Concord,California,94521
KB-16405,Katrina Bavinger,Home Office,United States,New York City,New York,10035
AG-10900,Arthur Gainer,Consumer,United States,Dallas,Texas,75217
AG-10300,Aleksandra Gannaway,Corporate,United States,San Francisco,California,94122
SC-20050,Sample Company A,Home Office,United States,La Mesa,California,91941
EP-13915,Emily Phan,Consumer,United States,Chicago,Illinois,60653
AP-10915,Arthur Prichep,Consumer,United States,Palm Coast,Florida,32137
MY-18295,Muhammed Yedwab,Corporate,United States,Chicago,Illinois,60623
HW-14935,Helen Wasserman,Corporate,United States,Chicago,Illinois,60653
DO-13645,Doug O'Connell,Consumer,United States,Boynton Beach,Florida,33437
GM-14695,Greg Maxwell,Corporate,United States,Los Angeles,California,90036
PK-19075,Pete Kriz,Consumer,United States,San Francisco,California,94122
JK-16120,Julie Kriz,Home Office,United States,Garland,Texas,75043
JD-15790,John Dryer,Consumer,United States,Coppell,Texas,75019
MD-17350,Maribeth Dona,Consumer,United States,Akron,Ohio,44312
CV-12805,Cynthia Voltz,Corporate,United States,Oakland,California,94601
AS-10045,Aaron Smayling,Corporate,United States,Redmond,Oregon,97756
RA-19285,Ralph Arnett,Consumer,United States,Los Angeles,California,90004
VM-21835,Vivian Mathis,Consumer,United States,Nashua,New Hampshire,03060
KB-16405,Katrina Bavinger,Home Office,United States,Apple Valley,California,92307
TH-21235,Tiffany House,Corporate,United States,Los Angeles,California,90032
EJ-14155,Eva Jacobs,Consumer,United States,Santa Ana,California,92704
AB-10150,Aimee Bixby,Consumer,United States,Long Beach,New York,11561
MM-17920,Michael Moore,Consumer,United States,Philadelphia,Pennsylvania,19120
LP-17095,Liz Preis,Consumer,United States,Knoxville,Tennessee,37918
MG-17875,Michael Grace,Home Office,United States,Fort Lauderdale,Florida,33311
JA-15970,Joseph Airdo,Consumer,United States,Modesto,California,95351
JC-15340,Jasper Cacioppo,Consumer,United States,Los Angeles,California,90032
JM-16195,Justin MacKendrick,Consumer,United States,Draper,Utah,84020
AG-10390,Allen Goldenen,Consumer,United States,Los Angeles,California,90004
TG-21640,Trudy Glocke,Consumer,United States,Saint Charles,Missouri,63301
PF-19225,Phillip Flathmann,Consumer,United States,Edmonds,Washington,98026
DM-12955,Dario Medina,Corporate,United States,Nashville,Tennessee,37211
Dp-13240,Dean percer,Home Office,United States,Phoenix,Arizona,85023
RD-19660,Robert Dilbeck,Home Office,United States,Independence,Missouri,64055
CB-12025,Cassandra Brandow,Consumer,United States,Philadelphia,Pennsylvania,19134
AA-10375,Allen Armold,Consumer,United States,Providence,Rhode Island,02908
NF-18595,Nicole Fjeld,Home Office,United States,Chicago,Illinois,60610
RD-19900,Ruben Dartt,Consumer,United States,Portland,Oregon,97206
SP-20620,Stefania Perrino,Corporate,United States,New York City,New York,10011
AG-10675,Anna Gayman,Consumer,United States,Milwaukee,Wisconsin,53209
BF-11020,Barry Französisch,Corporate,United States,Arlington,Texas,76017
MM-18055,Michelle Moray,Consumer,United States,Chicago,Illinois,60610
EM-14095,Eudokia Martin,Corporate,United States,New York City,New York,10024
FC-14245,Frank Carlisle,Home Office,United States,Hialeah,Florida,33012
DB-13555,Dorothy Badders,Corporate,United States,Dublin,Ohio,43017
AR-10345,Alex Russell,Corporate,United States,Houston,Texas,77070
RS-19765,Roland Schwarz,Corporate,United States,Marion,Ohio,43302
LC-17050,Liz Carlisle,Consumer,United States,Los Angeles,California,90004
SP-20620,Stefania Perrino,Corporate,United States,Philadelphia,Pennsylvania,19134
SO-20335,Sean O'Donnell,Consumer,United States,Columbia,Tennessee,38401
LC-17140,Logan Currie,Consumer,United States,Cleveland,Ohio,44105
DK-12835,Damala Kotsonis,Corporate,United States,Portland,Oregon,97206
JD-16015,Joy Daniels,Consumer,United States,Toledo,Ohio,43615
JB-16000,Joy Bell-,Consumer,United States,Roseville,Michigan,48066
GK-14620,Grace Kelly,Corporate,United States,Plano,Texas,75023
AI-10855,Arianne Irving,Consumer,United States,Glendale,Arizona,85301
SB-20290,Sean Braxton,Corporate,United States,Florence,South Carolina,29501
KD-16495,Keith Dawkins,Corporate,United States,Los Angeles,California,90036
MC-17605,Matt Connell,Corporate,United States,Los Angeles,California,90032
RW-19690,Robert Waldorf,Consumer,United States,Springfield,Missouri,65807
AR-10345,Alex Russell,Corporate,United States,Lawrence,Massachusetts,01841
SN-20560,Skye Norling,Home Office,United States,Chicago,Illinois,60653
SS-20410,Shahid Shariari,Consumer,United States,Atlanta,Georgia,30318
KH-16630,Ken Heidel,Corporate,United States,Akron,Ohio,44312
SH-20395,Shahid Hopkins,Consumer,United States,New York City,New York,10024
HA-14905,Helen Abelman,Consumer,United States,Springfield,Ohio,45503
LC-16930,Linda Cazamias,Corporate,United States,Naperville,Illinois,60540
KF-16285,Karen Ferguson,Home Office,United States,Long Beach,California,90805
JF-15415,Jennifer Ferguson,Consumer,United States,Seattle,Washington,98105
CB-12025,Cassandra Brandow,Consumer,United States,San Francisco,California,94110
RC-19960,Ryan Crowe,Consumer,United States,Jacksonville,Florida,32216
CC-12475,Cindy Chapman,Consumer,United States,Houston,Texas,77070
CB-12025,Cassandra Brandow,Consumer,United States,Richmond,Virginia,23223
SS-20410,Shahid Shariari,Consumer,United States,Georgetown,Kentucky,40324
HA-14920,Helen Andreada,Consumer,United States,Chicago,Illinois,60623
KH-16630,Ken Heidel,Corporate,United States,Santa Ana,California,92704
JM-15535,Jessica Myrick,Consumer,United States,Los Angeles,California,90036
BF-11080,Bart Folk,Consumer,United States,Baltimore,Maryland,21215
DJ-13510,Don Jones,Corporate,United States,Woonsocket,Rhode Island,02895
JM-15865,John Murray,Consumer,United States,Los Angeles,California,90036
SG-20605,Speros Goranitis,Consumer,United States,Asheville,North Carolina,28806
PS-18760,Pamela Stobb,Consumer,United States,Philadelphia,Pennsylvania,19140
RB-19705,Roger Barcio,Home Office,United States,New York City,New York,10035
DB-13555,Dorothy Badders,Corporate,United States,Raleigh,North Carolina,27604
LT-17110,Liz Thompson,Consumer,United States,Orange,New Jersey,07050
JB-16000,Joy Bell-,Consumer,United States,Los Angeles,California,90045
HZ-14950,Henia Zydlo,Consumer,United States,New York City,New York,10024
TB-21520,Tracy Blumstein,Consumer,United States,Jackson,Michigan,49201
CY-12745,Craig Yedwab,Corporate,United States,Springfield,Ohio,45503
CL-11890,Carl Ludwig,Consumer,United States,Everett,Massachusetts,02149
RD-19480,Rick Duston,Consumer,United States,San Francisco,California,94122
ES-14020,Erica Smith,Consumer,United States,Los Angeles,California,90049
TC-21145,Theresa Coyne,Corporate,United States,Lakewood,New Jersey,08701
MO-17800,Meg O'Connel,Home Office,United States,New York City,New York,10009
CS-12400,Christopher Schild,Home Office,United States,San Francisco,California,94109
CC-12145,Charles Crestani,Consumer,United States,Houston,Texas,77095
GM-14500,Gene McClure,Consumer,United States,Seattle,Washington,98103
DO-13645,Doug O'Connell,Consumer,United States,Salt Lake City,Utah,84106
AB-10165,Alan Barnes,Consumer,United States,Lebanon,Tennessee,37087
BB-11545,Brenda Bowman,Corporate,United States,Houston,Texas,77070
Dp-13240,Dean percer,Home Office,United States,Waterbury,Connecticut,06708
DB-13060,Dave Brooks,Consumer,United States,Chicago,Illinois,60653
AS-10090,Adam Shillingsburg,Consumer,United States,Philadelphia,Pennsylvania,19143
BB-10990,Barry Blumstein,Corporate,United States,Inglewood,California,90301
JF-15355,Jay Fein,Consumer,United States,Austin,Texas,78745
CY-12745,Craig Yedwab,Corporate,United States,San Francisco,California,94110
EH-14185,Evan Henry,Consumer,United States,Philadelphia,Pennsylvania,19143
AB-10060,Adam Bellavance,Home Office,United States,Philadelphia,Pennsylvania,19143
CL-12700,Craig Leslie,Home Office,United States,Florence,Kentucky,41042
AS-10225,Alan Schoenberger,Corporate,United States,Provo,Utah,84604
MO-17800,Meg O'Connel,Home Office,United States,Roswell,Georgia,30076
SJ-20125,Sanjit Jacobs,Home Office,United States,Houston,Texas,77036
TP-21415,Tom Prescott,Consumer,United States,Seattle,Washington,98115
GZ-14470,Gary Zandusky,Consumer,United States,Morristown,New Jersey,07960
SC-20380,Shahid Collister,Consumer,United States,Boise,Idaho,83704
MM-18280,Muhammed MacIntyre,Corporate,United States,New York City,New York,10035
SS-20140,Saphhira Shifley,Corporate,United States,Columbus,Georgia,31907
DC-12850,Dan Campbell,Consumer,United States,Arlington,Texas,76017
SH-19975,Sally Hughsby,Corporate,United States,San Francisco,California,94122
TS-21505,Tony Sayre,Consumer,United States,Clovis,New Mexico,88101
PA-19060,Pete Armstrong,Home Office,United States,Dallas,Texas,75220
BF-11020,Barry Französisch,Corporate,United States,Green Bay,Wisconsin,54302
TM-21010,Tamara Manning,Consumer,United States,Grand Island,Nebraska,68801
JR-16210,Justin Ritter,Corporate,United States,Springfield,Oregon,97477
DP-13105,Dave Poirier,Corporate,United States,Los Angeles,California,90032
FG-14260,Frank Gastineau,Home Office,United States,Philadelphia,Pennsylvania,19120
JM-15535,Jessica Myrick,Consumer,United States,New York City,New York,10011
ES-14080,Erin Smith,Corporate,United States,Melbourne,Florida,32935
SV-20365,Seth Vernon,Consumer,United States,New York City,New York,10035
KT-16480,Kean Thornton,Consumer,United States,Columbus,Georgia,31907
RH-19495,Rick Hansen,Consumer,United States,Rochester,Minnesota,55901
DL-12865,Dan Lawera,Consumer,United States,Miami,Florida,33142
EB-13870,Emily Burns,Consumer,United States,Philadelphia,Pennsylvania,19143
DB-13615,Doug Bickford,Consumer,United States,San Francisco,California,94109
BM-11575,Brendan Murry,Corporate,United States,Los Angeles,California,90045
ML-18265,Muhammed Lee,Consumer,United States,Seattle,Washington,98103
EH-14005,Erica Hernandez,Home Office,United States,Lansing,Michigan,48911
LC-17140,Logan Currie,Consumer,United States,New York City,New York,10035
PB-19105,Peter Bühler,Consumer,United States,Smyrna,Georgia,30080
SH-19975,Sally Hughsby,Corporate,United States,Pearland,Texas,77581
JA-15970,Joseph Airdo,Consumer,United States,Philadelphia,Pennsylvania,19134
JE-15610,Jim Epp,Corporate,United States,Milwaukee,Wisconsin,53209
JE-15745,Joel Eaton,Consumer,United States,Fayetteville,Arkansas,72701
SC-20440,Shaun Chance,Corporate,United States,New York City,New York,10009
DW-13195,David Wiener,Corporate,United States,Albuquerque,New Mexico,87105
MG-17890,Michael Granlund,Home Office,United States,Concord,New Hampshire,03301
BK-11260,Berenike Kampe,Consumer,United States,Santa Ana,California,92704
CA-12265,Christina Anderson,Consumer,United States,Wilmington,Delaware,19805
AP-10915,Arthur Prichep,Consumer,United States,Fort Collins,Colorado,80525
DB-13660,Duane Benoit,Consumer,United States,Los Angeles,California,90036
BG-11695,Brooke Gillingham,Corporate,United States,Louisville,Colorado,80027
LC-16870,Lena Cacioppo,Consumer,United States,Chicago,Illinois,60653
BS-11755,Bruce Stewart,Consumer,United States,San Francisco,California,94122
DW-13540,Don Weiss,Consumer,United States,Seattle,Washington,98105
KN-16705,Kristina Nunn,Home Office,United States,Fort Collins,Colorado,80525
MH-17785,Maya Herman,Corporate,United States,Lubbock,Texas,79424
DO-13645,Doug O'Connell,Consumer,United States,Pine Bluff,Arkansas,71603
BE-11410,Bobby Elias,Consumer,United States,Miami,Florida,33178
BD-11320,Bill Donatelli,Consumer,United States,Tulsa,Oklahoma,74133
KB-16240,Karen Bern,Corporate,United States,Saint Cloud,Minnesota,56301
RO-19780,Rose O'Brian,Consumer,United States,Chicago,Illinois,60623
KC-16540,Kelly Collister,Consumer,United States,Newark,Ohio,43055
PB-19150,Philip Brown,Consumer,United States,Seattle,Washington,98115
KF-16285,Karen Ferguson,Home Office,United States,Sandy Springs,Georgia,30328
AG-10675,Anna Gayman,Consumer,United States,Columbus,Georgia,31907
PP-18955,Paul Prost,Home Office,United States,Hollywood,Florida,33021
BD-11605,Brian Dahlen,Consumer,United States,Miami,Florida,33180
NK-18490,Neil Knudson,Home Office,United States,San Francisco,California,94110
FA-14230,Frank Atkinson,Corporate,United States,Los Angeles,California,90008
BP-11095,Bart Pistole,Corporate,United States,Lawrence,Massachusetts,01841
MH-18115,Mick Hernandez,Home Office,United States,Lancaster,Ohio,43130
KW-16435,Katrina Willman,Consumer,United States,New York City,New York,10009
CT-11995,Carol Triggs,Consumer,United States,Rochester,Minnesota,55901
RB-19360,Raymond Buch,Consumer,United States,Cincinnati,Ohio,45231
AH-10075,Adam Hart,Corporate,United States,Chester,Pennsylvania,19013
CA-11965,Carol Adams,Corporate,United States,Lakewood,Ohio,44107
AG-10900,Arthur Gainer,Consumer,United States,Richmond,Virginia,23223
LS-17200,Luke Schmidt,Corporate,United States,Helena,Montana,59601
SJ-20125,Sanjit Jacobs,Home Office,United States,Miramar,Florida,33023
RA-19885,Ruben Ausman,Corporate,United States,San Francisco,California,94109
SL-20155,Sara Luxemburg,Home Office,United States,Salem,Oregon,97301
BD-11725,Bruce Degenhardt,Consumer,United States,Los Angeles,California,90032
DS-13030,Darrin Sayre,Home Office,United States,Aurora,Colorado,80013
SF-20965,Sylvia Foulston,Corporate,United States,Philadelphia,Pennsylvania,19134
SP-20860,Sung Pak,Corporate,United States,Jacksonville,Florida,32216
CM-12160,Charles McCrossin,Consumer,United States,Brownsville,Texas,78521
PG-18820,Patrick Gardner,Consumer,United States,Bakersfield,California,93309
MG-17680,Maureen Gastineau,Home Office,United States,Mentor,Ohio,44060
SC-20575,Sonia Cooley,Consumer,United States,Los Angeles,California,90036
AS-10630,Ann Steele,Home Office,United States,Pasadena,Texas,77506
JA-15970,Joseph Airdo,Consumer,United States,Mount Vernon,New York,10550
FH-14365,Fred Hopkins,Corporate,United States,Hempstead,New York,11550
ME-18010,Michelle Ellison,Corporate,United States,Marion,Ohio,43302
JO-15280,Jas O'Carroll,Consumer,United States,Memphis,Tennessee,38109
JK-15730,Joe Kamberova,Consumer,United States,Lodi,California,95240
CS-11845,Cari Sayre,Corporate,United States,Seattle,Washington,98103
SC-20050,Sample Company A,Home Office,United States,Arlington,Texas,76017
BF-10975,Barbara Fisher,Corporate,United States,Philadelphia,Pennsylvania,19120
CC-12475,Cindy Chapman,Consumer,United States,Baltimore,Maryland,21215
BT-11530,Bradley Talbott,Home Office,United States,Los Angeles,California,90049
NS-18505,Neola Schneider,Consumer,United States,San Jose,California,95123
EB-13840,Ellis Ballard,Corporate,United States,Seattle,Washington,98105
KH-16630,Ken Heidel,Corporate,United States,San Antonio,Texas,78207
DK-13090,Dave Kipp,Consumer,United States,Fremont,Nebraska,68025
TN-21040,Tanja Norvell,Home Office,United States,San Francisco,California,94110
CM-12655,Corinna Mitchell,Home Office,United States,New York City,New York,10035
JK-16090,Juliana Krohn,Consumer,United States,Springfield,Oregon,97477
CM-12115,Chad McGuire,Consumer,United States,San Francisco,California,94109
Dp-13240,Dean percer,Home Office,United States,Knoxville,Tennessee,37918
JW-15220,Jane Waco,Corporate,United States,Montgomery,Alabama,36116
RF-19735,Roland Fjeld,Consumer,United States,Trenton,Michigan,48183
SC-20695,Steve Chapman,Corporate,United States,Houston,Texas,77041
PV-18985,Paul Van Hugh,Home Office,United States,Los Angeles,California,90036
FG-14260,Frank Gastineau,Home Office,United States,Seattle,Washington,98105
BP-11155,Becky Pak,Consumer,United States,New York City,New York,10011
RW-19630,Rob Williams,Corporate,United States,New York City,New York,10035
CC-12430,Chuck Clark,Home Office,United States,New York City,New York,10009
AS-10045,Aaron Smayling,Corporate,United States,Pasadena,California,91104
PO-18850,Patrick O'Brill,Consumer,United States,Hialeah,Florida,33012
LW-16825,Laurel Workman,Corporate,United States,Pasadena,Texas,77506
AC-10450,Amy Cox,Consumer,United States,Minneapolis,Minnesota,55407
HL-15040,Hunter Lopez,Consumer,United States,Rochester,New York,14609
PS-18970,Paul Stevenson,Home Office,United States,Clinton,Maryland,20735
GG-14650,Greg Guthrie,Corporate,United States,Chico,California,95928
TS-21370,Todd Sumrall,Corporate,United States,New York City,New York,10035
MP-18175,Mike Pelletier,Home Office,United States,San Francisco,California,94110
PO-19195,Phillina Ober,Home Office,United States,New York City,New York,10011
RB-19795,Ross Baird,Home Office,United States,Denver,Colorado,80219
NZ-18565,Nick Zandusky,Home Office,United States,Meridian,Idaho,83642
AJ-10945,Ashley Jarboe,Consumer,United States,Chandler,Arizona,85224
MH-17455,Mark Hamilton,Consumer,United States,Chicago,Illinois,60623
MM-18280,Muhammed MacIntyre,Corporate,United States,New York City,New York,10009
XP-21865,Xylona Preis,Consumer,United States,Belleville,New Jersey,07109
CR-12820,Cyra Reiten,Home Office,United States,New York City,New York,10035
DC-13285,Debra Catini,Consumer,United States,San Francisco,California,94110
Dp-13240,Dean percer,Home Office,United States,Charlotte,North Carolina,28205
JK-15730,Joe Kamberova,Consumer,United States,Houston,Texas,77036
DB-13210,Dean Braden,Consumer,United States,Detroit,Michigan,48234
MG-18145,Mike Gockenbach,Consumer,United States,Los Angeles,California,90045
BP-11050,Barry Pond,Corporate,United States,Cranston,Rhode Island,02920
CS-12250,Chris Selesnick,Corporate,United States,San Diego,California,92105
HG-14845,Harry Greene,Consumer,United States,New York City,New York,10024
MB-17305,Maria Bertelson,Consumer,United States,League City,Texas,77573
CP-12085,Cathy Prescott,Corporate,United States,Lakewood,Ohio,44107
CK-12760,Cyma Kinney,Corporate,United States,Aurora,Illinois,60505
XP-21865,Xylona Preis,Consumer,United States,Los Angeles,California,90032
EB-14170,Evan Bailliet,Consumer,United States,Wilmington,North Carolina,28403
SW-20245,Scot Wooten,Consumer,United States,Aurora,Illinois,60505
NP-18670,Nora Paige,Consumer,United States,Lakewood,New Jersey,08701
SN-20710,Steve Nguyen,Home Office,United States,Rockford,Illinois,61107
NF-18385,Natalie Fritzler,Consumer,United States,Wheeling,West Virginia,26003
RW-19690,Robert Waldorf,Consumer,United States,Los Angeles,California,90049
ML-18040,Michelle Lonsdale,Corporate,United States,Albuquerque,New Mexico,87105
CA-12265,Christina Anderson,Consumer,United States,New York City,New York,10024
MG-17650,Matthew Grinstein,Home Office,United States,Dallas,Texas,75081
SM-20320,Sean Miller,Home Office,United States,Monroe,North Carolina,28110
SP-20860,Sung Pak,Corporate,United States,Dallas,Texas,75217
TS-21610,Troy Staebel,Consumer,United States,Freeport,Illinois,61032
MH-18025,Michelle Huthwaite,Consumer,United States,Lafayette,Louisiana,70506
CR-12730,Craig Reiter,Consumer,United States,New York City,New York,10009
JW-15220,Jane Waco,Corporate,United States,Sacramento,California,95823
AG-10495,Andrew Gjertsen,Corporate,United States,Philadelphia,Pennsylvania,19140
AH-10210,Alan Hwang,Consumer,United States,Louisville,Kentucky,40214
JW-15955,Joni Wasserman,Consumer,United States,Oakland,California,94601
AG-10765,Anthony Garverick,Home Office,United States,Chicago,Illinois,60623
EL-13735,Ed Ludwig,Home Office,United States,Columbia,Maryland,21044
DL-13495,Dionis Lloyd,Corporate,United States,Thousand Oaks,California,91360
RS-19765,Roland Schwarz,Corporate,United States,Los Angeles,California,90045
SV-20815,Stuart Van,Corporate,United States,Orem,Utah,84057
FG-14260,Frank Gastineau,Home Office,United States,San Francisco,California,94110
RS-19420,Ricardo Sperren,Corporate,United States,Fairfield,Connecticut,06824
MC-17275,Marc Crier,Consumer,United States,Camarillo,California,93010
MY-17380,Maribeth Yedwab,Corporate,United States,New York City,New York,10011
VP-21760,Victoria Pisteka,Corporate,United States,Columbia,Tennessee,38401
BO-11425,Bobby Odegard,Consumer,United States,Richmond,Kentucky,40475
AJ-10780,Anthony Jacobs,Corporate,United States,Scottsdale,Arizona,85254
GH-14410,Gary Hansen,Home Office,United States,Yuma,Arizona,85364
AJ-10960,Astrea Jones,Consumer,United States,San Diego,California,92037
SS-20140,Saphhira Shifley,Corporate,United States,Warwick,Rhode Island,02886
BF-11020,Barry Französisch,Corporate,United States,Modesto,California,95351
CA-12265,Christina Anderson,Consumer,United States,Waco,Texas,76706
MP-17965,Michael Paige,Corporate,United States,Lawrence,Massachusetts,01841
MO-17500,Mary O'Rourke,Consumer,United States,Chicago,Illinois,60623
HM-14860,Harry Marie,Corporate,United States,Philadelphia,Pennsylvania,19120
JS-16030,Joy Smith,Consumer,United States,San Francisco,California,94122
TH-21550,Tracy Hopkins,Home Office,United States,Burlington,North Carolina,27217
MA-17560,Matt Abelman,Home Office,United States,Houston,Texas,77095
RD-19480,Rick Duston,Consumer,United States,Houston,Texas,77095
PT-19090,Pete Takahito,Consumer,United States,Jacksonville,Florida,32216
EB-13705,Ed Braxton,Corporate,United States,Akron,Ohio,44312
IG-15085,Ivan Gibson,Consumer,United States,Little Rock,Arkansas,72209
JE-16165,Justin Ellison,Corporate,United States,Woodland,California,95695
RB-19465,Rick Bensley,Home Office,United States,New York City,New York,10024
MA-17560,Matt Abelman,Home Office,United States,Philadelphia,Pennsylvania,19120
MY-18295,Muhammed Yedwab,Corporate,United States,Durham,North Carolina,27707
DK-12835,Damala Kotsonis,Corporate,United States,Springfield,Oregon,97477
PH-18790,Patricia Hirasaki,Home Office,United States,Lakeland,Florida,33801
SL-20155,Sara Luxemburg,Home Office,United States,Muskogee,Oklahoma,74403
FC-14245,Frank Carlisle,Home Office,United States,Lakewood,Ohio,44107
SP-20920,Susan Pistek,Consumer,United States,Chicago,Illinois,60653
NK-18490,Neil Knudson,Home Office,United States,Deltona,Florida,32725
JB-15400,Jennifer Braxton,Corporate,United States,Milwaukee,Wisconsin,53209
ND-18370,Natalie DeCherney,Consumer,United States,Glendale,Arizona,85301
CM-12160,Charles McCrossin,Consumer,United States,Philadelphia,Pennsylvania,19143
MD-17860,Michael Dominguez,Corporate,United States,Indianapolis,Indiana,46203
HA-14905,Helen Abelman,Consumer,United States,Fort Collins,Colorado,80525
DW-13195,David Wiener,Corporate,United States,Redmond,Oregon,97756
BD-11620,Brian DeCherney,Consumer,United States,Lawton,Oklahoma,73505
PS-18970,Paul Stevenson,Home Office,United States,Tulsa,Oklahoma,74133
TA-21385,Tom Ashbrook,Home Office,United States,New York City,New York,10024
ML-17395,Marina Lichtenstein,Corporate,United States,Philadelphia,Pennsylvania,19134
AH-10075,Adam Hart,Corporate,United States,Cranston,Rhode Island,02920
JC-16105,Julie Creighton,Corporate,United States,Rochester,New York,14609
DM-13015,Darrin Martin,Consumer,United States,San Antonio,Texas,78207
RB-19330,Randy Bradley,Consumer,United States,Austin,Texas,78745
JR-15700,Jocasta Rupert,Consumer,United States,Jacksonville,Florida,32216
PO-18850,Patrick O'Brill,Consumer,United States,Mansfield,Texas,76063
CS-11950,Carlos Soltero,Consumer,United States,Jackson,Mississippi,39212
OT-18730,Olvera Toch,Consumer,United States,Virginia Beach,Virginia,23464
SC-20440,Shaun Chance,Corporate,United States,Lancaster,Pennsylvania,17602
JF-15190,Jamie Frazer,Consumer,United States,Philadelphia,Pennsylvania,19134
PG-18895,Paul Gonzalez,Consumer,United States,Rochester,Minnesota,55901
BF-11215,Benjamin Farhat,Home Office,United States,Dallas,Texas,75217
JO-15145,Jack O'Briant,Corporate,United States,San Francisco,California,94110
JM-15655,Jim Mitchum,Corporate,United States,Los Angeles,California,90032
NB-18655,Nona Balk,Corporate,United States,Tallahassee,Florida,32303
MA-17560,Matt Abelman,Home Office,United States,Chicago,Illinois,60610
SH-19975,Sally Hughsby,Corporate,United States,Dallas,Texas,75081
TW-21025,Tamara Willingham,Home Office,United States,Mesa,Arizona,85204
JM-15250,Janet Martin,Consumer,United States,Fayetteville,North Carolina,28314
LO-17170,Lori Olson,Corporate,United States,New York City,New York,10035
SA-20830,Sue Ann Reed,Consumer,United States,Everett,Massachusetts,02149
KH-16510,Keith Herrera,Consumer,United States,Houston,Texas,77095
GB-14530,George Bell,Corporate,United States,Auburn,New York,13021
JK-15625,Jim Karlsson,Consumer,United States,Seattle,Washington,98115
RD-19810,Ross DeVincentis,Home Office,United States,Richmond,Kentucky,40475
JK-15205,Jamie Kunitz,Consumer,United States,San Francisco,California,94122
JW-15220,Jane Waco,Corporate,United States,Vancouver,Washington,98661
RA-19945,Ryan Akin,Consumer,United States,Dallas,Texas,75217
MC-18100,Mick Crebagga,Consumer,United States,Philadelphia,Pennsylvania,19140
MM-18055,Michelle Moray,Consumer,United States,Seattle,Washington,98115
AH-10120,Adrian Hane,Home Office,United States,Dallas,Texas,75217
CY-12745,Craig Yedwab,Corporate,United States,Chicago,Illinois,60610
SF-20200,Sarah Foster,Consumer,United States,Bellingham,Washington,98226
SF-20065,Sandra Flanagan,Consumer,United States,Everett,Massachusetts,02149
TB-21175,Thomas Boland,Corporate,United States,Henderson,Kentucky,42420
SR-20425,Sharelle Roach,Home Office,United States,Springfield,Ohio,45503
TH-21115,Thea Hudgings,Corporate,United States,Philadelphia,Pennsylvania,19140
NL-18310,Nancy Lomonaco,Home Office,United States,Danville,California,94526
NP-18670,Nora Paige,Consumer,United States,Saint Louis,Missouri,63116
CS-12505,Cindy Stewart,Consumer,United States,Los Angeles,California,90036
BG-11035,Barry Gonzalez,Consumer,United States,Springfield,Virginia,22153
GG-14650,Greg Guthrie,Corporate,United States,Bloomington,Illinois,61701
KM-16225,Kalyca Meade,Corporate,United States,Overland Park,Kansas,66212
KH-16630,Ken Heidel,Corporate,United States,Seattle,Washington,98105
JB-16000,Joy Bell-,Consumer,United States,Salt Lake City,Utah,84106
AR-10825,Anthony Rawles,Corporate,United States,Columbus,Ohio,43229
KC-16675,Kimberly Carter,Corporate,United States,Seattle,Washington,98105
DL-13330,Denise Leinenbach,Consumer,United States,Las Cruces,New Mexico,88001
DJ-13510,Don Jones,Corporate,United States,Murfreesboro,Tennessee,37130
BG-11740,Bruce Geld,Consumer,United States,Bakersfield,California,93309
CR-12580,Clay Rozendal,Home Office,United States,San Diego,California,92037
DK-13090,Dave Kipp,Consumer,United States,Orlando,Florida,32839
DM-13015,Darrin Martin,Consumer,United States,Philadelphia,Pennsylvania,19143
JO-15145,Jack O'Briant,Corporate,United States,Seattle,Washington,98103
DL-12925,Daniel Lacy,Consumer,United States,Eagan,Minnesota,55122
JC-16105,Julie Creighton,Corporate,United States,Atlanta,Georgia,30318
PJ-18835,Patrick Jones,Corporate,United States,Richmond,Kentucky,40475
PG-18895,Paul Gonzalez,Consumer,United States,San Francisco,California,94109
JM-16195,Justin MacKendrick,Consumer,United States,Wilmington,North Carolina,28403
PB-19105,Peter Bühler,Consumer,United States,Philadelphia,Pennsylvania,19140
EJ-14155,Eva Jacobs,Consumer,United States,Seattle,Washington,98105
BF-11275,Beth Fritzler,Corporate,United States,Miami,Florida,33178
KL-16555,Kelly Lampkin,Corporate,United States,Greensboro,North Carolina,27405
GT-14635,Grant Thornton,Corporate,United States,Burlington,North Carolina,27217
KM-16375,Katherine Murray,Home Office,United States,Springdale,Arkansas,72762
FM-14290,Frank Merwin,Home Office,United States,Bryan,Texas,77803
CA-12265,Christina Anderson,Consumer,United States,Chattanooga,Tennessee,37421
SZ-20035,Sam Zeldin,Home Office,United States,Grand Prairie,Texas,75051
JL-15175,James Lanier,Home Office,United States,Columbia,Tennessee,38401
HG-14965,Henry Goldwyn,Corporate,United States,Lancaster,Ohio,43130
CD-12280,Christina DeMoss,Consumer,United States,New York City,New York,10024
AH-10195,Alan Haines,Corporate,United States,Chicago,Illinois,60623
TS-21610,Troy Staebel,Consumer,United States,Phoenix,Arizona,85023
AB-10060,Adam Bellavance,Home Office,United States,Greenwood,Indiana,46142
AA-10645,Anna Andreadi,Consumer,United States,San Diego,California,92105
SV-20935,Susan Vittorini,Consumer,United States,New York City,New York,10009
RA-19885,Ruben Ausman,Corporate,United States,Farmington,New Mexico,87401
EM-13825,Elizabeth Moffitt,Corporate,United States,Dallas,Texas,75081
AB-10060,Adam Bellavance,Home Office,United States,Seattle,Washington,98105
ML-17410,Maris LaWare,Consumer,United States,Philadelphia,Pennsylvania,19143
ZC-21910,Zuschuss Carroll,Consumer,United States,Los Angeles,California,90045
LC-17050,Liz Carlisle,Consumer,United States,Dallas,Texas,75217
JF-15565,Jill Fjeld,Consumer,United States,Fayetteville,North Carolina,28314
CC-12430,Chuck Clark,Home Office,United States,Minneapolis,Minnesota,55407
CC-12370,Christopher Conant,Consumer,United States,Houston,Texas,77070
RB-19705,Roger Barcio,Home Office,United States,Portland,Oregon,97206
FM-14290,Frank Merwin,Home Office,United States,San Francisco,California,94122
CD-11980,Carol Darley,Consumer,United States,New York City,New York,10011
VB-21745,Victoria Brennan,Corporate,United States,Richmond,Kentucky,40475
HG-14845,Harry Greene,Consumer,United States,Dallas,Texas,75220
VM-21685,Valerie Mitchum,Home Office,United States,Westfield,New Jersey,07090
KN-16390,Katherine Nockton,Corporate,United States,Clinton,Maryland,20735
EP-13915,Emily Phan,Consumer,United States,Philadelphia,Pennsylvania,19120
PK-19075,Pete Kriz,Consumer,United States,Newark,Delaware,19711
EC-14050,Erin Creighton,Consumer,United States,Oklahoma City,Oklahoma,73120
TS-21505,Tony Sayre,Consumer,United States,San Francisco,California,94122
FP-14320,Frank Preis,Consumer,United States,New York City,New York,10024
DB-13270,Deborah Brumfield,Home Office,United States,Brentwood,California,94513
KN-16450,Kean Nguyen,Corporate,United States,Baltimore,Maryland,21215
SR-20425,Sharelle Roach,Home Office,United States,New York City,New York,10035
JB-15400,Jennifer Braxton,Corporate,United States,Sunnyvale,California,94086
JE-15610,Jim Epp,Corporate,United States,San Diego,California,92105
JE-15745,Joel Eaton,Consumer,United States,Oceanside,California,92054
PN-18775,Parhena Norris,Home Office,United States,New York City,New York,10009
BM-11650,Brian Moss,Corporate,United States,Columbia,Maryland,21044
MC-17590,Matt Collister,Corporate,United States,Coachella,California,92236
PM-19135,Peter McVee,Home Office,United States,Jacksonville,Florida,32216
ME-17320,Maria Etezadi,Home Office,United States,Los Angeles,California,90008
AB-10600,Ann Blume,Corporate,United States,Tucson,Arizona,85705
EB-13750,Edward Becker,Corporate,United States,Round Rock,Texas,78664
MC-17845,Michael Chen,Consumer,United States,Pasco,Washington,99301
TB-21190,Thomas Brumley,Home Office,United States,Riverside,California,92503
NC-18535,Nick Crebassa,Corporate,United States,Seattle,Washington,98105
FH-14275,Frank Hawley,Corporate,United States,New York City,New York,10024
DR-12940,Daniel Raglin,Home Office,United States,Hollywood,Florida,33021
GH-14425,Gary Hwang,Consumer,United States,Modesto,California,95351
TB-21190,Thomas Brumley,Home Office,United States,Los Angeles,California,90045
MH-18025,Michelle Huthwaite,Consumer,United States,Knoxville,Tennessee,37918
BB-11545,Brenda Bowman,Corporate,United States,Fort Lauderdale,Florida,33311
GA-14725,Guy Armstrong,Consumer,United States,Los Angeles,California,90036
EP-13915,Emily Phan,Consumer,United States,Detroit,Michigan,48227
TD-20995,Tamara Dahlen,Consumer,United States,Garland,Texas,75043
CG-12040,Catherine Glotzbach,Home Office,United States,Milwaukee,Wisconsin,53209
WB-21850,William Brown,Consumer,United States,Urbandale,Iowa,50322
ML-17755,Max Ludwig,Home Office,United States,Springfield,Ohio,45503
MT-17815,Meg Tillman,Consumer,United States,New York City,New York,10009
JL-15505,Jeremy Lonsdale,Consumer,United States,Aberdeen,South Dakota,57401
PG-18820,Patrick Gardner,Consumer,United States,Dallas,Texas,75081
EM-14140,Eugene Moren,Home Office,United States,Glendale,Arizona,85301
LS-16975,Lindsay Shagiari,Home Office,United States,Dallas,Texas,75081
MB-17305,Maria Bertelson,Consumer,United States,Longview,Washington,98632
CS-12355,Christine Sundaresam,Consumer,United States,Seattle,Washington,98115
EB-13705,Ed Braxton,Corporate,United States,New York City,New York,10024
JE-15610,Jim Epp,Corporate,United States,Los Angeles,California,90036
EP-13915,Emily Phan,Consumer,United States,Los Angeles,California,90032
DB-13120,David Bremer,Corporate,United States,Santa Clara,California,95051
NG-18430,Nathan Gelder,Consumer,United States,Austin,Texas,78745
LB-16735,Larry Blacks,Consumer,United States,Tallahassee,Florida,32303
SF-20965,Sylvia Foulston,Corporate,United States,Columbus,Ohio,43229
DK-13375,Dennis Kane,Consumer,United States,Lancaster,Pennsylvania,17602
DJ-13510,Don Jones,Corporate,United States,Tempe,Arizona,85281
NG-18355,Nat Gilpin,Corporate,United States,Newark,Ohio,43055
KE-16420,Katrina Edelman,Corporate,United States,Dallas,Texas,75220
TT-21070,Ted Trevino,Consumer,United States,Seattle,Washington,98103
SP-20620,Stefania Perrino,Corporate,United States,Buffalo,New York,14215
ME-17320,Maria Etezadi,Home Office,United States,Houston,Texas,77095
TC-21295,Toby Carlisle,Consumer,United States,Jupiter,Florida,33458
SB-20290,Sean Braxton,Corporate,United States,Springfield,Ohio,45503
MN-17935,Michael Nguyen,Consumer,United States,Memphis,Tennessee,38109
CS-12400,Christopher Schild,Home Office,United States,Chicago,Illinois,60623
EM-14065,Erin Mull,Consumer,United States,New York City,New York,10009
SE-20110,Sanjit Engle,Consumer,United States,Oxnard,California,93030
CB-12025,Cassandra Brandow,Consumer,United States,Decatur,Alabama,35601
AD-10180,Alan Dominguez,Home Office,United States,Yonkers,New York,10701
KL-16645,Ken Lonsdale,Consumer,United States,Dublin,California,94568
KB-16600,Ken Brennan,Corporate,United States,New York City,New York,10009
JE-15715,Joe Elijah,Consumer,United States,Los Angeles,California,90049
XP-21865,Xylona Preis,Consumer,United States,Pasadena,Texas,77506
CK-12595,Clytie Kelty,Consumer,United States,Grove City,Ohio,43123
FO-14305,Frank Olsen,Consumer,United States,New York City,New York,10035
TC-21295,Toby Carlisle,Consumer,United States,Houston,Texas,77095
AW-10930,Arthur Wiediger,Home Office,United States,Minneapolis,Minnesota,55407
PW-19030,Pauline Webber,Corporate,United States,Watertown,New York,13601
DK-12895,Dana Kaydos,Consumer,United States,Miramar,Florida,33023
MB-18085,Mick Brown,Consumer,United States,Roseville,California,95661
LC-16885,Lena Creighton,Consumer,United States,Los Angeles,California,90049
CC-12220,Chris Cortes,Consumer,United States,Seattle,Washington,98103
EK-13795,Eileen Kiefer,Home Office,United States,Escondido,California,92025
BS-11380,Bill Stewart,Corporate,United States,Bowling Green,Ohio,43402
BM-11650,Brian Moss,Corporate,United States,Elyria,Ohio,44035
CB-12415,Christy Brittain,Consumer,United States,New York City,New York,10009
SW-20275,Scott Williamson,Consumer,United States,San Diego,California,92105
JK-15370,Jay Kimmel,Consumer,United States,Fresno,California,93727
MW-18235,Mitch Willingham,Corporate,United States,San Francisco,California,94122
MH-18115,Mick Hernandez,Home Office,United States,Yonkers,New York,10701
CM-12190,Charlotte Melton,Consumer,United States,Utica,New York,13501
JB-16000,Joy Bell-,Consumer,United States,Brownsville,Texas,78521
CC-12370,Christopher Conant,Consumer,United States,New York City,New York,10011
CS-12355,Christine Sundaresam,Consumer,United States,Salem,Virginia,24153
XP-21865,Xylona Preis,Consumer,United States,Everett,Massachusetts,02149
TB-21625,Trudy Brown,Consumer,United States,Hagerstown,Maryland,21740
GG-14650,Greg Guthrie,Corporate,United States,Seattle,Washington,98103
KH-16330,Katharine Harms,Corporate,United States,Hillsboro,Oregon,97123
CK-12595,Clytie Kelty,Consumer,United States,Charlotte,North Carolina,28205
VW-21775,Victoria Wilson,Corporate,United States,New York City,New York,10011
RA-19885,Ruben Ausman,Corporate,United States,Athens,Georgia,30605
EG-13900,Emily Grady,Consumer,United States,Naperville,Illinois,60540
HL-15040,Hunter Lopez,Consumer,United States,Newark,Delaware,19711
RD-19930,Russell D'Ascenzo,Consumer,United States,Chicago,Illinois,60623
NB-18655,Nona Balk,Corporate,United States,Milwaukee,Wisconsin,53209
ME-17320,Maria Etezadi,Home Office,United States,Saginaw,Michigan,48601
JS-15685,Jim Sink,Corporate,United States,Miramar,Florida,33023
JW-15220,Jane Waco,Corporate,United States,Lakewood,Ohio,44107
CD-12280,Christina DeMoss,Consumer,United States,Seattle,Washington,98105
AF-10870,Art Ferguson,Consumer,United States,Homestead,Florida,33030
DK-13090,Dave Kipp,Consumer,United States,Long Beach,New York,11561
AF-10870,Art Ferguson,Consumer,United States,College Station,Texas,77840
NC-18415,Nathan Cano,Consumer,United States,Houston,Texas,77095
LC-16930,Linda Cazamias,Corporate,United States,San Angelo,Texas,76903
AB-10150,Aimee Bixby,Consumer,United States,Carrollton,Texas,75007
MC-18100,Mick Crebagga,Consumer,United States,Los Angeles,California,90049
AB-10105,Adrian Barton,Consumer,United States,Henderson,Kentucky,42420
AP-10720,Anne Pryor,Home Office,United States,New York City,New York,10011
JH-15910,Jonathan Howell,Consumer,United States,Chicago,Illinois,60623
SC-20770,Stewart Carmichael,Corporate,United States,San Antonio,Texas,78207
JD-16150,Justin Deggeller,Corporate,United States,New York City,New York,10011
RB-19435,Richard Bierner,Consumer,United States,Springfield,Virginia,22153
AS-10135,Adrian Shami,Home Office,United States,New York City,New York,10035
JH-15430,Jennifer Halladay,Consumer,United States,Cleveland,Ohio,44105
DD-13570,Dorothy Dickinson,Consumer,United States,Alexandria,Virginia,22304
KD-16345,Katherine Ducich,Consumer,United States,Westminster,California,92683
CD-11920,Carlos Daly,Consumer,United States,New York City,New York,10035
ES-14020,Erica Smith,Consumer,United States,Jackson,Tennessee,38301
KA-16525,Kelly Andreada,Consumer,United States,Ontario,California,91761
BT-11680,Brian Thompson,Consumer,United States,Newark,Ohio,43055
SC-20050,Sample Company A,Home Office,United States,Henderson,Kentucky,42420
KH-16330,Katharine Harms,Corporate,United States,New York City,New York,10035
JH-15430,Jennifer Halladay,Consumer,United States,Burlington,North Carolina,27217
HG-15025,Hunter Glantz,Consumer,United States,Lakeville,Minnesota,55044
SW-20275,Scott Williamson,Consumer,United States,New York City,New York,10035
BP-11230,Benjamin Patterson,Consumer,United States,Spokane,Washington,99207
BF-11005,Barry Franz,Home Office,United States,Pasadena,California,91104
PJ-18835,Patrick Jones,Corporate,United States,San Francisco,California,94122
CK-12205,Chloris Kastensmidt,Consumer,United States,Renton,Washington,98059
CC-12475,Cindy Chapman,Consumer,United States,Philadelphia,Pennsylvania,19143
FO-14305,Frank Olsen,Consumer,United States,Houston,Texas,77070
TD-20995,Tamara Dahlen,Consumer,United States,Philadelphia,Pennsylvania,19120
JM-15265,Janet Molinari,Corporate,United States,Canton,Michigan,48187
CM-12385,Christopher Martinez,Consumer,United States,Chicago,Illinois,60610
JP-15460,Jennifer Patt,Corporate,United States,Dallas,Texas,75220
JM-15250,Janet Martin,Consumer,United States,Charlotte,North Carolina,28205
FH-14275,Frank Hawley,Corporate,United States,Philadelphia,Pennsylvania,19120
CS-12250,Chris Selesnick,Corporate,United States,Chicago,Illinois,60623
DC-12850,Dan Campbell,Consumer,United States,Roseville,Michigan,48066
AH-10210,Alan Hwang,Consumer,United States,Dallas,Texas,75220
KA-16525,Kelly Andreada,Consumer,United States,New York City,New York,10035
BP-11290,Beth Paige,Consumer,United States,Los Angeles,California,90008
MY-17380,Maribeth Yedwab,Corporate,United States,Memphis,Tennessee,38109
FM-14290,Frank Merwin,Home Office,United States,Richmond,Kentucky,40475
RS-19765,Roland Schwarz,Corporate,United States,Summerville,South Carolina,29483
MV-17485,Mark Van Huff,Consumer,United States,Mesa,Arizona,85204
MD-17860,Michael Dominguez,Corporate,United States,Asheville,North Carolina,28806
GT-14710,Greg Tran,Consumer,United States,Houston,Texas,77070
PR-18880,Patrick Ryan,Consumer,United States,San Francisco,California,94109
BG-11695,Brooke Gillingham,Corporate,United States,Garden City,Kansas,67846
JL-15835,John Lee,Consumer,United States,San Francisco,California,94122
BD-11500,Bradley Drucker,Consumer,United States,San Francisco,California,94122
HZ-14950,Henia Zydlo,Consumer,United States,Fort Lauderdale,Florida,33311
BS-11590,Brendan Sweed,Corporate,United States,Louisville,Kentucky,40214
RO-19780,Rose O'Brian,Consumer,United States,Houston,Texas,77070
TZ-21580,Tracy Zic,Consumer,United States,San Francisco,California,94122
EB-13750,Edward Becker,Corporate,United States,Laguna Niguel,California,92677
DL-13315,Delfina Latchford,Consumer,United States,Atlanta,Georgia,30318
SZ-20035,Sam Zeldin,Home Office,United States,Canton,Michigan,48187
TT-21460,Tonja Turnell,Home Office,United States,Richmond,Indiana,47374
LS-17245,Lynn Smith,Consumer,United States,Gladstone,Missouri,64118
MN-17935,Michael Nguyen,Consumer,United States,New York City,New York,10009
FG-14260,Frank Gastineau,Home Office,United States,New York City,New York,10009
CC-12610,Corey Catlett,Corporate,United States,Columbus,Ohio,43229
AH-10075,Adam Hart,Corporate,United States,Atlanta,Georgia,30318
GT-14755,Guy Thornton,Consumer,United States,Rockford,Illinois,61107
LT-17110,Liz Thompson,Consumer,United States,Columbus,Ohio,43229
BM-11650,Brian Moss,Corporate,United States,Milwaukee,Wisconsin,53209
DB-13615,Doug Bickford,Consumer,United States,Asheville,North Carolina,28806
RP-19390,Resi Pölking,Consumer,United States,New York City,New York,10011
JR-16210,Justin Ritter,Corporate,United States,Columbus,Indiana,47201
DO-13645,Doug O'Connell,Consumer,United States,Los Angeles,California,90036
RB-19795,Ross Baird,Home Office,United States,Philadelphia,Pennsylvania,19120
LS-16975,Lindsay Shagiari,Home Office,United States,Baltimore,Maryland,21215
DG-13300,Deirdre Greer,Corporate,United States,New York City,New York,10035
EP-13915,Emily Phan,Consumer,United States,San Diego,California,92037
RH-19495,Rick Hansen,Consumer,United States,Denver,Colorado,80219
TT-21070,Ted Trevino,Consumer,United States,Chattanooga,Tennessee,37421
TB-21625,Trudy Brown,Consumer,United States,Philadelphia,Pennsylvania,19134
HP-14815,Harold Pawlan,Home Office,United States,New York City,New York,10024
MZ-17335,Maria Zettner,Home Office,United States,San Francisco,California,94109
SC-20380,Shahid Collister,Consumer,United States,Burlington,North Carolina,27217
ML-17755,Max Ludwig,Home Office,United States,Toledo,Ohio,43615
ME-17725,Max Engle,Consumer,United States,Newark,Delaware,19711
SC-20800,Stuart Calhoun,Consumer,United States,Edinburg,Texas,78539
SW-20275,Scott Williamson,Consumer,United States,Jackson,Mississippi,39212
VP-21730,Victor Preis,Home Office,United States,New York City,New York,10011
BP-11095,Bart Pistole,Corporate,United States,El Paso,Texas,79907
PN-18775,Parhena Norris,Home Office,United States,Miami,Florida,33180
SO-20335,Sean O'Donnell,Consumer,United States,Seattle,Washington,98105
AD-10180,Alan Dominguez,Home Office,United States,Fairfield,Connecticut,06824
SJ-20215,Sarah Jordon,Consumer,United States,Grand Prairie,Texas,75051
SC-20305,Sean Christensen,Consumer,United States,Philadelphia,Pennsylvania,19140
SH-19975,Sally Hughsby,Corporate,United States,Seattle,Washington,98105
MG-17650,Matthew Grinstein,Home Office,United States,Marion,Ohio,43302
ML-17755,Max Ludwig,Home Office,United States,Stockton,California,95207
RA-19285,Ralph Arnett,Consumer,United States,Philadelphia,Pennsylvania,19120
DV-13465,Dianna Vittorini,Consumer,United States,Denver,Colorado,80219
JH-15985,Joseph Holt,Consumer,United States,Saginaw,Michigan,48601
CC-12550,Clay Cheatham,Consumer,United States,Los Angeles,California,90008
CC-12670,Craig Carreira,Consumer,United States,New York City,New York,10009
EH-14005,Erica Hernandez,Home Office,United States,Philadelphia,Pennsylvania,19143
MY-17380,Maribeth Yedwab,Corporate,United States,San Antonio,Texas,78207
BS-11380,Bill Stewart,Corporate,United States,Denver,Colorado,80219
ME-17725,Max Engle,Consumer,United States,Salem,Virginia,24153
BB-11545,Brenda Bowman,Corporate,United States,Oakland,California,94601
JS-16030,Joy Smith,Consumer,United States,Houston,Texas,77036
KM-16720,Kunst Miller,Consumer,United States,Lowell,Massachusetts,01852
AM-10360,Alice McCarthy,Corporate,United States,Los Angeles,California,90032
RP-19855,Roy Phan,Corporate,United States,Houston,Texas,77095
AS-10090,Adam Shillingsburg,Consumer,United States,Charlottesville,Virginia,22901
ES-14080,Erin Smith,Corporate,United States,Lakewood,Ohio,44107
BG-11035,Barry Gonzalez,Consumer,United States,Greensboro,North Carolina,27405
MK-17905,Michael Kennedy,Corporate,United States,Miami,Florida,33180
SV-20935,Susan Vittorini,Consumer,United States,Peoria,Arizona,85345
DB-12910,Daniel Byrd,Home Office,United States,Tampa,Florida,33614
GW-14605,Giulietta Weimer,Consumer,United States,Philadelphia,Pennsylvania,19140
VW-21775,Victoria Wilson,Corporate,United States,San Francisco,California,94122
JK-16090,Juliana Krohn,Consumer,United States,Omaha,Nebraska,68104
LC-16870,Lena Cacioppo,Consumer,United States,Thornton,Colorado,80229
CM-12655,Corinna Mitchell,Home Office,United States,Seattle,Washington,98115
MC-17575,Matt Collins,Consumer,United States,Fayetteville,North Carolina,28314
CS-12460,Chuck Sachs,Consumer,United States,New York City,New York,10009
TC-21295,Toby Carlisle,Consumer,United States,San Diego,California,92024
CC-12550,Clay Cheatham,Consumer,United States,Plano,Texas,75023
ND-18370,Natalie DeCherney,Consumer,United States,Jacksonville,Florida,32216
DV-13045,Darrin Van Huff,Corporate,United States,Philadelphia,Pennsylvania,19143
DO-13645,Doug O'Connell,Consumer,United States,Paterson,New Jersey,07501
MS-17980,Michael Stewart,Corporate,United States,Philadelphia,Pennsylvania,19134
KE-16420,Katrina Edelman,Corporate,United States,Philadelphia,Pennsylvania,19134
TP-21130,Theone Pippenger,Consumer,United States,Rochester,Minnesota,55901
CM-12160,Charles McCrossin,Consumer,United States,Philadelphia,Pennsylvania,19134
LT-16765,Larry Tron,Consumer,United States,Fairfield,Ohio,45014
CB-12415,Christy Brittain,Consumer,United States,Chicago,Illinois,60610
LR-16915,Lena Radford,Consumer,United States,Nashville,Tennessee,37211
SM-20950,Suzanne McNair,Corporate,United States,New York City,New York,10011
CS-11950,Carlos Soltero,Consumer,United States,New York City,New York,10024
PB-18805,Patrick Bzostek,Home Office,United States,Seattle,Washington,98115
RB-19570,Rob Beeghly,Consumer,United States,Columbus,Indiana,47201
AB-10165,Alan Barnes,Consumer,United States,Bellevue,Washington,98006
BF-11080,Bart Folk,Consumer,United States,New York City,New York,10024
NP-18325,Naresj Patel,Consumer,United States,San Diego,California,92024
BN-11470,Brad Norvell,Corporate,United States,Brentwood,California,94513
DC-13285,Debra Catini,Consumer,United States,Richmond,Virginia,23223
BH-11710,Brosina Hoffman,Consumer,United States,Hattiesburg,Mississippi,39401
HG-14965,Henry Goldwyn,Corporate,United States,Chicago,Illinois,60653
DS-13180,David Smith,Corporate,United States,San Antonio,Texas,78207
TC-21535,Tracy Collins,Home Office,United States,San Francisco,California,94122
SH-20395,Shahid Hopkins,Consumer,United States,Toledo,Ohio,43615
FP-14320,Frank Preis,Consumer,United States,Los Angeles,California,90008
KH-16510,Keith Herrera,Consumer,United States,San Francisco,California,94110
JP-15520,Jeremy Pistek,Consumer,United States,Madison,Wisconsin,53711
EG-13900,Emily Grady,Consumer,United States,Philadelphia,Pennsylvania,19140
LF-17185,Luke Foster,Consumer,United States,Inglewood,California,90301
DL-13315,Delfina Latchford,Consumer,United States,New York City,New York,10035
AS-10225,Alan Schoenberger,Corporate,United States,San Francisco,California,94109
MJ-17740,Max Jones,Consumer,United States,Philadelphia,Pennsylvania,19140
DM-13345,Denise Monton,Corporate,United States,San Francisco,California,94109
CW-11905,Carl Weiss,Home Office,United States,Cranston,Rhode Island,02920
DB-12910,Daniel Byrd,Home Office,United States,Salinas,California,93905
DK-12835,Damala Kotsonis,Corporate,United States,Detroit,Michigan,48234
KB-16600,Ken Brennan,Corporate,United States,Houston,Texas,77041
JL-15835,John Lee,Consumer,United States,Richmond,Kentucky,40475
KM-16225,Kalyca Meade,Corporate,United States,Philadelphia,Pennsylvania,19143
LW-17215,Luke Weiss,Consumer,United States,Grand Rapids,Michigan,49505
NC-18535,Nick Crebassa,Corporate,United States,Phoenix,Arizona,85023
RD-19720,Roger Demir,Consumer,United States,Philadelphia,Pennsylvania,19134
HF-14995,Herbert Flentye,Consumer,United States,Indianapolis,Indiana,46203
CA-12310,Christine Abelman,Corporate,United States,Cincinnati,Ohio,45231
LH-16900,Lena Hernandez,Consumer,United States,Park Ridge,Illinois,60068
AH-10585,Angele Hood,Consumer,United States,Chicago,Illinois,60623
LE-16810,Laurel Elliston,Consumer,United States,Whittier,California,90604
WB-21850,William Brown,Consumer,United States,Philadelphia,Pennsylvania,19143
BT-11680,Brian Thompson,Consumer,United States,Fort Lauderdale,Florida,33311
JE-16165,Justin Ellison,Corporate,United States,North Charleston,South Carolina,29406
AW-10840,Anthony Witt,Consumer,United States,Philadelphia,Pennsylvania,19140
MC-17845,Michael Chen,Consumer,United States,North Las Vegas,Nevada,89031
CC-12220,Chris Cortes,Consumer,United States,Fairfield,Connecticut,06824
BP-11185,Ben Peterman,Corporate,United States,Seattle,Washington,98103
BP-11185,Ben Peterman,Corporate,United States,San Diego,California,92037
SU-20665,Stephanie Ulpright,Home Office,United States,Jackson,Mississippi,39212
LS-16975,Lindsay Shagiari,Home Office,United States,Omaha,Nebraska,68104
AG-10330,Alex Grayson,Consumer,United States,Stockton,California,95207
HA-14920,Helen Andreada,Consumer,United States,Philadelphia,Pennsylvania,19120
DV-13045,Darrin Van Huff,Corporate,United States,Jacksonville,Florida,32216
AI-10855,Arianne Irving,Consumer,United States,Philadelphia,Pennsylvania,19120
RR-19315,Ralph Ritter,Consumer,United States,Aurora,Illinois,60505
DK-13375,Dennis Kane,Consumer,United States,Abilene,Texas,79605
RB-19435,Richard Bierner,Consumer,United States,Plainfield,New Jersey,07060
MV-18190,Mike Vittorini,Consumer,United States,New York City,New York,10009
RS-19870,Roy Skaria,Home Office,United States,Burlington,Iowa,52601
AA-10375,Allen Armold,Consumer,United States,New York City,New York,10035
NB-18655,Nona Balk,Corporate,United States,Paterson,New Jersey,07501
AS-10285,Alejandro Savely,Corporate,United States,Palatine,Illinois,60067
KN-16390,Katherine Nockton,Corporate,United States,New Bedford,Massachusetts,02740
EP-13915,Emily Phan,Consumer,United States,San Francisco,California,94122
DB-13060,Dave Brooks,Consumer,United States,Skokie,Illinois,60076
GM-14455,Gary Mitchum,Home Office,United States,Chicago,Illinois,60653
MP-18175,Mike Pelletier,Home Office,United States,San Diego,California,92024
LC-16885,Lena Creighton,Consumer,United States,Plano,Texas,75023
BF-11170,Ben Ferrer,Home Office,United States,Lawrence,Massachusetts,01841
KL-16555,Kelly Lampkin,Corporate,United States,Fayetteville,Arkansas,72701
PL-18925,Paul Lucas,Home Office,United States,Seattle,Washington,98115
KM-16660,Khloe Miller,Consumer,United States,Inglewood,California,90301
SS-20140,Saphhira Shifley,Corporate,United States,Oak Park,Illinois,60302
AY-10555,Andy Yotov,Corporate,United States,Oceanside,California,92054
KM-16225,Kalyca Meade,Corporate,United States,Sunnyvale,California,94086
RD-19810,Ross DeVincentis,Home Office,United States,Rochester,New York,14609
AR-10510,Andrew Roberts,Consumer,United States,Tulsa,Oklahoma,74133
RB-19465,Rick Bensley,Home Office,United States,Los Angeles,California,90036
AI-10855,Arianne Irving,Consumer,United States,Chesapeake,Virginia,23320
AT-10735,Annie Thurman,Consumer,United States,New York City,New York,10009
LC-17140,Logan Currie,Consumer,United States,Dallas,Texas,75220
HR-14770,Hallie Redmond,Home Office,United States,Los Angeles,California,90045
LC-17140,Logan Currie,Consumer,United States,San Francisco,California,94122
VF-21715,Vicky Freymann,Home Office,United States,Columbus,Indiana,47201
DP-13105,Dave Poirier,Corporate,United States,Eau Claire,Wisconsin,54703
CA-12310,Christine Abelman,Corporate,United States,Anaheim,California,92804
GB-14575,Giulietta Baptist,Consumer,United States,Arlington,Virginia,22204
RA-19915,Russell Applegate,Consumer,United States,Encinitas,California,92024
DJ-13630,Doug Jacobs,Consumer,United States,New York City,New York,10009
DB-13660,Duane Benoit,Consumer,United States,Oceanside,New York,11572
HE-14800,Harold Engle,Corporate,United States,Milwaukee,Wisconsin,53209
BP-11290,Beth Paige,Consumer,United States,Columbus,Ohio,43229
AG-10330,Alex Grayson,Consumer,United States,Charlotte,North Carolina,28205
TT-21460,Tonja Turnell,Home Office,United States,San Francisco,California,94110
AH-10030,Aaron Hawkins,Corporate,United States,Philadelphia,Pennsylvania,19134
EP-13915,Emily Phan,Consumer,United States,Los Angeles,California,90008
TS-21505,Tony Sayre,Consumer,United States,Parker,Colorado,80134
MM-17920,Michael Moore,Consumer,United States,San Francisco,California,94110
AC-10450,Amy Cox,Consumer,United States,Lafayette,Louisiana,70506
DK-13150,David Kendrick,Corporate,United States,New York City,New York,10009
DK-13225,Dean Katz,Corporate,United States,Rochester,New York,14609
RB-19465,Rick Bensley,Home Office,United States,Fremont,Nebraska,68025
BN-11515,Bradley Nguyen,Consumer,United States,Los Angeles,California,90049
PK-19075,Pete Kriz,Consumer,United States,Columbia,South Carolina,29203
DB-13210,Dean Braden,Consumer,United States,Paterson,New Jersey,07501
YS-21880,Yana Sorensen,Corporate,United States,Oakland,California,94601
SE-20110,Sanjit Engle,Consumer,United States,Costa Mesa,California,92627
LP-17095,Liz Preis,Consumer,United States,Lafayette,Indiana,47905
BD-11635,Brian Derr,Consumer,United States,Bowling Green,Kentucky,42104
JG-15310,Jason Gross,Corporate,United States,Providence,Rhode Island,02908
TP-21130,Theone Pippenger,Consumer,United States,Detroit,Michigan,48227
SR-20425,Sharelle Roach,Home Office,United States,Tuscaloosa,Alabama,35401
JL-15130,Jack Lebron,Consumer,United States,Jackson,Tennessee,38301
AG-10330,Alex Grayson,Consumer,United States,Mesa,Arizona,85204
CM-12190,Charlotte Melton,Consumer,United States,Rochester,Minnesota,55901
SG-20080,Sandra Glassco,Consumer,United States,Independence,Missouri,64055
JM-15655,Jim Mitchum,Corporate,United States,Carlsbad,New Mexico,88220
SK-19990,Sally Knutson,Consumer,United States,Toledo,Ohio,43615
AG-10330,Alex Grayson,Consumer,United States,Houston,Texas,77095
JP-15520,Jeremy Pistek,Consumer,United States,Port Orange,Florida,32127
CM-12115,Chad McGuire,Consumer,United States,Los Angeles,California,90008
DK-12985,Darren Koutras,Consumer,United States,Hendersonville,Tennessee,37075
JB-16045,Julia Barnett,Home Office,United States,Danbury,Connecticut,06810
MM-17920,Michael Moore,Consumer,United States,College Station,Texas,77840
GZ-14470,Gary Zandusky,Consumer,United States,San Francisco,California,94109
JB-15400,Jennifer Braxton,Corporate,United States,Rockford,Illinois,61107
MF-18250,Monica Federle,Corporate,United States,Little Rock,Arkansas,72209
JL-15175,James Lanier,Home Office,United States,Chandler,Arizona,85224
CS-12355,Christine Sundaresam,Consumer,United States,Lafayette,Louisiana,70506
HG-15025,Hunter Glantz,Consumer,United States,Oceanside,New York,11572
AC-10615,Ann Chong,Corporate,United States,Rochester,New York,14609
RF-19840,Roy Französisch,Consumer,United States,New York City,New York,10024
NC-18535,Nick Crebassa,Corporate,United States,New Bedford,Massachusetts,02740
RM-19675,Robert Marley,Home Office,United States,Los Angeles,California,90049
DP-13105,Dave Poirier,Corporate,United States,Meridian,Idaho,83642
AR-10540,Andy Reiter,Consumer,United States,New York City,New York,10024
NS-18505,Neola Schneider,Consumer,United States,Dallas,Texas,75220
AH-10210,Alan Hwang,Consumer,United States,Seattle,Washington,98105
RA-19285,Ralph Arnett,Consumer,United States,New York City,New York,10035
CV-12805,Cynthia Voltz,Corporate,United States,New York City,New York,10035
JH-15430,Jennifer Halladay,Consumer,United States,Hialeah,Florida,33012
SV-20935,Susan Vittorini,Consumer,United States,Fairfield,Ohio,45014
GA-14725,Guy Armstrong,Consumer,United States,Dallas,Texas,75081
FH-14365,Fred Hopkins,Corporate,United States,Los Angeles,California,90008
GD-14590,Giulietta Dortch,Corporate,United States,Everett,Washington,98208
MH-18115,Mick Hernandez,Home Office,United States,Huntsville,Alabama,35810
PO-18865,Patrick O'Donnell,Consumer,United States,East Orange,New Jersey,07017
TC-21535,Tracy Collins,Home Office,United States,Columbus,Ohio,43229
PO-18850,Patrick O'Brill,Consumer,United States,Burlington,Iowa,52601
KB-16240,Karen Bern,Corporate,United States,Odessa,Texas,79762
YC-21895,Yoseph Carroll,Corporate,United States,Fremont,Nebraska,68025
DR-12880,Dan Reichenbach,Corporate,United States,Newark,Ohio,43055
GH-14665,Greg Hansen,Consumer,United States,Round Rock,Texas,78664
JG-15310,Jason Gross,Corporate,United States,Long Beach,California,90805
LO-17170,Lori Olson,Corporate,United States,Peoria,Illinois,61604
HM-14860,Harry Marie,Corporate,United States,Seattle,Washington,98103
CS-12400,Christopher Schild,Home Office,United States,Fargo,North Dakota,58103
JF-15415,Jennifer Ferguson,Consumer,United States,New York City,New York,10024
PC-18745,Pamela Coakley,Corporate,United States,Loveland,Colorado,80538
SV-20935,Susan Vittorini,Consumer,United States,Albuquerque,New Mexico,87105
EH-14005,Erica Hernandez,Home Office,United States,Nashville,Tennessee,37211
KH-16690,Kristen Hastings,Corporate,United States,San Francisco,California,94110
KH-16360,Katherine Hughes,Consumer,United States,Louisville,Kentucky,40214
BP-11185,Ben Peterman,Corporate,United States,Anaheim,California,92804
BS-11755,Bruce Stewart,Consumer,United States,Edmonds,Washington,98026
MC-17845,Michael Chen,Consumer,United States,New York City,New York,10035
KB-16600,Ken Brennan,Corporate,United States,Grand Rapids,Michigan,49505
PO-18865,Patrick O'Donnell,Consumer,United States,New York City,New York,10009
CC-12430,Chuck Clark,Home Office,United States,Columbus,Indiana,47201
EB-13975,Erica Bern,Corporate,United States,Fairfield,California,94533
JM-15580,Jill Matthias,Consumer,United States,Loveland,Colorado,80538
