Customer ID,Customer Name,Region,Category,Sub-Category,Sales,Profit,Quantity,Avg Discount
AA-10315,Alex Avila,Central,Office Supplies,Appliances,362.94,90.74,3,0
AA-10315,Alex Avila,Central,Office Supplies,Binders,11.54,5.77,2,0
AA-10315,Alex Avila,Central,,Fasteners,2.3,0.78,1,0.2
AA-10315,Alex Avila,Central,Office Supplies,Supplies,3930.07,,3,0.2
AA-10315,Alex Avila,Central,Technology,,41.72,5.74,7,0.2
AA-10315,Alex Avila,Central,Technology,Phones,431.98,32.4,,0.2
AA-10315,Alex Avila,East,Furniture,Furnishings,14.56,6.26,2,0
AA-10315,Alex Avila,East,Office Supplies,Paper,14.94,7.02,3,0
AA-10315,Alex Avila,West,,Appliances,52.98,14.83,2,0
AA-10315,Alex Avila,West,Office Supplies,Binders,673.57,252.59,2,0.2
AA-10315,Alex Avila,West,Office Supplies,Storage,26.96,7.01,,0
AA-10375,Allen Armold,Central,Furniture,Furnishings,28.4,11.08,2,0
AA-10375,Allen Armold,Central,,Accessories,149.97,50.99,3,0
AA-10375,Allen Armold,East,,Binders,14.95,5.05,1,0.2
AA-10375,Allen Armold,East,,Paper,74.8,34.63,10,0
AA-10375,Allen Armold,East,Technology,,116.98,29.25,2,
AA-10375,Allen Armold,South,Office Supplies,Binders,8.26,3.88,2,0
AA-10375,Allen Armold,South,Office Supplies,Paper,5.28,2.38,1,0
AA-10375,Allen Armold,South,Office Supplies,Storage,84.96,6.37,6,0.2
AA-10375,Allen Armold,South,Technology,Accessories,,,2,0
AA-10375,Allen Armold,West,Office Supplies,Art,5.25,0.59,,0.2
AA-10375,Allen Armold,West,Office Supplies,,50.79,16.71,,0.2
AA-10375,Allen Armold,West,Office Supplies,Storage,16.77,1.47,2,0.2
AA-10480,Andrew Allen,Central,Furniture,Tables,,98.52,4,0
AA-10480,Andrew Allen,Central,Office Supplies,Art,8.64,2.51,3,0
AA-10480,Andrew Allen,Central,Office Supplies,Paper,92.97,44.9,14,0
AA-10480,Andrew Allen,Central,Office Supplies,Storage,508.11,52.59,,0
AA-10480,Andrew Allen,Central,Technology,Accessories,479.97,163.19,3,0
AA-10480,Andrew Allen,Central,Technology,Phones,209.97,58.79,3,0
AA-10480,Andrew Allen,East,Furniture,Furnishings,27.46,9.89,2,0
AA-10480,Andrew Allen,South,Office Supplies,Paper,15.55,5.44,3,0.2
AA-10645,Anna Andreadi,Central,Furniture,Chairs,1323.9,383.93,5,0
AA-10645,Anna Andreadi,Central,Office Supplies,Paper,106.32,49.97,3,0
AA-10645,Anna Andreadi,Central,Office Supplies,Storage,,5.41,4,0
AA-10645,Anna Andreadi,East,Furniture,Chairs,1023.99,-4.86,8,0.3
AA-10645,Anna Andreadi,East,Furniture,Furnishings,55.66,18.83,5,0
AA-10645,Anna Andreadi,East,Technology,Phones,354.68,63.67,5,0.2
AA-10645,Anna Andreadi,South,Furniture,Furnishings,,16.61,3,0
AA-10645,Anna Andreadi,South,,Art,5.28,2.53,3,0
AA-10645,Anna Andreadi,South,Office Supplies,,113.94,54.69,6,0
AA-10645,Anna Andreadi,South,Office Supplies,Storage,129.92,5.2,4,0
AA-10645,Anna Andreadi,West,Furniture,Bookcases,,225.73,5,0.15
AA-10645,Anna Andreadi,West,Furniture,Furnishings,25.4,8.64,5,0
AA-10645,Anna Andreadi,West,Office Supplies,Envelopes,43.96,20.66,2,0
AA-10645,Anna Andreadi,West,Office Supplies,Paper,12.96,6.22,2,0
AA-10645,Anna Andreadi,West,Office Supplies,Storage,27.92,0.56,4,
AB-10015,Aaron Bergman,Central,Furniture,Bookcases,341.96,54.71,2,0
AB-10015,Aaron Bergman,Central,Office Supplies,Storage,12.62,-2.52,2,
AB-10015,Aaron Bergman,Central,Technology,Phones,221.98,62.15,,0
AB-10015,Aaron Bergman,West,,Chairs,48.71,5.48,1,0.2
AB-10015,Aaron Bergman,West,Office Supplies,Art,17.94,4.66,3,0
AB-10015,Aaron Bergman,West,Office Supplies,Storage,242.94,4.86,3,0
AB-10060,Adam Bellavance,Central,Office Supplies,Paper,240.15,115.51,,0
AB-10060,Adam Bellavance,East,Office Supplies,Binders,4358.22,1416.5,5,
AB-10060,Adam Bellavance,East,Office Supplies,Paper,94.42,41.89,10,0.07
AB-10060,Adam Bellavance,East,Office Supplies,Supplies,27.93,8.1,3,0
AB-10060,Adam Bellavance,East,Technology,Accessories,,2.31,1,0
AB-10060,Adam Bellavance,South,Furniture,Furnishings,127.88,40.92,2,0
AB-10060,Adam Bellavance,South,Office Supplies,Appliances,160.32,44.89,2,0
AB-10060,Adam Bellavance,South,Office Supplies,Binders,46,20.7,4,0
AB-10060,Adam Bellavance,West,,Chairs,449.57,-73.05,2,
AB-10060,Adam Bellavance,West,Furniture,Tables,,366.63,7,
AB-10060,Adam Bellavance,West,Office Supplies,Paper,18.54,8.71,2,0
AB-10060,Adam Bellavance,West,Technology,Accessories,188.95,61.48,4,0
AB-10105,Adrian Barton,Central,Furniture,Furnishings,64.96,-84.45,5,
AB-10105,Adrian Barton,Central,Office Supplies,Art,,5.32,3,0.2
AB-10105,Adrian Barton,Central,Office Supplies,Binders,11028.77,5391.86,26,0.27
AB-10105,Adrian Barton,Central,Office Supplies,Labels,3.69,1.73,1,0
AB-10105,Adrian Barton,Central,Office Supplies,Storage,262.43,-45.82,4,0.2
AB-10105,Adrian Barton,Central,Technology,Accessories,,7.47,3,
AB-10105,Adrian Barton,Central,,Machines,287.91,33.59,3,0.4
AB-10105,Adrian Barton,Central,Technology,Phones,470.38,52.92,3,0.2
AB-10105,Adrian Barton,East,Office Supplies,Storage,117.96,,2,0
AB-10105,Adrian Barton,South,Furniture,Furnishings,821.88,213.69,6,0
AB-10105,Adrian Barton,South,,,21.96,10.76,,0
AB-10105,Adrian Barton,West,Furniture,Tables,393.16,-204.45,3,0.5
AB-10105,Adrian Barton,West,Office Supplies,Binders,18.18,-13.94,4,0.7
AB-10105,Adrian Barton,West,Office Supplies,Storage,12.62,-2.52,2,0.2
AB-10105,Adrian Barton,West,Technology,Accessories,89.58,4.48,2,0.2
AB-10105,Adrian Barton,West,Technology,,,68.27,4,0.2
AB-10150,Aimee Bixby,Central,Furniture,Furnishings,,-13.99,2,0.6
AB-10150,Aimee Bixby,Central,Office Supplies,Art,99.14,8.67,4,0.2
AB-10150,Aimee Bixby,Central,Office Supplies,Paper,47.39,,10,0.13
AB-10150,Aimee Bixby,Central,Office Supplies,Supplies,6.67,0.5,1,
AB-10150,Aimee Bixby,East,Office Supplies,Art,59.52,15.48,3,0
AB-10150,Aimee Bixby,East,Office Supplies,Binders,49.63,16.75,6,0.2
AB-10150,Aimee Bixby,East,Office Supplies,Paper,97.82,45.98,2,0
AB-10150,Aimee Bixby,East,Office Supplies,Supplies,,5.4,2,0
AB-10150,Aimee Bixby,East,Technology,,571.93,,7,0
AB-10165,Alan Barnes,Central,Furniture,Chairs,37.3,-1.07,2,0.3
AB-10165,Alan Barnes,East,Office Supplies,Art,104.45,23.89,6,0.2
AB-10165,Alan Barnes,East,Office Supplies,Paper,13.87,5.03,,0.2
AB-10165,Alan Barnes,South,Office Supplies,Paper,163.96,59.44,5,0.2
AB-10165,Alan Barnes,West,Furniture,Furnishings,,81.48,11,0.07
AB-10165,Alan Barnes,West,Office Supplies,Art,20.96,5.24,2,0
AB-10165,Alan Barnes,West,Office Supplies,Binders,,41.54,12,0.2
AB-10165,Alan Barnes,West,Office Supplies,Paper,33.4,16.03,,0
AB-10165,Alan Barnes,West,Office Supplies,Storage,304.23,9.13,3,0
AB-10165,Alan Barnes,West,Technology,Accessories,212.93,22.02,5,
AB-10255,Alejandro Ballentine,Central,Technology,Accessories,13.62,,2,0.2
AB-10255,Alejandro Ballentine,East,Office Supplies,Paper,54.39,23.76,4,0.1
AB-10255,Alejandro Ballentine,East,Office Supplies,Storage,,,2,0.2
AB-10255,Alejandro Ballentine,East,Technology,Accessories,36.78,,2,0.2
AB-10255,Alejandro Ballentine,East,Technology,Phones,2.97,-0.64,1,0.4
AB-10255,Alejandro Ballentine,South,Furniture,,18.92,7.38,4,0
AB-10255,Alejandro Ballentine,South,Office Supplies,Binders,15.42,6.94,2,0
AB-10255,Alejandro Ballentine,West,Office Supplies,Art,19.68,6.49,6,0
AB-10255,Alejandro Ballentine,West,,Fasteners,17.05,8.18,5,0
AB-10255,Alejandro Ballentine,West,Office Supplies,Paper,211.6,101.57,,0
AB-10255,Alejandro Ballentine,West,Office Supplies,Supplies,16.68,4.34,2,0
AB-10255,Alejandro Ballentine,West,Technology,Copiers,479.98,90,2,0.2
AB-10600,Ann Blume,Central,Office Supplies,Binders,14.48,-23.89,5,0.8
AB-10600,Ann Blume,South,Furniture,Furnishings,17.09,1.07,2,
AB-10600,Ann Blume,West,Furniture,Chairs,899.14,-146.11,4,0.2
AB-10600,Ann Blume,West,Office Supplies,Binders,38.39,-25.59,14,0.7
AB-10600,Ann Blume,West,Office Supplies,,9.24,4.44,3,0
AB-10600,Ann Blume,West,Technology,Accessories,239.95,-35.99,6,0.2
AB-10600,Ann Blume,West,Technology,Machines,95.99,-64,2,
AB-10600,Ann Blume,West,Technology,Phones,201.58,15.12,2,0.2
AC-10420,Alyssa Crouse,Central,Office Supplies,Binders,34.24,-53.07,,0.8
AC-10420,Alyssa Crouse,Central,Office Supplies,Storage,127.92,-15.99,5,0.2
AC-10420,Alyssa Crouse,East,Office Supplies,Envelopes,57.58,21.59,3,0.2
AC-10420,Alyssa Crouse,West,Furniture,,698.35,-17.46,3,0.2
AC-10420,Alyssa Crouse,West,,Binders,7.71,,2,
AC-10450,Amy Cox,Central,Office Supplies,Binders,1793.98,843.17,2,0
AC-10450,Amy Cox,East,,Binders,52.27,17.64,11,0.2
AC-10450,Amy Cox,East,Office Supplies,Paper,17.94,,,0
AC-10450,Amy Cox,South,Office Supplies,Binders,7.51,,9,0.7
AC-10450,Amy Cox,South,Office Supplies,Labels,16.56,,2,0.2
AC-10450,Amy Cox,South,Office Supplies,Supplies,1665.62,,2,0
AC-10450,Amy Cox,South,Technology,Accessories,11.67,,1,0.2
AC-10450,Amy Cox,West,Office Supplies,Binders,1219.96,381.24,5,0.2
AC-10450,Amy Cox,West,Technology,Phones,,83.51,8,0.2
AC-10615,Ann Chong,Central,Office Supplies,Storage,12.77,0.96,2,0.2
AC-10615,Ann Chong,East,Furniture,Chairs,1282.41,213.74,,0.1
AC-10615,Ann Chong,East,Furniture,Furnishings,49.47,10.29,3,
AC-10615,Ann Chong,East,Furniture,Tables,254.53,-93.33,1,0.4
AC-10615,Ann Chong,East,Office Supplies,Appliances,12.98,3.76,1,0
AC-10615,Ann Chong,East,Office Supplies,Art,28.02,8.68,5,
AC-10615,Ann Chong,East,Office Supplies,Binders,30.01,,12,0.45
AC-10615,Ann Chong,East,Office Supplies,Labels,18.9,9.07,6,0
AC-10615,Ann Chong,East,Office Supplies,Paper,17.12,7.7,4,0
AC-10615,Ann Chong,East,,Storage,147.18,-29.44,2,0.2
AC-10615,Ann Chong,East,Technology,,405.97,78.39,5,0
AC-10615,Ann Chong,East,Technology,,197.97,57.41,3,0
AC-10615,Ann Chong,West,Office Supplies,Fasteners,8.4,0.34,5,0
AC-10615,Ann Chong,West,Technology,Phones,71.96,25.19,5,0.2
AC-10660,Anna Chung,Central,,Paper,35.88,16.15,6,0
AC-10660,Anna Chung,Central,Office Supplies,Storage,143.73,-32.34,2,0.2
AC-10660,Anna Chung,East,,Chairs,,,2,0.3
AC-10660,Anna Chung,East,Office Supplies,Paper,7.97,,2,0.2
AC-10660,Anna Chung,West,Technology,Phones,286.37,-7.54,,0.2
AD-10180,Alan Dominguez,Central,Furniture,Chairs,600.56,,3,0.3
AD-10180,Alan Dominguez,East,Furniture,Chairs,897.15,251.2,3,0
AD-10180,Alan Dominguez,East,Furniture,Furnishings,51.07,5.11,6,0.2
AD-10180,Alan Dominguez,East,Office Supplies,Art,15.48,4.49,3,0
AD-10180,Alan Dominguez,East,Office Supplies,,25.32,11.32,,0.1
AD-10180,Alan Dominguez,East,Technology,Accessories,,70.5,4,0
AD-10180,Alan Dominguez,West,Office Supplies,,175.92,85.72,6,0
AD-10180,Alan Dominguez,West,Office Supplies,Storage,1177.47,70.19,6,0
AD-10180,Alan Dominguez,West,Technology,Copiers,2999.95,1379.98,5,0
AF-10870,Art Ferguson,Central,,Chairs,233.06,-53.27,3,0.3
AF-10870,Art Ferguson,Central,Office Supplies,,13.64,,7,0.8
AF-10870,Art Ferguson,Central,Office Supplies,Storage,72.78,,1,0.2
AF-10870,Art Ferguson,Central,Technology,Accessories,26.18,-3.27,2,0.2
AF-10870,Art Ferguson,East,Furniture,Tables,174.29,-19.92,2,
AF-10870,Art Ferguson,East,Office Supplies,Appliances,662.84,172.34,4,0
AF-10870,Art Ferguson,East,Office Supplies,Envelopes,26.88,12.9,,0
AF-10870,Art Ferguson,East,Technology,Accessories,95.1,30.43,5,0
AF-10870,Art Ferguson,East,,Phones,,,7,0
AF-10870,Art Ferguson,South,Office Supplies,Paper,44.38,15.53,,0.2
AF-10870,Art Ferguson,South,Office Supplies,Supplies,2.94,-0.66,,
AF-10870,Art Ferguson,West,Office Supplies,Appliances,7.78,2.02,2,0
AF-10870,Art Ferguson,West,Office Supplies,Binders,18.09,6.56,7,0.2
AF-10870,Art Ferguson,West,Office Supplies,Envelopes,71.97,35.98,3,0
AF-10885,Art Foster,East,Furniture,Bookcases,349.96,-216.98,7,0.5
AF-10885,Art Foster,East,,Art,22.32,5.3,5,0.2
AF-10885,Art Foster,East,Office Supplies,Binders,,,7,0.7
AF-10885,Art Foster,East,Office Supplies,Storage,38.98,-2.44,3,0.2
AF-10885,Art Foster,East,Office Supplies,Supplies,14.72,-3.31,5,0.2
AF-10885,Art Foster,South,Furniture,Chairs,287.94,77.74,3,0
AF-10885,Art Foster,South,Technology,Phones,,23.44,7,0
AG-10270,Alejandro Grove,Central,Furniture,Furnishings,1336.44,387.57,14,0
AG-10270,Alejandro Grove,Central,Office Supplies,Appliances,378,136.08,2,
AG-10270,Alejandro Grove,Central,Office Supplies,Labels,14.4,7.06,5,0
AG-10270,Alejandro Grove,Central,Office Supplies,Paper,,17.1,6,0
AG-10270,Alejandro Grove,Central,Office Supplies,Storage,413.82,101.14,9,0
AG-10270,Alejandro Grove,Central,Office Supplies,Supplies,16.9,5.07,2,0
AG-10270,Alejandro Grove,Central,Technology,Phones,179.92,42.29,8,0
AG-10270,Alejandro Grove,East,Furniture,Furnishings,15.01,1.5,2,0.2
AG-10270,Alejandro Grove,East,Office Supplies,Binders,175.17,76.7,26,0.04
AG-10270,Alejandro Grove,East,Technology,Accessories,99.98,8,2,
AG-10270,Alejandro Grove,West,Office Supplies,Storage,55.5,9.99,2,0
AG-10300,Aleksandra Gannaway,East,Furniture,Bookcases,81.94,20.48,1,0
AG-10300,Aleksandra Gannaway,West,Furniture,Chairs,230.28,,3,0.2
AG-10300,Aleksandra Gannaway,West,Office Supplies,Appliances,31.08,8.39,4,0
AG-10300,Aleksandra Gannaway,West,Office Supplies,Art,5.96,,2,
AG-10300,Aleksandra Gannaway,West,Office Supplies,Binders,18.29,5.71,6,0.2
AG-10330,Alex Grayson,Central,,,6.33,-9.81,5,0.8
AG-10330,Alex Grayson,Central,Office Supplies,,81.54,38.32,,0
AG-10330,Alex Grayson,Central,Office Supplies,Paper,101.8,35.63,10,0.2
AG-10330,Alex Grayson,Central,Technology,Accessories,167.28,23.42,12,0
AG-10330,Alex Grayson,South,,Art,12.67,,9,0.2
AG-10330,Alex Grayson,West,,Tables,182.55,-135.09,2,0.5
AG-10330,Alex Grayson,West,Office Supplies,Paper,12.96,6.22,2,0
AG-10330,Alex Grayson,West,Technology,Phones,95.84,34.74,4,0.2
AG-10390,Allen Goldenen,East,Office Supplies,Binders,17.06,-12.51,5,0.7
AG-10390,Allen Goldenen,East,Office Supplies,Labels,14.4,7.06,5,0
AG-10390,Allen Goldenen,East,Office Supplies,,15.7,5.1,3,0.2
AG-10390,Allen Goldenen,South,Office Supplies,Art,4.7,0.41,2,0.2
AG-10390,Allen Goldenen,South,Office Supplies,Binders,58.05,26.7,3,0
AG-10390,Allen Goldenen,South,Office Supplies,Paper,71.28,34.21,11,0
AG-10390,Allen Goldenen,West,Furniture,Furnishings,19.76,8.3,4,0
AG-10495,Andrew Gjertsen,Central,Furniture,Tables,347.36,-69.47,7,0.3
AG-10495,Andrew Gjertsen,Central,Office Supplies,Appliances,123.86,46.79,2,0.1
AG-10495,Andrew Gjertsen,Central,Office Supplies,Paper,25.92,,5,0.2
AG-10495,Andrew Gjertsen,Central,Office Supplies,Storage,418.32,117.13,7,
AG-10495,Andrew Gjertsen,East,,Labels,,8.69,,0.2
AG-10495,Andrew Gjertsen,East,Office Supplies,Paper,29.82,9.98,6,0.2
AG-10495,Andrew Gjertsen,East,Office Supplies,Storage,59.71,5.97,6,0.2
AG-10495,Andrew Gjertsen,South,Furniture,Furnishings,365.43,114.67,21,0.1
AG-10495,Andrew Gjertsen,South,,Art,4.45,0.33,2,0.2
AG-10495,Andrew Gjertsen,South,Office Supplies,Binders,,-13.39,2,
AG-10495,Andrew Gjertsen,South,Office Supplies,Labels,9,3.15,3,0.2
AG-10495,Andrew Gjertsen,South,Office Supplies,Paper,215.73,67.41,17,0.2
AG-10495,Andrew Gjertsen,South,Office Supplies,Storage,516.96,-6.46,4,
AG-10495,Andrew Gjertsen,West,Office Supplies,Binders,22.89,7.15,4,0.2
AG-10495,Andrew Gjertsen,West,Technology,Phones,174.3,-5.36,4,0.2
AG-10525,Andy Gerbode,Central,Technology,Machines,559.71,-121.27,3,0.4
AG-10525,Andy Gerbode,East,Furniture,Tables,481.18,,2,0.4
AG-10525,Andy Gerbode,East,Office Supplies,Binders,,2.06,2,0.2
AG-10525,Andy Gerbode,East,Office Supplies,Fasteners,7.24,2.39,4,0
AG-10525,Andy Gerbode,East,Office Supplies,Storage,70.26,18.97,3,0
AG-10525,Andy Gerbode,East,Technology,Accessories,,16.2,5,0
AG-10525,Andy Gerbode,South,Office Supplies,Binders,46.62,21.45,9,0
AG-10525,Andy Gerbode,South,Office Supplies,Paper,15.55,5.44,,0.2
AG-10525,Andy Gerbode,South,,,178.38,22.3,2,0.2
AG-10675,Anna Gayman,Central,Furniture,Bookcases,2396.27,-317.15,4,0.32
AG-10675,Anna Gayman,Central,Furniture,,244.01,-31.37,2,0.3
AG-10675,Anna Gayman,Central,Office Supplies,Paper,,5.38,4,0.2
AG-10675,Anna Gayman,Central,,Storage,167.09,,7,0.2
AG-10675,Anna Gayman,Central,Technology,Accessories,71.06,2.61,3,0.1
AG-10675,Anna Gayman,South,Furniture,Furnishings,315.78,31.58,8,0.2
AG-10675,Anna Gayman,South,Office Supplies,Appliances,34.85,6.53,2,0.2
AG-10675,Anna Gayman,South,Office Supplies,Art,4.37,0.38,3,0.2
AG-10675,Anna Gayman,South,Office Supplies,Binders,38.71,17.81,7,0
AG-10675,Anna Gayman,South,Office Supplies,Paper,138.69,55.55,,0.1
AG-10675,Anna Gayman,South,Office Supplies,Storage,40.29,10.07,,0
AG-10675,Anna Gayman,South,Technology,Phones,22,1.38,5,0.2
AG-10765,Anthony Garverick,Central,Office Supplies,Binders,51.59,,13,0.53
AG-10765,Anthony Garverick,East,Office Supplies,Binders,5.89,-4.12,,0.7
AG-10765,Anthony Garverick,South,Office Supplies,Binders,,,3,0
AG-10900,Arthur Gainer,Central,,Bookcases,405.86,32.47,7,0
AG-10900,Arthur Gainer,Central,Furniture,Chairs,850.08,164.65,7,0.15
AG-10900,Arthur Gainer,Central,Furniture,Furnishings,108.4,,5,0.6
AG-10900,Arthur Gainer,Central,Office Supplies,,7.82,2.93,1,0.2
AG-10900,Arthur Gainer,East,Furniture,Furnishings,173.24,17.32,4,0
AG-10900,Arthur Gainer,East,Office Supplies,Labels,,9.38,5,0.1
AG-10900,Arthur Gainer,East,Office Supplies,Supplies,65.17,18.9,7,0
AG-10900,Arthur Gainer,South,Furniture,Bookcases,314.35,-15.72,,0.2
AG-10900,Arthur Gainer,South,Office Supplies,Labels,4.61,1.5,2,0.2
AG-10900,Arthur Gainer,South,Office Supplies,Storage,177.55,47.94,5,0
AG-10900,Arthur Gainer,West,Furniture,,704.53,-25.54,7,0.15
AG-10900,Arthur Gainer,West,,Appliances,,31.02,2,0
AG-10900,Arthur Gainer,West,Office Supplies,Art,9.24,0.92,1,0.2
AG-10900,Arthur Gainer,West,Office Supplies,Binders,36.91,3.99,11,0.45
AG-10900,Arthur Gainer,West,Office Supplies,Labels,21.56,10.35,7,0
AG-10900,Arthur Gainer,West,,Accessories,1502.98,149.25,18,0.2
AH-10030,Aaron Hawkins,East,Office Supplies,Art,18.7,2.34,7,0.2
AH-10030,Aaron Hawkins,East,Office Supplies,Binders,9.91,3.35,3,0.2
AH-10030,Aaron Hawkins,East,Office Supplies,Envelopes,247.84,121.44,8,0
AH-10030,Aaron Hawkins,East,,Labels,18.9,8.69,3,0
AH-10030,Aaron Hawkins,East,Technology,Accessories,34.77,11.47,3,0
AH-10030,Aaron Hawkins,South,,Furnishings,86.45,38.04,7,0
AH-10030,Aaron Hawkins,West,Furniture,,279.46,20.96,6,0.2
AH-10030,Aaron Hawkins,West,Office Supplies,Binders,49.41,18.53,4,0.2
AH-10030,Aaron Hawkins,West,Office Supplies,Paper,8,3.84,2,0
AH-10030,Aaron Hawkins,West,Office Supplies,Storage,323.1,61.39,2,0
AH-10030,Aaron Hawkins,West,Technology,Phones,668.16,75.17,,0.2
AH-10075,Adam Hart,Central,Office Supplies,Paper,51.84,18.14,,0.2
AH-10075,Adam Hart,Central,,Accessories,165.6,,3,0.2
AH-10075,Adam Hart,East,,Furnishings,245.68,65.26,6,
AH-10075,Adam Hart,East,Furniture,Tables,878.64,-141.34,7,
AH-10075,Adam Hart,East,Office Supplies,Appliances,2.22,0.67,,0
AH-10075,Adam Hart,East,Office Supplies,Art,3.01,,2,0.2
AH-10075,Adam Hart,East,Office Supplies,Binders,850.16,288.25,7,
AH-10075,Adam Hart,East,Office Supplies,,43.44,21.29,8,0
AH-10075,Adam Hart,East,,Supplies,190.9,-42.95,2,0.2
AH-10075,Adam Hart,South,,Chairs,314.35,-35.36,3,0.2
AH-10075,Adam Hart,South,Office Supplies,Art,12.84,3.72,3,0
AH-10075,Adam Hart,South,Office Supplies,Paper,27.89,,7,0.2
AH-10075,Adam Hart,West,Furniture,Furnishings,196.45,,5,0
AH-10075,Adam Hart,West,Office Supplies,Fasteners,17.9,8.95,5,0
AH-10075,Adam Hart,West,Office Supplies,Labels,5.22,2.4,2,0
AH-10075,Adam Hart,West,Office Supplies,Paper,12.48,5.62,2,0
AH-10075,Adam Hart,West,Office Supplies,,231.72,11.59,2,0
AH-10120,Adrian Hane,Central,Office Supplies,Art,5.25,0.59,,0.2
AH-10120,Adrian Hane,Central,Office Supplies,,5.23,,,0.8
AH-10120,Adrian Hane,Central,Office Supplies,Paper,163.96,59.44,5,
AH-10120,Adrian Hane,Central,Technology,Accessories,50.12,-0.63,7,0.2
AH-10120,Adrian Hane,South,Office Supplies,Binders,102.93,,3,0
AH-10120,Adrian Hane,South,Technology,Accessories,98.16,9.82,6,0
AH-10120,Adrian Hane,West,Furniture,Chairs,259.14,-25.91,4,0.2
AH-10120,Adrian Hane,West,Furniture,Tables,377.45,-264.22,5,0.5
AH-10120,Adrian Hane,West,Office Supplies,Art,18.69,,4,0.2
AH-10120,Adrian Hane,West,Office Supplies,Binders,45.24,,4,0.7
AH-10120,Adrian Hane,West,Office Supplies,Labels,15.94,5.18,,0.2
AH-10120,Adrian Hane,West,Office Supplies,Paper,451.96,216.6,11,0.07
AH-10120,Adrian Hane,West,Technology,,,-8.46,3,0.2
AH-10120,Adrian Hane,West,Technology,Phones,28.68,-7.17,3,0.2
AH-10195,Alan Haines,Central,Office Supplies,,16.03,-25.65,5,
AH-10195,Alan Haines,East,Furniture,Chairs,99.37,-7.1,2,0.3
AH-10195,Alan Haines,East,Furniture,Furnishings,33.57,-5.45,,0.2
AH-10195,Alan Haines,East,Office Supplies,Binders,28.42,9.02,5,0.2
AH-10195,Alan Haines,South,Office Supplies,,194.53,,2,0.2
AH-10195,Alan Haines,South,Office Supplies,,,-169.37,,0.7
AH-10195,Alan Haines,South,Office Supplies,Supplies,961.48,-204.31,5,0.2
AH-10210,Alan Hwang,Central,Technology,Phones,195.96,,5,0.2
AH-10210,Alan Hwang,East,Office Supplies,Binders,,9.55,7,0.2
AH-10210,Alan Hwang,East,Technology,Phones,,224.44,6,0
AH-10210,Alan Hwang,South,Office Supplies,,1577.94,757.41,,0
AH-10210,Alan Hwang,South,Office Supplies,Paper,16.5,5.57,2,0.2
AH-10210,Alan Hwang,South,,,348.56,,8,0
AH-10210,Alan Hwang,West,,Art,3.36,0.87,2,0
AH-10210,Alan Hwang,West,Office Supplies,Binders,171.2,64.2,5,0.2
AH-10210,Alan Hwang,West,,Fasteners,30.4,15.2,5,
AH-10210,Alan Hwang,West,Office Supplies,Storage,1003.62,0,6,0
AH-10210,Alan Hwang,West,Technology,Accessories,79.9,35.16,2,0
AH-10210,Alan Hwang,West,Technology,Phones,,71.99,2,0.2
AH-10465,Amy Hunt,Central,,Bookcases,1352.4,-437.54,9,0.32
AH-10465,Amy Hunt,Central,Office Supplies,Art,7.06,0.79,3,0.2
AH-10465,Amy Hunt,Central,Technology,Accessories,398.4,84.66,5,0.2
AH-10465,Amy Hunt,East,Office Supplies,Storage,,5.87,2,0
AH-10465,Amy Hunt,East,Technology,Phones,539.97,134.99,3,0
AH-10465,Amy Hunt,South,Office Supplies,Labels,,6.87,3,0
AH-10465,Amy Hunt,South,Office Supplies,,88.96,10.01,8,0.2
AH-10465,Amy Hunt,West,Furniture,Tables,71.09,-1.78,2,
AH-10585,Angele Hood,Central,Office Supplies,,15.98,4.99,,0.2
AH-10585,Angele Hood,South,Furniture,Chairs,239.24,23.92,1,0.2
AH-10585,Angele Hood,West,,Furnishings,63.92,,4,0
AH-10585,Angele Hood,West,Office Supplies,Art,35.4,13.45,5,0
AH-10585,Angele Hood,West,Technology,Phones,383.96,38.4,5,0.2
AH-10690,Anna Häberlin,Central,Furniture,Furnishings,14.76,-11.44,,0.6
AH-10690,Anna Häberlin,Central,Office Supplies,Binders,117.76,50.2,9,0.4
AH-10690,Anna Häberlin,Central,Office Supplies,Storage,33.49,-1.26,7,0.2
AH-10690,Anna Häberlin,Central,Office Supplies,,23.04,-4.9,3,
AH-10690,Anna Häberlin,Central,Technology,Phones,946.34,118.29,7,0.2
AH-10690,Anna Häberlin,East,Office Supplies,Paper,70.88,33.31,2,0
AH-10690,Anna Häberlin,South,Furniture,Chairs,670.06,-55.6,8,0.2
AH-10690,Anna Häberlin,South,Furniture,Furnishings,,48.8,5,0.1
AH-10690,Anna Häberlin,South,Furniture,Tables,2275.5,386.83,10,0
AH-10690,Anna Häberlin,South,Office Supplies,,11.76,,5,0.2
AH-10690,Anna Häberlin,South,Office Supplies,Binders,9.9,-7.75,5,0.7
AH-10690,Anna Häberlin,South,Office Supplies,Envelopes,,8.79,3,
AH-10690,Anna Häberlin,South,Office Supplies,Labels,62.1,29.81,6,0
AH-10690,Anna Häberlin,South,Technology,Accessories,1979.7,653.3,6,0
AH-10690,Anna Häberlin,South,Technology,Phones,153.47,29.83,4,0.2
AH-10690,Anna Häberlin,West,Furniture,Tables,863.13,,7,0.2
AH-10690,Anna Häberlin,West,Office Supplies,,87.84,23.72,8,0
AH-10690,Anna Häberlin,West,,Phones,361.38,27.1,2,0.2
AI-10855,Arianne Irving,East,Furniture,Chairs,63.69,-9.1,1,0.3
AI-10855,Arianne Irving,East,Office Supplies,Paper,6.68,3.21,1,0
AI-10855,Arianne Irving,South,Furniture,,504.9,80.78,5,0
AI-10855,Arianne Irving,West,Furniture,Furnishings,467.46,191.66,9,0
AI-10855,Arianne Irving,West,Office Supplies,Appliances,129.92,38.98,4,0
AI-10855,Arianne Irving,West,Office Supplies,Art,14.7,3.97,5,0
AI-10855,Arianne Irving,West,Office Supplies,Binders,5.18,1.81,3,0.2
AI-10855,Arianne Irving,West,Office Supplies,Envelopes,158.13,77.48,3,0
AI-10855,Arianne Irving,West,Office Supplies,Labels,88.8,44.4,6,0
AI-10855,Arianne Irving,West,Office Supplies,Paper,172.04,80.78,17,
AI-10855,Arianne Irving,West,Office Supplies,Storage,720.76,187.4,4,0
AI-10855,Arianne Irving,West,,Phones,2043.53,166.35,14,
AJ-10780,Anthony Jacobs,East,Furniture,Chairs,261.96,23.58,2,0
AJ-10780,Anthony Jacobs,East,Furniture,Tables,1421.66,-734.53,8,0.4
AJ-10780,Anthony Jacobs,East,Office Supplies,,1737.18,503.78,6,0
AJ-10780,Anthony Jacobs,East,Office Supplies,Art,55.66,17.01,12,0
AJ-10780,Anthony Jacobs,East,Office Supplies,Labels,74,37,5,0
AJ-10780,Anthony Jacobs,East,Office Supplies,Paper,141.76,66.63,4,0
AJ-10780,Anthony Jacobs,East,Office Supplies,Storage,704.25,84.51,5,
AJ-10780,Anthony Jacobs,East,Technology,Accessories,89.97,18.89,3,0
AJ-10780,Anthony Jacobs,South,Furniture,Furnishings,51.94,21.3,1,0
AJ-10780,Anthony Jacobs,South,Office Supplies,,,-5.7,6,0.7
AJ-10780,Anthony Jacobs,South,Office Supplies,Labels,2.89,1.36,,0
AJ-10780,Anthony Jacobs,West,Office Supplies,Paper,318.64,,9,0.1
AJ-10795,Anthony Johnson,East,Office Supplies,Binders,4.99,1.68,3,0.2
AJ-10795,Anthony Johnson,South,Furniture,Chairs,1059.12,307.14,4,0
AJ-10795,Anthony Johnson,South,Furniture,,310.88,23.32,2,0.2
AJ-10795,Anthony Johnson,South,Office Supplies,Art,5.25,,2,0.2
AJ-10795,Anthony Johnson,South,Office Supplies,,11.34,5.22,3,
AJ-10795,Anthony Johnson,South,Office Supplies,Storage,67.9,0.68,5,0
AJ-10795,Anthony Johnson,South,Technology,Accessories,212.17,42.34,9,0.1
AJ-10795,Anthony Johnson,South,Technology,Phones,59.18,5.18,2,0.2
AJ-10795,Anthony Johnson,West,Furniture,Bookcases,1194.16,210.73,5,0.15
AJ-10795,Anthony Johnson,West,Furniture,Furnishings,,69.57,16,0
AJ-10795,Anthony Johnson,West,Office Supplies,Binders,14.35,4.66,3,0.2
AJ-10795,Anthony Johnson,West,Office Supplies,Envelopes,57.9,28.95,5,0
AJ-10795,Anthony Johnson,West,Office Supplies,Labels,274.77,126.39,9,0
AJ-10795,Anthony Johnson,West,Office Supplies,Paper,53.52,25.06,9,0
AJ-10795,Anthony Johnson,West,Office Supplies,Storage,10.56,0,2,0
AJ-10795,Anthony Johnson,West,Technology,,767.95,287.98,6,0.2
AJ-10795,Anthony Johnson,West,Technology,Phones,191.98,19.2,3,0.2
AJ-10945,Ashley Jarboe,Central,Furniture,Chairs,301.96,33.22,2,0
AJ-10945,Ashley Jarboe,Central,Office Supplies,Appliances,638.73,166.07,9,0
AJ-10945,Ashley Jarboe,Central,Office Supplies,Binders,403.68,,,0
AJ-10945,Ashley Jarboe,Central,,Labels,28.91,13.3,7,0
AJ-10945,Ashley Jarboe,Central,Technology,Phones,341.88,95.73,4,0
AJ-10945,Ashley Jarboe,South,,Art,19.46,3.4,4,0.2
AJ-10945,Ashley Jarboe,West,,Appliances,45.28,15.4,4,0
AJ-10945,Ashley Jarboe,West,Office Supplies,Art,,1.87,2,
AJ-10945,Ashley Jarboe,West,Technology,Accessories,50,,2,0
AJ-10960,Astrea Jones,East,Office Supplies,Appliances,122.94,30.73,3,
AJ-10960,Astrea Jones,East,Office Supplies,Binders,35.45,,7,0.2
AJ-10960,Astrea Jones,East,Office Supplies,Envelopes,11.07,5.09,,0
AJ-10960,Astrea Jones,East,Office Supplies,Storage,449.15,8.98,5,0
AJ-10960,Astrea Jones,West,Office Supplies,Art,10.64,2.77,4,0
AM-10360,Alice McCarthy,Central,Office Supplies,Binders,15.36,7.68,2,0
AM-10360,Alice McCarthy,Central,Office Supplies,Paper,20.02,6.25,3,0.2
AM-10360,Alice McCarthy,Central,,Storage,37.22,3.72,3,0.2
AM-10360,Alice McCarthy,East,Furniture,Bookcases,115.96,-64.94,4,0.5
AM-10360,Alice McCarthy,East,Office Supplies,Paper,13.87,5.03,3,0.2
AM-10360,Alice McCarthy,West,Office Supplies,Appliances,79.47,22.25,3,0
AM-10360,Alice McCarthy,West,Office Supplies,Art,10.08,5.04,,0
AM-10360,Alice McCarthy,West,Office Supplies,Binders,78.48,25.73,8,0.2
AM-10360,Alice McCarthy,West,Office Supplies,Paper,203.58,,,0
AM-10360,Alice McCarthy,West,Technology,Accessories,239.97,86.39,3,0
AM-10705,Anne McFarland,Central,Technology,Phones,383.84,,4,0.2
AM-10705,Anne McFarland,East,Furniture,Chairs,1604.9,,5,0
AM-10705,Anne McFarland,East,Furniture,Furnishings,32.43,12.06,5,0
AM-10705,Anne McFarland,East,Furniture,,385.69,-60.61,,0.3
AM-10705,Anne McFarland,East,,Art,,18.72,,0
AM-10705,Anne McFarland,East,Office Supplies,Binders,34.08,15.68,2,0
AM-10705,Anne McFarland,East,Office Supplies,Paper,10.16,4.78,2,0
AM-10705,Anne McFarland,South,Furniture,Bookcases,302.94,69.68,3,0
AM-10705,Anne McFarland,South,Furniture,Chairs,350.98,84.24,1,0
AM-10705,Anne McFarland,South,Furniture,Furnishings,8.8,3.87,5,0
AM-10705,Anne McFarland,South,Office Supplies,Art,121.62,35.27,12,0
AM-10705,Anne McFarland,South,Office Supplies,Binders,28.03,-2.87,7,0.35
AM-10705,Anne McFarland,South,Office Supplies,Paper,13.08,6.02,,0
AM-10705,Anne McFarland,South,Office Supplies,Storage,900.08,117.01,4,0
AM-10705,Anne McFarland,South,Office Supplies,Supplies,231.72,11.59,2,0
AM-10705,Anne McFarland,South,Technology,Phones,271.96,67.99,4,0
AM-10705,Anne McFarland,West,Furniture,Tables,871.4,148.14,4,0
AM-10705,Anne McFarland,West,Office Supplies,Binders,45.58,16.52,11,
AM-10705,Anne McFarland,West,Office Supplies,,17.48,8.22,2,0
AO-10810,Anthony O'Donnell,West,Furniture,,161.28,12.1,,
AP-10720,Anne Pryor,Central,Technology,,,-1.36,4,0.2
AP-10720,Anne Pryor,East,Furniture,Bookcases,173.94,13.92,3,0
AP-10720,Anne Pryor,East,,Furnishings,25.63,3.84,,0.2
AP-10720,Anne Pryor,East,Furniture,Tables,79.97,-29.32,3,0.4
AP-10720,Anne Pryor,East,Office Supplies,Binders,209.49,68.3,15,0.2
AP-10720,Anne Pryor,East,Office Supplies,Labels,14.76,,4,0
AP-10720,Anne Pryor,East,Technology,,9.99,4.6,1,0
AP-10720,Anne Pryor,South,Furniture,Furnishings,45.57,9.68,2,0.2
AP-10720,Anne Pryor,South,Office Supplies,Binders,,-21.08,8,0.7
AP-10720,Anne Pryor,South,Office Supplies,Paper,4.98,,1,0
AP-10720,Anne Pryor,West,Office Supplies,,18.69,5.23,7,0
AP-10720,Anne Pryor,West,Office Supplies,Binders,450.85,157.8,18,0.2
AP-10720,Anne Pryor,West,Office Supplies,Fasteners,,0,7,0
AP-10720,Anne Pryor,West,Office Supplies,Paper,13.36,6.41,2,0
AP-10720,Anne Pryor,West,Technology,Phones,521.54,58.39,7,0.2
AP-10915,Arthur Prichep,South,Furniture,Furnishings,24.1,9.16,5,0
AP-10915,Arthur Prichep,South,Furniture,Tables,842.94,160.16,3,0
AP-10915,Arthur Prichep,South,Office Supplies,Art,29.57,8.42,7,0
AP-10915,Arthur Prichep,South,Office Supplies,Envelopes,24.45,8.86,4,0.2
AP-10915,Arthur Prichep,South,Office Supplies,Fasteners,31.85,13.39,7,0
AP-10915,Arthur Prichep,West,Furniture,Bookcases,,-240.78,2,0.7
AP-10915,Arthur Prichep,West,Furniture,Chairs,112.65,,,
AP-10915,Arthur Prichep,West,Furniture,Furnishings,208.82,54.46,5,0.1
AP-10915,Arthur Prichep,West,Office Supplies,Appliances,,35.15,6,0
AP-10915,Arthur Prichep,West,,Art,214.09,59.38,,0
AP-10915,Arthur Prichep,West,,Binders,153.55,51.82,3,0.2
AP-10915,Arthur Prichep,West,,Fasteners,8.72,2.88,4,0
AP-10915,Arthur Prichep,West,Office Supplies,Paper,,144.91,23,0.12
AP-10915,Arthur Prichep,West,Office Supplies,Storage,62.18,16.79,1,0
AP-10915,Arthur Prichep,West,Office Supplies,Supplies,6.8,0.51,1,0.2
AP-10915,Arthur Prichep,West,Technology,Accessories,92.73,9.1,7,
AP-10915,Arthur Prichep,West,Technology,Machines,,,2,0.2
AP-10915,Arthur Prichep,West,Technology,Phones,143.64,10.77,9,0.2
AR-10345,Alex Russell,Central,Furniture,Chairs,179.89,,1,0.3
AR-10345,Alex Russell,Central,Technology,Accessories,85.2,20.24,6,
AR-10345,Alex Russell,East,Furniture,Tables,523.76,-192.05,3,0.4
AR-10345,Alex Russell,East,Office Supplies,Art,32.54,8.8,5,0
AR-10345,Alex Russell,East,Technology,Phones,251.96,-50.39,6,0.4
AR-10405,Allen Rosenblatt,Central,,Binders,,19.81,2,0
AR-10405,Allen Rosenblatt,East,Furniture,,1488.42,-297.68,7,0.3
AR-10405,Allen Rosenblatt,East,Office Supplies,Paper,97.82,,2,0
AR-10405,Allen Rosenblatt,East,Technology,Accessories,103.12,10.31,8,0
AR-10405,Allen Rosenblatt,South,Technology,Accessories,,105.47,6,0
AR-10405,Allen Rosenblatt,West,Furniture,Chairs,122.35,13.76,3,0.2
AR-10405,Allen Rosenblatt,West,Furniture,Tables,143.43,3.59,1,0.2
AR-10510,Andrew Roberts,Central,Office Supplies,Binders,10.8,5.18,5,
AR-10510,Andrew Roberts,East,Office Supplies,Appliances,26.14,1.96,3,
AR-10510,Andrew Roberts,East,,Art,21.17,2.38,9,0.2
AR-10510,Andrew Roberts,East,,,3.28,-2.63,2,0.7
AR-10510,Andrew Roberts,East,Technology,Accessories,89.97,18.89,3,0
AR-10510,Andrew Roberts,East,Technology,Phones,55.19,-10.12,2,0.4
AR-10510,Andrew Roberts,West,Office Supplies,Paper,,27.99,9,0
AR-10540,Andy Reiter,Central,Furniture,,302.67,72.64,3,0
AR-10540,Andy Reiter,Central,Office Supplies,Binders,5443.96,,4,
AR-10540,Andy Reiter,Central,Office Supplies,Paper,56.07,25.23,7,
AR-10540,Andy Reiter,East,Furniture,Furnishings,52.96,20.12,2,0
AR-10540,Andy Reiter,East,Office Supplies,,17.88,5.59,3,0.2
AR-10540,Andy Reiter,East,Office Supplies,Paper,14.94,7.02,,0
AR-10540,Andy Reiter,West,Office Supplies,Binders,,9.53,5,0.2
AR-10540,Andy Reiter,West,Office Supplies,Paper,52.76,24.27,2,0
AR-10540,Andy Reiter,West,,Copiers,639.97,215.99,4,0.2
AR-10570,Anemone Ratner,South,Furniture,Furnishings,51.75,15.52,1,0
AR-10570,Anemone Ratner,South,Office Supplies,Binders,36.4,17.11,5,0
AR-10825,Anthony Rawles,Central,Furniture,Chairs,347.8,-24.84,7,0.3
AR-10825,Anthony Rawles,East,,Chairs,,25.47,2,
AR-10825,Anthony Rawles,East,Furniture,,183.92,31.27,4,0
AR-10825,Anthony Rawles,East,Office Supplies,Paper,32.8,15.74,5,0
AR-10825,Anthony Rawles,East,Office Supplies,Supplies,384.59,-81.73,2,0.2
AR-10825,Anthony Rawles,West,Furniture,Furnishings,14.8,6.07,4,0
AR-10825,Anthony Rawles,West,Furniture,Tables,1115.17,,7,0
AR-10825,Anthony Rawles,West,Office Supplies,Art,35.92,,7,
AR-10825,Anthony Rawles,West,Technology,Accessories,316,31.6,,0
AR-10825,Anthony Rawles,West,Technology,Phones,1928.57,144.64,12,0.2
AS-10045,Aaron Smayling,Central,,Paper,,,7,0.2
AS-10045,Aaron Smayling,Central,Technology,Machines,1439.98,-264,3,
AS-10045,Aaron Smayling,East,Office Supplies,,65.78,32.23,,0
AS-10045,Aaron Smayling,South,Office Supplies,Binders,44.51,-33.69,11,0.7
AS-10045,Aaron Smayling,South,Office Supplies,Storage,31.4,,2,0
AS-10045,Aaron Smayling,South,Technology,Machines,695.7,-27.83,2,0.5
AS-10045,Aaron Smayling,West,Furniture,Bookcases,477.67,84.29,2,0.15
AS-10045,Aaron Smayling,West,Furniture,Tables,171.29,-6.42,3,0.2
AS-10045,Aaron Smayling,West,Office Supplies,,88.07,-58.72,7,0.7
AS-10090,Adam Shillingsburg,Central,Furniture,Tables,1024.38,215.12,7,0
AS-10090,Adam Shillingsburg,Central,,Binders,19.13,4.68,6,0.4
AS-10090,Adam Shillingsburg,Central,Office Supplies,Envelopes,54.62,25.67,8,0
AS-10090,Adam Shillingsburg,Central,Office Supplies,Labels,11.04,3.86,4,0.2
AS-10090,Adam Shillingsburg,Central,Office Supplies,Paper,17.34,8.5,3,0
AS-10090,Adam Shillingsburg,Central,,Storage,125.81,16.59,12,0.13
AS-10090,Adam Shillingsburg,East,Furniture,Bookcases,,-44.2,2,0.2
AS-10090,Adam Shillingsburg,East,,Chairs,579.53,83.71,4,0.1
AS-10090,Adam Shillingsburg,East,Furniture,Furnishings,119.95,37.33,6,0.1
AS-10090,Adam Shillingsburg,East,Office Supplies,Art,13.04,5.74,4,0
AS-10090,Adam Shillingsburg,East,Office Supplies,Binders,768.33,-340.68,,
AS-10090,Adam Shillingsburg,East,Technology,Accessories,,34.19,5,0.2
AS-10090,Adam Shillingsburg,South,Office Supplies,Art,34.65,10.4,3,0
AS-10090,Adam Shillingsburg,West,Office Supplies,Appliances,,3.63,1,
AS-10135,Adrian Shami,East,Office Supplies,Binders,41.28,13.93,6,0.2
AS-10135,Adrian Shami,East,Office Supplies,Paper,13.36,6.41,2,0
AS-10135,Adrian Shami,West,Furniture,Furnishings,,1.5,1,
AS-10225,Alan Schoenberger,East,Furniture,Furnishings,,12.86,2,0
AS-10225,Alan Schoenberger,South,Furniture,Chairs,545.88,70.96,6,
AS-10225,Alan Schoenberger,South,,Storage,275.97,11.04,3,0
AS-10225,Alan Schoenberger,South,,Phones,1394.95,362.69,,0
AS-10225,Alan Schoenberger,West,Furniture,Bookcases,1292.94,77.58,3,0
AS-10225,Alan Schoenberger,West,Office Supplies,Appliances,69.48,20.84,1,
AS-10225,Alan Schoenberger,West,,Binders,48.14,16.73,8,0.2
AS-10225,Alan Schoenberger,West,Office Supplies,Labels,14.4,,5,0
AS-10225,Alan Schoenberger,West,Office Supplies,Paper,164.88,80.79,3,0
AS-10225,Alan Schoenberger,West,Office Supplies,Storage,261.74,65.44,2,0
AS-10225,Alan Schoenberger,West,Technology,Accessories,,-6.21,3,0.2
AS-10240,Alan Shonely,East,Furniture,Furnishings,17.92,2.46,5,0.2
AS-10240,Alan Shonely,East,Office Supplies,Appliances,33.53,2.51,3,0.2
AS-10240,Alan Shonely,East,Office Supplies,Binders,41.26,-34.38,6,0.7
AS-10240,Alan Shonely,East,Office Supplies,Paper,10.37,3.63,2,0.2
AS-10240,Alan Shonely,East,Office Supplies,Storage,36.74,3.67,3,0.2
AS-10240,Alan Shonely,South,Furniture,Furnishings,45.7,5.14,3,0.2
AS-10240,Alan Shonely,South,Office Supplies,,5.56,1.45,2,0
AS-10240,Alan Shonely,South,Office Supplies,Binders,50.41,-37.2,7,
AS-10240,Alan Shonely,South,,,131.9,,,0.2
AS-10240,Alan Shonely,South,Office Supplies,,142.78,17.85,1,
AS-10240,Alan Shonely,West,Office Supplies,Appliances,60.81,17.03,3,0
AS-10240,Alan Shonely,West,Office Supplies,,7.64,,1,
AS-10285,Alejandro Savely,Central,Furniture,Tables,2678.94,241.1,6,0
AS-10285,Alejandro Savely,Central,Office Supplies,Binders,1.96,-3.24,2,0.8
AS-10285,Alejandro Savely,Central,Office Supplies,Paper,82.66,31,9,0.2
AS-10285,Alejandro Savely,Central,Technology,Accessories,116.31,23.26,7,0.2
AS-10285,Alejandro Savely,East,Technology,Phones,23.99,-15.99,2,0.4
AS-10285,Alejandro Savely,West,Furniture,Furnishings,209.88,35.68,3,0
AS-10285,Alejandro Savely,West,Office Supplies,Binders,49.54,17.34,3,
AS-10285,Alejandro Savely,West,Office Supplies,Paper,50.96,25.48,7,0
AS-10630,Ann Steele,Central,Office Supplies,Envelopes,27.97,9.44,4,0.2
AS-10630,Ann Steele,Central,Office Supplies,Labels,,2.59,2,0.2
AS-10630,Ann Steele,Central,Technology,Machines,336.51,44.87,3,0.4
AS-10630,Ann Steele,East,Office Supplies,Fasteners,5.68,1.92,2,0.2
AS-10630,Ann Steele,South,Furniture,Furnishings,13.28,6.37,2,0
AS-10630,Ann Steele,South,Office Supplies,Art,15.53,4.85,3,0.2
AS-10630,Ann Steele,South,Office Supplies,Labels,21.17,7.23,7,0.2
AS-10630,Ann Steele,West,Furniture,Chairs,129.57,-12.96,2,0.2
AS-10630,Ann Steele,West,Office Supplies,Binders,6.37,2.15,2,0.2
AS-10630,Ann Steele,West,Office Supplies,Storage,269.36,70.03,7,0
AT-10435,Alyssa Tate,East,Office Supplies,Art,11.12,2.89,4,0
AT-10435,Alyssa Tate,East,Office Supplies,Binders,,-4.59,3,
AT-10435,Alyssa Tate,South,,Binders,3.44,-2.53,1,0.7
AT-10435,Alyssa Tate,West,Furniture,Furnishings,9.94,3.08,2,0
AT-10435,Alyssa Tate,West,Furniture,Tables,896.33,22.41,9,0.2
AT-10435,Alyssa Tate,West,Office Supplies,,189,68.04,1,
AT-10435,Alyssa Tate,West,Office Supplies,Art,11.16,2.79,2,0
AT-10435,Alyssa Tate,West,Office Supplies,Labels,11.56,5.43,4,0
AT-10435,Alyssa Tate,West,Technology,Phones,33.52,3.35,2,
AT-10735,Annie Thurman,Central,Technology,Accessories,223.96,11.2,5,
AT-10735,Annie Thurman,Central,Technology,,175.94,14,7,
AT-10735,Annie Thurman,East,Furniture,Furnishings,124.36,27.36,2,0
AT-10735,Annie Thurman,East,,Appliances,2671.08,748.82,10,0
AT-10735,Annie Thurman,East,Office Supplies,Art,17.94,4.49,3,0
AT-10735,Annie Thurman,East,Office Supplies,Binders,50.12,20.27,8,0.1
AT-10735,Annie Thurman,East,Office Supplies,Storage,262.66,51.27,5,0
AT-10735,Annie Thurman,South,Office Supplies,Paper,,49.73,11,0.2
AT-10735,Annie Thurman,West,Office Supplies,Appliances,97.16,28.18,,0
AT-10735,Annie Thurman,West,Office Supplies,Binders,55.36,18.68,4,
AT-10735,Annie Thurman,West,Office Supplies,Fasteners,5.94,0.12,3,0
AW-10840,Anthony Witt,Central,,Binders,8.78,-13.62,4,0.8
AW-10840,Anthony Witt,Central,Technology,Accessories,21.48,-0.27,3,
AW-10840,Anthony Witt,East,Furniture,Furnishings,310.88,23.32,2,0.2
AW-10840,Anthony Witt,East,,Paper,10.37,3.63,2,
AW-10840,Anthony Witt,West,Office Supplies,Art,9.4,2.73,5,0
AW-10840,Anthony Witt,West,Office Supplies,,74,37,5,0
AW-10840,Anthony Witt,West,Office Supplies,Supplies,12.88,0.39,1,0
AW-10840,Anthony Witt,West,Technology,Phones,201.58,12.6,2,0.2
AW-10930,Arthur Wiediger,Central,Furniture,Chairs,379.37,-119.23,2,0.3
AW-10930,Arthur Wiediger,Central,Furniture,,6.98,-4.54,2,0.6
AW-10930,Arthur Wiediger,Central,Office Supplies,Appliances,64.38,-160.96,4,0.8
AW-10930,Arthur Wiediger,Central,Office Supplies,Art,11.26,3.94,8,0.2
AW-10930,Arthur Wiediger,Central,Office Supplies,Binders,31.46,-49.06,9,0.8
AW-10930,Arthur Wiediger,Central,Office Supplies,Envelopes,15.28,7.49,2,0
AW-10930,Arthur Wiediger,Central,Office Supplies,Paper,15.55,5.64,,0.2
AW-10930,Arthur Wiediger,Central,Office Supplies,Storage,1185.46,62.65,13,0.1
AW-10930,Arthur Wiediger,Central,,Phones,38.27,3.83,4,0.2
AW-10930,Arthur Wiediger,East,Office Supplies,,4.93,1.72,2,0.2
AW-10930,Arthur Wiediger,West,Furniture,,63.98,21.75,7,0
AW-10930,Arthur Wiediger,West,Office Supplies,Binders,6.67,,3,0.2
AW-10930,Arthur Wiediger,West,Technology,Phones,,120.05,9,0.2
AY-10555,Andy Yotov,East,Office Supplies,Art,8.02,1.1,3,0.2
AY-10555,Andy Yotov,West,Furniture,Chairs,178.75,15.25,4,0.2
AY-10555,Andy Yotov,West,Furniture,,144.03,36.13,11,0
AY-10555,Andy Yotov,West,Office Supplies,Binders,24.32,,5,0.2
AY-10555,Andy Yotov,West,Office Supplies,Paper,74.92,,4,
AY-10555,Andy Yotov,West,Technology,Phones,66.98,6.7,7,0.2
AZ-10750,Annie Zypern,Central,Office Supplies,Art,125.98,15.53,6,0.2
AZ-10750,Annie Zypern,Central,Office Supplies,,20.74,7.32,4,0.2
AZ-10750,Annie Zypern,East,Furniture,Chairs,366.79,65.21,7,
AZ-10750,Annie Zypern,East,Office Supplies,Storage,36.63,,3,0
AZ-10750,Annie Zypern,West,Furniture,Tables,557.73,6.97,4,0.2
AZ-10750,Annie Zypern,West,Office Supplies,Art,64.14,16.68,3,0
AZ-10750,Annie Zypern,West,Office Supplies,Labels,14.73,7.22,3,0
AZ-10750,Annie Zypern,West,Office Supplies,Storage,186.54,50.37,3,0
AZ-10750,Annie Zypern,West,Technology,Phones,248.74,,,0.2
BB-10990,Barry Blumstein,Central,Office Supplies,Binders,,-47,7,0.8
BB-10990,Barry Blumstein,Central,Technology,Phones,344.7,38.78,2,0.2
BB-10990,Barry Blumstein,East,Office Supplies,Appliances,17.48,1.31,5,0.2
BB-10990,Barry Blumstein,West,Office Supplies,,30.14,3.01,2,0.2
BB-10990,Barry Blumstein,West,Office Supplies,Art,5.98,1.55,1,0
BB-10990,Barry Blumstein,West,,Fasteners,31.56,9.86,5,0.2
BB-10990,Barry Blumstein,West,Office Supplies,Paper,,4.06,2,0
BB-10990,Barry Blumstein,West,Office Supplies,Storage,276.28,0,2,0
BB-11545,Brenda Bowman,Central,Furniture,Chairs,47.99,-2.06,2,0.3
BB-11545,Brenda Bowman,Central,Furniture,Tables,1568.61,329.41,9,0
BB-11545,Brenda Bowman,Central,Office Supplies,Appliances,24.59,-67.62,3,0.8
BB-11545,Brenda Bowman,Central,Office Supplies,Art,5.34,0.73,,0.2
BB-11545,Brenda Bowman,Central,Office Supplies,Binders,26.98,-7.41,8,0.53
BB-11545,Brenda Bowman,Central,,Paper,42.43,16.31,10,0.1
BB-11545,Brenda Bowman,Central,Technology,Accessories,255.97,63.6,12,0.1
BB-11545,Brenda Bowman,East,Furniture,Chairs,1992.84,399.33,8,0
BB-11545,Brenda Bowman,East,Office Supplies,Appliances,26.49,,1,0
BB-11545,Brenda Bowman,East,Office Supplies,,237.42,64.63,8,0
BB-11545,Brenda Bowman,South,,Appliances,1158.12,130.29,5,0.2
BB-11545,Brenda Bowman,West,Furniture,Chairs,1159.06,43.46,9,0.2
BB-11545,Brenda Bowman,West,Office Supplies,Art,179.9,44.97,,0
BB-11545,Brenda Bowman,West,,,39.99,,1,0.2
BC-11125,Becky Castell,Central,Furniture,Chairs,340.12,-9.72,6,0.3
BC-11125,Becky Castell,East,Furniture,,145.76,-8.1,2,0.1
BC-11125,Becky Castell,East,Furniture,Furnishings,82.64,7.44,2,0
BC-11125,Becky Castell,East,Office Supplies,Storage,31.02,8.07,2,0
BC-11125,Becky Castell,East,,Accessories,409.95,129.78,5,0.1
BC-11125,Becky Castell,West,Furniture,Chairs,1440.68,125.54,15,0.2
BC-11125,Becky Castell,West,Office Supplies,Art,150.18,22.15,18,0.08
BC-11125,Becky Castell,West,Office Supplies,Paper,12.96,,2,0
BC-11125,Becky Castell,West,Office Supplies,Storage,284.04,-40.81,7,0.2
BC-11125,Becky Castell,West,Technology,Accessories,36.32,10.9,1,0
BD-11320,Bill Donatelli,Central,Furniture,Chairs,2567.84,770.35,8,0
BD-11320,Bill Donatelli,Central,Office Supplies,Binders,64.75,29.14,5,0
BD-11320,Bill Donatelli,Central,Technology,Accessories,291.96,102.19,4,0
BD-11320,Bill Donatelli,East,Furniture,Chairs,,-14.08,5,0.3
BD-11320,Bill Donatelli,East,Office Supplies,Binders,29.7,13.36,5,0
BD-11320,Bill Donatelli,East,Office Supplies,Paper,39.96,,,0
BD-11320,Bill Donatelli,West,Furniture,Chairs,1121.57,0,2,0.2
BD-11320,Bill Donatelli,West,Furniture,Furnishings,330.87,49.71,,0
BD-11320,Bill Donatelli,West,Office Supplies,,117.49,41.12,,0.2
BD-11320,Bill Donatelli,West,Office Supplies,Labels,,5.43,4,0
BD-11320,Bill Donatelli,West,Office Supplies,Paper,,39.79,9,0
BD-11320,Bill Donatelli,West,Office Supplies,Storage,33.52,6.94,4,0
BD-11320,Bill Donatelli,West,Technology,Phones,532.6,32.56,,0.2
BD-11500,Bradley Drucker,Central,,Binders,2.95,-4.86,3,0.8
BD-11500,Bradley Drucker,Central,Office Supplies,Paper,341.33,107.62,17,0.2
BD-11500,Bradley Drucker,Central,,Accessories,468.9,206.32,6,0
BD-11500,Bradley Drucker,South,Furniture,Furnishings,62.72,24.46,4,0
BD-11500,Bradley Drucker,South,Office Supplies,Appliances,194.32,56.35,4,0
BD-11500,Bradley Drucker,South,Office Supplies,Envelopes,31.12,14.63,4,0
BD-11500,Bradley Drucker,South,Technology,Phones,2939.93,764.38,,
BD-11500,Bradley Drucker,West,Furniture,Bookcases,359.5,-29.61,3,0.15
BD-11500,Bradley Drucker,West,Office Supplies,Storage,10.48,2.83,1,0
BD-11560,Brendan Dodson,South,,Accessories,151.96,36.47,4,0
BD-11560,Brendan Dodson,West,Office Supplies,,,80.24,7,0
BD-11605,Brian Dahlen,East,Furniture,Chairs,170.79,0,1,
BD-11605,Brian Dahlen,East,Office Supplies,Fasteners,66.6,31.3,15,0
BD-11605,Brian Dahlen,South,Furniture,Furnishings,29.16,10.79,2,0
BD-11605,Brian Dahlen,South,Furniture,Tables,343.92,,4,0
BD-11605,Brian Dahlen,South,Office Supplies,Art,56.3,15.76,2,0
BD-11605,Brian Dahlen,South,Office Supplies,Binders,36.26,16.68,7,0
BD-11605,Brian Dahlen,South,Office Supplies,Envelopes,63.9,28.75,5,
BD-11605,Brian Dahlen,South,Office Supplies,Labels,235.94,85.53,3,0.2
BD-11605,Brian Dahlen,South,Office Supplies,Paper,73.39,35.64,6,0
BD-11605,Brian Dahlen,South,Technology,Accessories,,12.66,9,0.1
BD-11605,Brian Dahlen,West,Furniture,,334,3.93,3,0.15
BD-11605,Brian Dahlen,West,Furniture,Chairs,195.14,-12.2,4,0.2
BD-11605,Brian Dahlen,West,Office Supplies,Appliances,152.91,42.81,3,
BD-11605,Brian Dahlen,West,Office Supplies,Art,,6.57,5,0
BD-11605,Brian Dahlen,West,,,64.3,21.34,7,0.2
BD-11605,Brian Dahlen,West,Office Supplies,Paper,,41.82,3,0
BD-11605,Brian Dahlen,West,Office Supplies,Storage,1325.85,238.65,5,0
BD-11620,Brian DeCherney,Central,Furniture,Tables,248.98,54.78,2,0
BD-11620,Brian DeCherney,Central,Office Supplies,Storage,333.09,23.32,3,0
BD-11620,Brian DeCherney,East,Office Supplies,Binders,33.57,11.75,2,0.2
BD-11620,Brian DeCherney,East,,,5.98,-1.35,2,0.2
BD-11620,Brian DeCherney,East,Technology,Phones,108.58,-25.33,,0.4
BD-11620,Brian DeCherney,South,Office Supplies,Paper,310.69,108.74,7,0.2
BD-11620,Brian DeCherney,West,Furniture,Chairs,194.85,,4,0.2
BD-11620,Brian DeCherney,West,Technology,Phones,302.38,22.68,3,0.2
BD-11635,Brian Derr,East,Furniture,Chairs,164.65,12.81,3,0.1
BD-11635,Brian Derr,East,Office Supplies,Appliances,91.92,11.49,5,0.2
BD-11635,Brian Derr,East,,Binders,232.4,78.43,5,0.2
BD-11635,Brian Derr,East,Office Supplies,Paper,22.68,11.11,2,0
BD-11635,Brian Derr,South,Technology,Accessories,71,27.69,4,0
BD-11725,Bruce Degenhardt,East,Office Supplies,,46.72,17.52,5,0.2
BD-11725,Bruce Degenhardt,South,Furniture,Bookcases,241.96,,2,0
BD-11725,Bruce Degenhardt,South,Furniture,Chairs,70.98,4.97,1,0
BD-11725,Bruce Degenhardt,South,Furniture,Furnishings,,3.04,3,0
BD-11725,Bruce Degenhardt,South,Office Supplies,,3.89,1.87,1,
BD-11725,Bruce Degenhardt,South,Office Supplies,Labels,294.93,144.52,3,0
BD-11725,Bruce Degenhardt,South,Office Supplies,Storage,675.06,,3,0
BD-11725,Bruce Degenhardt,West,,Furnishings,133.2,15.59,6,0
BD-11725,Bruce Degenhardt,West,Office Supplies,Labels,51.75,,5,0
BD-11770,Bryan Davis,Central,Office Supplies,,,,3,0.2
BD-11770,Bryan Davis,East,Furniture,Bookcases,,30.1,1,
BD-11770,Bryan Davis,East,Office Supplies,Art,4.77,0.48,2,0.2
BD-11770,Bryan Davis,East,Office Supplies,Storage,83.36,20.84,1,0
BD-11770,Bryan Davis,East,Technology,Accessories,99.96,22.49,4,0.1
BD-11770,Bryan Davis,West,Office Supplies,Binders,53.88,18.32,6,0.2
BD-11770,Bryan Davis,West,Office Supplies,Labels,,3.47,2,0
BD-11770,Bryan Davis,West,Office Supplies,,,40.17,2,0
BE-11335,Bill Eplett,Central,,Envelopes,20.94,7.07,1,0.2
BE-11335,Bill Eplett,Central,Office Supplies,Storage,352.38,81.05,2,
BE-11335,Bill Eplett,Central,Technology,Accessories,1928.78,829.38,7,0
BE-11335,Bill Eplett,Central,,Phones,1199.8,323.95,4,0
BE-11335,Bill Eplett,East,Furniture,Furnishings,,14.46,4,0
BE-11335,Bill Eplett,East,Office Supplies,Paper,181.88,88.12,7,0
BE-11335,Bill Eplett,East,,Phones,269.98,67.5,2,0
BE-11335,Bill Eplett,West,Furniture,Furnishings,,,8,0
BE-11410,Bobby Elias,Central,Office Supplies,Envelopes,268.58,90.64,4,0.2
BE-11410,Bobby Elias,Central,Technology,Accessories,1649.75,544.42,5,0
BE-11410,Bobby Elias,East,Office Supplies,Paper,30.35,10.62,2,
BE-11410,Bobby Elias,South,Office Supplies,Paper,251.64,88.07,3,0.2
BE-11410,Bobby Elias,West,Office Supplies,Binders,61.12,22.16,5,0.2
BE-11455,Brad Eason,Central,Office Supplies,Appliances,54.48,15.25,1,0
BE-11455,Brad Eason,Central,Office Supplies,Art,107.94,26.98,3,
BE-11455,Brad Eason,Central,Office Supplies,Binders,25.9,12.69,5,0
BE-11455,Brad Eason,East,Furniture,Chairs,110.98,15.54,1,0
BE-11455,Brad Eason,East,Furniture,Furnishings,54.71,11.63,7,0.2
BE-11455,Brad Eason,East,Office Supplies,,8.7,-6.38,5,0.7
BE-11455,Brad Eason,East,Office Supplies,Fasteners,,1.71,2,0.2
BE-11455,Brad Eason,East,Office Supplies,Paper,57.97,19.61,4,0.1
BE-11455,Brad Eason,East,Office Supplies,Storage,848.54,-21.21,4,0.2
BE-11455,Brad Eason,East,,Accessories,199.98,83.99,2,0
BE-11455,Brad Eason,East,,Phones,251.23,-20.61,6,0.2
BF-10975,Barbara Fisher,Central,Office Supplies,Binders,4.91,2.31,,0
BF-10975,Barbara Fisher,Central,,,323.63,155.07,5,0
BF-10975,Barbara Fisher,East,Office Supplies,Art,29.06,7.38,7,0
BF-10975,Barbara Fisher,East,Office Supplies,Labels,20.66,6.97,7,0.2
BF-10975,Barbara Fisher,South,Furniture,Furnishings,49.06,12.87,6,0.2
BF-10975,Barbara Fisher,South,Office Supplies,Appliances,62.92,10.22,1,0.2
BF-10975,Barbara Fisher,South,Office Supplies,Binders,7.23,-5.78,5,0.7
BF-10975,Barbara Fisher,South,Office Supplies,Labels,17.54,5.92,3,0.2
BF-10975,Barbara Fisher,South,Office Supplies,Paper,84.78,32.47,3,0.1
BF-11005,Barry Franz,Central,Furniture,Furnishings,327.42,-388.28,10,0.6
BF-11005,Barry Franz,West,Office Supplies,Appliances,8.62,2.24,1,0
BF-11005,Barry Franz,West,Office Supplies,Art,20.14,3.81,,0.1
BF-11005,Barry Franz,West,Office Supplies,Fasteners,9.02,3.52,2,
BF-11005,Barry Franz,West,Office Supplies,,62.54,16.29,3,0
BF-11005,Barry Franz,West,Technology,Phones,906.14,71.04,6,0.2
BF-11020,Barry Französisch,Central,Furniture,Chairs,466.8,-54.12,7,0.3
BF-11020,Barry Französisch,Central,Furniture,Furnishings,81.47,-38.78,,0.6
BF-11020,Barry Französisch,Central,,Binders,42.62,-68.19,7,0.8
BF-11020,Barry Französisch,Central,Office Supplies,Fasteners,48.55,16.32,6,0.2
BF-11020,Barry Französisch,Central,Office Supplies,Paper,67.14,25.18,17,0.13
BF-11020,Barry Französisch,Central,Technology,,319.98,107.99,2,0.2
BF-11020,Barry Französisch,East,Technology,Machines,,269.31,4,0
BF-11020,Barry Französisch,South,Furniture,Chairs,218.35,-19.11,3,0.2
BF-11020,Barry Französisch,South,Office Supplies,Appliances,20.81,1.82,3,0.2
BF-11020,Barry Französisch,South,Office Supplies,Labels,6.26,2.04,3,0.2
BF-11020,Barry Französisch,South,Technology,,23.98,-5.69,3,0.2
BF-11020,Barry Französisch,West,Furniture,Tables,,15.35,2,0.2
BF-11020,Barry Französisch,West,Office Supplies,Binders,33.9,,7,0.2
BF-11020,Barry Französisch,West,Technology,Phones,386.37,37.98,4,0.2
BF-11080,Bart Folk,East,Office Supplies,Appliances,90.86,26.35,7,0
BF-11080,Bart Folk,East,Office Supplies,Labels,11.07,5.2,3,0
BF-11080,Bart Folk,East,Office Supplies,,156.35,75.41,16,0
BF-11080,Bart Folk,South,Office Supplies,Art,,3.96,3,0
BF-11170,Ben Ferrer,Central,Furniture,Furnishings,22.61,-10.17,3,0.6
BF-11170,Ben Ferrer,Central,,Fasteners,16,5.6,4,0.2
BF-11170,Ben Ferrer,Central,Technology,Phones,222.38,16.68,2,0.2
BF-11170,Ben Ferrer,East,Furniture,Tables,1096.86,-84.78,9,0.2
BF-11170,Ben Ferrer,East,Office Supplies,Fasteners,99.52,38.98,26,0.07
BF-11170,Ben Ferrer,East,,Labels,7.83,3.6,3,0
BF-11170,Ben Ferrer,East,Office Supplies,Storage,674.28,-48.22,4,0.1
BF-11170,Ben Ferrer,East,Office Supplies,Supplies,77.67,24.39,9,0
BF-11170,Ben Ferrer,East,Technology,Copiers,2417.24,944.1,10,0
BF-11170,Ben Ferrer,South,Furniture,Furnishings,18.62,6.29,8,0.2
BF-11170,Ben Ferrer,South,Office Supplies,Binders,,635.5,1,0
BF-11170,Ben Ferrer,South,Office Supplies,Envelopes,137.58,63.35,10,
BF-11170,Ben Ferrer,South,Office Supplies,Paper,172,59.74,5,0.2
BF-11170,Ben Ferrer,South,Technology,Accessories,167.94,50.38,7,0.2
BF-11170,Ben Ferrer,South,Technology,Phones,36.79,4.14,1,0.2
BF-11170,Ben Ferrer,West,Furniture,Furnishings,33.97,,,
BF-11170,Ben Ferrer,West,Office Supplies,Appliances,361.96,101.35,2,0
BF-11170,Ben Ferrer,West,Office Supplies,Binders,14.98,5.43,9,0.2
BF-11170,Ben Ferrer,West,Office Supplies,Storage,270.09,45.16,10,0
BF-11170,Ben Ferrer,West,Technology,Accessories,62.85,13.2,3,0
BF-11170,Ben Ferrer,West,Technology,Phones,1247.97,97.31,18,
BF-11215,Benjamin Farhat,Central,Furniture,Tables,692.94,173.24,3,0
BF-11215,Benjamin Farhat,Central,Office Supplies,Storage,55.62,5.56,2,0.2
BF-11215,Benjamin Farhat,East,Furniture,Furnishings,56.52,21.48,9,0
BF-11215,Benjamin Farhat,West,Office Supplies,,333.6,160.13,13,0
BF-11215,Benjamin Farhat,West,,Storage,90.8,25.42,8,
BF-11215,Benjamin Farhat,West,Technology,Accessories,214.95,88.13,5,0
BF-11215,Benjamin Farhat,West,Technology,Phones,,,,0.2
BF-11275,Beth Fritzler,South,Office Supplies,Appliances,41.91,10.9,3,0
BF-11275,Beth Fritzler,South,Technology,Phones,361.38,27.1,,0.2
BF-11275,Beth Fritzler,West,Furniture,,314.35,-35.36,3,0.2
BF-11275,Beth Fritzler,West,Office Supplies,Paper,74.35,23.23,3,0.2
BG-11035,Barry Gonzalez,Central,Office Supplies,,3.49,0.57,2,0.2
BG-11035,Barry Gonzalez,Central,,Paper,15.23,5.52,4,0.2
BG-11035,Barry Gonzalez,Central,Office Supplies,Storage,152.69,-26.72,2,0.2
BG-11035,Barry Gonzalez,Central,Office Supplies,Supplies,5.89,-1.32,2,0.2
BG-11035,Barry Gonzalez,Central,Technology,Phones,67.18,6.72,3,0.2
BG-11035,Barry Gonzalez,South,Furniture,Chairs,149.9,40.47,5,0
BG-11035,Barry Gonzalez,South,Office Supplies,Art,38.34,3.9,,0.1
BG-11035,Barry Gonzalez,South,Office Supplies,Binders,1369.76,-913.18,6,0.7
BG-11035,Barry Gonzalez,South,Office Supplies,Paper,42.21,13.72,2,0.2
BG-11035,Barry Gonzalez,South,Office Supplies,,294.37,-58.87,4,0.2
BG-11035,Barry Gonzalez,South,Technology,Accessories,659.9,217.77,2,
BG-11695,Brooke Gillingham,Central,Furniture,Chairs,845.49,-12.08,8,0.3
BG-11695,Brooke Gillingham,Central,Office Supplies,,33.29,7.99,1,0
BG-11695,Brooke Gillingham,East,Office Supplies,Appliances,35.91,9.7,3,0
BG-11695,Brooke Gillingham,East,Office Supplies,Art,59.52,15.48,3,
BG-11695,Brooke Gillingham,East,Office Supplies,Binders,13.17,4.61,2,0.2
BG-11695,Brooke Gillingham,East,Office Supplies,,17.48,8.22,2,0
BG-11695,Brooke Gillingham,East,Technology,Copiers,839.99,70,2,0.4
BG-11695,Brooke Gillingham,West,Furniture,Furnishings,29.33,3.67,3,0.2
BG-11740,Bruce Geld,Central,Office Supplies,,10.78,0.81,1,0.2
BG-11740,Bruce Geld,East,Furniture,Furnishings,60.31,5.28,3,0.2
BG-11740,Bruce Geld,South,Office Supplies,Labels,9.91,3.22,3,0.2
BG-11740,Bruce Geld,West,,Furnishings,47.04,15.99,4,0
BG-11740,Bruce Geld,West,Furniture,,,36.48,4,0.2
BG-11740,Bruce Geld,West,Office Supplies,Art,51.98,15.07,2,0
BG-11740,Bruce Geld,West,Technology,Phones,,42.49,5,0.2
BG-18435,Bruce Galang,East,Furniture,Furnishings,443.42,140.1,,
BG-18435,Bruce Galang,East,Office Supplies,Fasteners,166.46,68.56,27,0
BH-11710,Brosina Hoffman,Central,Furniture,Chairs,797.94,,4,0.3
BH-11710,Brosina Hoffman,Central,Furniture,,10.98,,2,0.6
BH-11710,Brosina Hoffman,Central,,,5.76,1.73,2,0
BH-11710,Brosina Hoffman,Central,Office Supplies,Fasteners,5.81,1.8,1,
BH-11710,Brosina Hoffman,Central,,Paper,9.54,4.29,2,
BH-11710,Brosina Hoffman,East,Office Supplies,Binders,,219.45,,0
BH-11710,Brosina Hoffman,East,Office Supplies,Paper,166.44,79.89,3,0
BH-11710,Brosina Hoffman,East,Technology,Accessories,36.05,-0.9,3,0.2
BH-11710,Brosina Hoffman,East,,Phones,479.95,129.59,5,
BH-11710,Brosina Hoffman,South,Office Supplies,,320.64,89.78,4,0
BH-11710,Brosina Hoffman,South,Office Supplies,,8.48,-6.42,7,0.7
BH-11710,Brosina Hoffman,South,Office Supplies,Envelopes,18.34,6.65,,0.2
BH-11710,Brosina Hoffman,South,Office Supplies,Paper,36.29,12.7,,0.2
BH-11710,Brosina Hoffman,South,Technology,Accessories,52,23.4,4,
BH-11710,Brosina Hoffman,South,Technology,Machines,32.98,-1.98,3,0.5
BH-11710,Brosina Hoffman,South,,,111.98,7,2,0.2
BH-11710,Brosina Hoffman,West,Furniture,Furnishings,48.86,14.17,7,0
BH-11710,Brosina Hoffman,West,Furniture,Tables,1706.18,,9,0.2
BH-11710,Brosina Hoffman,West,,Appliances,,34.47,5,0
BH-11710,Brosina Hoffman,West,Office Supplies,Art,7.28,,4,0
BH-11710,Brosina Hoffman,West,Office Supplies,Binders,18.5,5.78,3,0.2
BH-11710,Brosina Hoffman,West,Technology,Phones,1818.58,,10,0.2
BK-11260,Berenike Kampe,Central,Furniture,Furnishings,10.78,-4.85,3,0.6
BK-11260,Berenike Kampe,Central,Furniture,Tables,214.95,-120.37,5,0.5
BK-11260,Berenike Kampe,Central,Office Supplies,Appliances,14.02,-31.54,4,0.8
BK-11260,Berenike Kampe,Central,Office Supplies,Binders,4.6,-8.05,2,0.8
BK-11260,Berenike Kampe,Central,Office Supplies,Storage,35.17,-8.35,2,0.2
BK-11260,Berenike Kampe,Central,Technology,Phones,35.04,-7.01,4,0.2
BK-11260,Berenike Kampe,East,Office Supplies,Paper,39.96,18.78,,0
BK-11260,Berenike Kampe,East,Office Supplies,Storage,21.36,5.77,2,0
BK-11260,Berenike Kampe,East,Office Supplies,Supplies,102.3,26.6,10,0
BK-11260,Berenike Kampe,West,Furniture,Furnishings,6.96,2.23,4,0
BK-11260,Berenike Kampe,West,Office Supplies,,17.57,6.37,2,0.2
BK-11260,Berenike Kampe,West,Office Supplies,Labels,14.62,6.87,,0
BK-11260,Berenike Kampe,West,Office Supplies,Paper,40.14,19.67,6,0
BK-11260,Berenike Kampe,West,Office Supplies,Supplies,55.32,14.82,6,0
BK-11260,Berenike Kampe,West,Technology,Accessories,46.36,15.3,4,0
BM-11140,Becky Martin,Central,Furniture,,1740.06,-24.86,9,0.3
BM-11140,Becky Martin,Central,Office Supplies,Appliances,177.98,-453.85,5,0.8
BM-11140,Becky Martin,Central,Office Supplies,Art,42,9.55,9,0.2
BM-11140,Becky Martin,Central,Office Supplies,,275.93,-58.63,3,0.2
BM-11140,Becky Martin,Central,Technology,Machines,8159.95,,8,
BM-11140,Becky Martin,Central,Technology,Phones,143.98,9,3,0.2
BM-11140,Becky Martin,East,Furniture,Furnishings,113.79,20.48,3,0
BM-11140,Becky Martin,East,Office Supplies,Binders,1.73,0.6,1,0.2
BM-11140,Becky Martin,East,Office Supplies,Paper,40.56,19.87,4,0
BM-11140,Becky Martin,East,Office Supplies,Storage,376.8,,5,0
BM-11140,Becky Martin,East,Technology,Accessories,,34.39,1,0
BM-11140,Becky Martin,West,Furniture,Chairs,215.98,-2.7,3,0.2
BM-11140,Becky Martin,West,Office Supplies,Appliances,356.79,99.9,7,0
BM-11140,Becky Martin,West,Office Supplies,Envelopes,65.94,30.99,,0
BM-11575,Brendan Murry,Central,Furniture,Furnishings,24.5,-11.17,,0.6
BM-11575,Brendan Murry,Central,Office Supplies,Storage,195.14,-43.91,4,0.2
BM-11575,Brendan Murry,East,Furniture,,220.32,39.43,4,0.1
BM-11575,Brendan Murry,East,Office Supplies,Binders,79.87,29.95,3,0.2
BM-11575,Brendan Murry,East,,Paper,12.96,6.22,2,0
BM-11575,Brendan Murry,East,Technology,Phones,231.98,,2,0
BM-11575,Brendan Murry,West,Office Supplies,Storage,15.51,3.88,1,
BM-11575,Brendan Murry,West,Technology,Accessories,27.88,3.9,2,0
BM-11650,Brian Moss,Central,Furniture,Furnishings,46.94,19.25,1,0
BM-11650,Brian Moss,Central,Office Supplies,Appliances,91.63,23.64,8,0.03
BM-11650,Brian Moss,Central,Office Supplies,Binders,914.97,411.74,,0
BM-11650,Brian Moss,Central,Office Supplies,Envelopes,238.92,108.67,9,0
BM-11650,Brian Moss,Central,Office Supplies,Paper,46.14,18.54,,0.1
BM-11650,Brian Moss,Central,Office Supplies,Storage,530.34,95.46,2,0
BM-11650,Brian Moss,Central,Technology,Accessories,763.68,167.65,14,
BM-11650,Brian Moss,Central,Technology,,,167.21,6,0
BM-11650,Brian Moss,East,Furniture,Bookcases,186.05,9.3,4,0.2
BM-11650,Brian Moss,East,Office Supplies,Art,71.97,19.66,7,0
BM-11650,Brian Moss,East,Office Supplies,Binders,14.37,1,6,0.47
BM-11650,Brian Moss,East,Office Supplies,Paper,221.92,106.52,4,0
BM-11650,Brian Moss,East,Office Supplies,Storage,,631.48,12,0
BM-11650,Brian Moss,East,Technology,,852.62,367.15,5,
BM-11650,Brian Moss,West,Furniture,Bookcases,436,20.52,3,0.15
BM-11650,Brian Moss,West,Technology,Phones,83.98,,2,0.2
BM-11785,Bryan Mills,Central,Technology,Accessories,475.94,95.19,7,0.2
BM-11785,Bryan Mills,Central,Technology,Phones,419.94,52.49,7,0.2
BM-11785,Bryan Mills,East,Furniture,Bookcases,35.49,-15.62,1,0.5
BM-11785,Bryan Mills,East,Office Supplies,Art,13.36,4.94,2,0
BM-11785,Bryan Mills,East,Office Supplies,Binders,,-24.51,7,0.7
BM-11785,Bryan Mills,East,Office Supplies,Labels,5.9,1.99,2,0.2
BM-11785,Bryan Mills,East,Office Supplies,Supplies,13.71,1.03,2,
BM-11785,Bryan Mills,East,Technology,Accessories,71.98,-2.1,4,0.2
BM-11785,Bryan Mills,South,Furniture,Chairs,186.3,13.97,4,0.2
BM-11785,Bryan Mills,South,Technology,Accessories,23.08,6.92,2,0
BM-11785,Bryan Mills,West,Office Supplies,Storage,29.3,2.56,3,0.2
BM-11785,Bryan Mills,West,Office Supplies,Supplies,28.8,0.86,3,0
BN-11470,Brad Norvell,Central,Technology,Phones,49.62,4.96,2,
BN-11470,Brad Norvell,East,Office Supplies,,12.58,4.09,4,0.2
BN-11470,Brad Norvell,South,Office Supplies,Appliances,166.84,,5,0.2
BN-11470,Brad Norvell,South,Office Supplies,Paper,10.37,3.63,2,0.2
BN-11470,Brad Norvell,South,Technology,,15.22,2.28,1,0.2
BN-11470,Brad Norvell,West,Office Supplies,Storage,10.68,2.88,1,0
BN-11515,Bradley Nguyen,Central,Office Supplies,Appliances,93.78,36.57,2,0
BN-11515,Bradley Nguyen,Central,Office Supplies,,19.68,5.71,6,0
BN-11515,Bradley Nguyen,Central,Office Supplies,,89.28,42.32,16,0
BN-11515,Bradley Nguyen,Central,Office Supplies,Paper,,23.59,7,0
BN-11515,Bradley Nguyen,East,Furniture,Furnishings,190.58,66.48,17,0
BN-11515,Bradley Nguyen,East,Office Supplies,Appliances,242.9,70.44,5,0
BN-11515,Bradley Nguyen,East,Office Supplies,Binders,47.74,14.92,4,0.2
BN-11515,Bradley Nguyen,East,Office Supplies,Storage,454.9,0,,0
BN-11515,Bradley Nguyen,West,Furniture,Furnishings,35.34,13.43,2,0
BN-11515,Bradley Nguyen,West,Office Supplies,Art,12.51,3.5,5,0
BN-11515,Bradley Nguyen,West,Office Supplies,Binders,137.24,46.32,5,0.2
BN-11515,Bradley Nguyen,West,Office Supplies,Storage,,17.43,5,0
BO-11350,Bill Overfelt,Central,Furniture,Tables,1592.85,350.43,,
BO-11350,Bill Overfelt,Central,,Binders,11.88,5.35,2,0
BO-11350,Bill Overfelt,Central,Office Supplies,Labels,50.4,23.18,8,0
BO-11350,Bill Overfelt,East,Furniture,Furnishings,32.45,,2,0.2
BO-11350,Bill Overfelt,East,Furniture,Tables,,-112.04,,0.4
BO-11350,Bill Overfelt,East,Office Supplies,Binders,90.59,-62.53,9,0.7
BO-11350,Bill Overfelt,East,Office Supplies,Fasteners,8,2.8,2,0.2
BO-11350,Bill Overfelt,West,,Chairs,41.57,2.6,2,
BO-11350,Bill Overfelt,West,Furniture,Furnishings,210.58,12.63,2,0
BO-11350,Bill Overfelt,West,,Binders,30.96,10.06,2,0.2
BO-11350,Bill Overfelt,West,Technology,Machines,239.98,39,2,0.2
BO-11425,Bobby Odegard,East,Office Supplies,Art,6.08,,2,0
BO-11425,Bobby Odegard,South,Office Supplies,Binders,124.75,57.38,5,
BP-11050,Barry Pond,Central,Office Supplies,Binders,1.8,-2.88,,0.8
BP-11050,Barry Pond,Central,Office Supplies,Supplies,22.24,2.5,2,0.2
BP-11050,Barry Pond,East,Office Supplies,,606.16,78.73,5,0
BP-11050,Barry Pond,East,Technology,Machines,,118.37,8,0
BP-11050,Barry Pond,West,Office Supplies,Art,13.9,3.75,5,0
BP-11050,Barry Pond,West,Office Supplies,Envelopes,19.4,9.31,,0
BP-11095,Bart Pistole,Central,Office Supplies,Binders,12.46,-20.56,3,0.8
BP-11095,Bart Pistole,Central,Technology,Accessories,95.98,-10.8,3,0.2
BP-11095,Bart Pistole,East,Furniture,Bookcases,287.98,7.2,3,0.2
BP-11095,Bart Pistole,East,Office Supplies,Fasteners,5.92,2.84,4,0
BP-11095,Bart Pistole,East,Office Supplies,Paper,30.18,13.88,3,0
BP-11095,Bart Pistole,East,Technology,Phones,1738.66,510.1,20,0
BP-11095,Bart Pistole,South,Office Supplies,Binders,15.57,-11.94,,0.7
BP-11095,Bart Pistole,South,Office Supplies,Paper,88.77,31.07,2,0.2
BP-11095,Bart Pistole,West,Office Supplies,,43.92,11.86,4,0
BP-11095,Bart Pistole,West,,,99.2,25.79,5,0
BP-11095,Bart Pistole,West,Office Supplies,Binders,57.31,19.3,12,0.2
BP-11095,Bart Pistole,West,Office Supplies,Fasteners,31.98,11.86,,0.1
BP-11095,Bart Pistole,West,Office Supplies,,,6.87,2,0
BP-11095,Bart Pistole,West,Office Supplies,Paper,33.36,16.68,4,0
BP-11095,Bart Pistole,West,Technology,Phones,794.97,88.81,9,0.2
BP-11155,Becky Pak,East,Furniture,Chairs,121.96,20.73,2,0
BP-11155,Becky Pak,East,Office Supplies,,283.98,123.38,6,0
BP-11155,Becky Pak,East,Office Supplies,,,-1.02,7,0.35
BP-11155,Becky Pak,East,Office Supplies,Paper,111.08,50.97,6,0
BP-11155,Becky Pak,South,Furniture,Furnishings,18.84,7.91,3,0
BP-11155,Becky Pak,West,Office Supplies,Binders,,13.43,3,0.2
BP-11155,Becky Pak,West,Technology,Accessories,1109.95,,5,0
BP-11185,Ben Peterman,Central,Furniture,Bookcases,141.37,-14.14,2,0.3
BP-11185,Ben Peterman,Central,Furniture,Tables,103.48,-16.26,1,0.3
BP-11185,Ben Peterman,Central,Technology,Phones,,82.5,5,0.2
BP-11185,Ben Peterman,East,Office Supplies,Art,,,1,
BP-11185,Ben Peterman,East,Office Supplies,Binders,104.58,-80.18,6,0.7
BP-11185,Ben Peterman,East,Office Supplies,Paper,12.67,3.96,3,0.2
BP-11185,Ben Peterman,East,Technology,Accessories,1119.89,209.98,14,0.2
BP-11185,Ben Peterman,South,Office Supplies,Appliances,6.99,0.52,2,0.2
BP-11185,Ben Peterman,West,Furniture,Chairs,466.77,52.51,2,0.2
BP-11185,Ben Peterman,West,Furniture,,131.49,42.72,13,0.13
BP-11185,Ben Peterman,West,Office Supplies,Art,,5.29,3,0
BP-11185,Ben Peterman,West,Office Supplies,,85.5,30.18,,0.2
BP-11185,Ben Peterman,West,Office Supplies,Labels,6.26,2.04,3,0.2
BP-11185,Ben Peterman,West,,Storage,324.9,38.99,5,0
BP-11185,Ben Peterman,West,,,49.08,,3,0
BP-11230,Benjamin Patterson,Central,Office Supplies,Binders,6.38,2.93,,0
BP-11230,Benjamin Patterson,Central,,Paper,6.48,3.11,1,0
BP-11230,Benjamin Patterson,East,Technology,Phones,1022.97,-255.74,5,0.4
BP-11230,Benjamin Patterson,West,Furniture,Furnishings,74.68,31.84,6,0
BP-11230,Benjamin Patterson,West,Furniture,Tables,70.98,20.58,1,0
BP-11290,Beth Paige,Central,,Chairs,,-108.32,,0.3
BP-11290,Beth Paige,Central,Furniture,Furnishings,32.06,-12.83,3,0.6
BP-11290,Beth Paige,Central,Office Supplies,Paper,28.86,10.33,6,0.2
BP-11290,Beth Paige,East,Office Supplies,Appliances,130.11,13.01,,0.2
BP-11290,Beth Paige,East,Office Supplies,Binders,281.73,-234.77,6,
BP-11290,Beth Paige,East,Office Supplies,Fasteners,4.82,1.75,3,0.2
BP-11290,Beth Paige,East,,Paper,91.36,29.69,5,0.2
BP-11290,Beth Paige,South,Furniture,Chairs,,,5,0.2
BP-11290,Beth Paige,South,,Labels,6.26,2.04,3,0.2
BP-11290,Beth Paige,West,,,638.29,-31.91,7,0.2
BP-11290,Beth Paige,West,Furniture,Tables,435.17,7.32,4,0.2
BP-11290,Beth Paige,West,Office Supplies,Binders,13.21,4.62,1,0.2
BS-11365,Bill Shonely,Central,Furniture,Furnishings,57.69,23.65,3,0
BS-11365,Bill Shonely,Central,Technology,Accessories,6.9,0.55,1,0
BS-11365,Bill Shonely,East,Furniture,Chairs,887.1,177.42,7,0.1
BS-11365,Bill Shonely,East,Furniture,Furnishings,,3.29,2,0
BS-11365,Bill Shonely,East,,Binders,25.3,11.89,5,0
BS-11365,Bill Shonely,East,Technology,Machines,,2365.98,7,0
BS-11365,Bill Shonely,South,Office Supplies,Storage,344.91,10.35,3,0
BS-11365,Bill Shonely,West,Furniture,,,3.9,7,0
BS-11365,Bill Shonely,West,Office Supplies,Appliances,57.68,19.03,4,0
BS-11380,Bill Stewart,Central,Office Supplies,,12.62,3.94,,0.2
BS-11380,Bill Stewart,East,Office Supplies,Art,86.35,5.4,3,0.2
BS-11380,Bill Stewart,East,Office Supplies,Binders,590.35,206.62,,0.2
BS-11380,Bill Stewart,East,Technology,,139.96,-1.75,,
BS-11380,Bill Stewart,East,Technology,Copiers,899.98,75,,0.4
BS-11380,Bill Stewart,West,Furniture,Bookcases,,-363.53,8,0.7
BS-11380,Bill Stewart,West,Furniture,,906.68,68,5,0.2
BS-11380,Bill Stewart,West,Furniture,Furnishings,,0,6,0.2
BS-11380,Bill Stewart,West,Office Supplies,Binders,36.62,,,0.7
BS-11380,Bill Stewart,West,Office Supplies,Storage,357.23,22.57,4,0.1
BS-11380,Bill Stewart,West,Technology,Phones,106.98,-9.38,8,0.2
BS-11590,Brendan Sweed,Central,Office Supplies,Art,33.4,12.36,,0
BS-11590,Brendan Sweed,East,Furniture,Bookcases,61.96,-53.29,4,0.5
BS-11590,Brendan Sweed,East,Office Supplies,Appliances,,2.1,1,
BS-11590,Brendan Sweed,East,Office Supplies,Binders,30.25,-23.54,15,0.7
BS-11590,Brendan Sweed,East,Technology,Phones,337.98,101.39,,0
BS-11590,Brendan Sweed,South,,Chairs,701.96,168.47,2,0
BS-11590,Brendan Sweed,West,Office Supplies,Art,1113.02,111.3,8,0.2
BS-11590,Brendan Sweed,West,Technology,Phones,167.97,62.99,4,0.2
BS-11665,Brian Stugart,Central,Furniture,,30.76,-35.03,5,0.6
BS-11665,Brian Stugart,Central,Office Supplies,Storage,1297.37,97.3,9,0.2
BS-11665,Brian Stugart,East,,Accessories,86.38,1.08,3,0.2
BS-11665,Brian Stugart,West,,Chairs,225.57,2.82,2,0.2
BS-11665,Brian Stugart,West,Furniture,Furnishings,117.56,44.52,7,
BS-11665,Brian Stugart,West,,Paper,32.4,15.55,5,0
BS-11665,Brian Stugart,West,Office Supplies,Storage,1082.11,60.5,12,0
BS-11665,Brian Stugart,West,,Phones,,52,4,0.2
BS-11755,Bruce Stewart,Central,Furniture,Chairs,,35.1,3,0
BS-11755,Bruce Stewart,Central,Office Supplies,Paper,47.12,23.01,6,0
BS-11755,Bruce Stewart,Central,Office Supplies,Storage,496.86,24.84,7,0
BS-11755,Bruce Stewart,East,Furniture,Furnishings,,6.42,3,0.2
BS-11755,Bruce Stewart,East,Office Supplies,Appliances,195.1,21.95,4,0.2
BS-11755,Bruce Stewart,East,Technology,Phones,779.8,-168.96,2,0.4
BS-11755,Bruce Stewart,West,Furniture,Bookcases,120.67,18.45,2,0.15
BS-11755,Bruce Stewart,West,Furniture,Furnishings,68.46,20.54,,0
BS-11755,Bruce Stewart,West,Furniture,Tables,218.75,-161.88,2,0.5
BS-11755,Bruce Stewart,West,Office Supplies,Appliances,,48.58,3,0.1
BS-11755,Bruce Stewart,West,Office Supplies,Binders,25.82,9.04,6,0.2
BS-11755,Bruce Stewart,West,Office Supplies,Fasteners,19.6,,5,0
BS-11800,Bryan Spruell,East,Office Supplies,Art,35.97,,,0
BS-11800,Bryan Spruell,East,Office Supplies,Labels,18.46,9.05,5,0
BS-11800,Bryan Spruell,East,Office Supplies,,204.56,98.19,6,
BS-11800,Bryan Spruell,East,Office Supplies,Storage,501.81,0,3,0
BS-11800,Bryan Spruell,West,,Envelopes,124.46,58.5,2,0
BS-11800,Bryan Spruell,West,Office Supplies,,64.17,18.61,3,0
BT-11305,Beth Thompson,Central,Office Supplies,,17.12,4.96,4,0
BT-11305,Beth Thompson,West,Furniture,Chairs,1487.04,148.7,5,0.2
BT-11305,Beth Thompson,West,Furniture,Furnishings,532.81,151.32,,0
BT-11305,Beth Thompson,West,,Appliances,270.72,78.51,3,0
BT-11305,Beth Thompson,West,Office Supplies,Art,13.9,5.56,5,0
BT-11305,Beth Thompson,West,Office Supplies,Binders,6.1,2.13,2,0.2
BT-11305,Beth Thompson,West,Technology,Accessories,239.97,26.4,3,0
BT-11395,Bill Tyler,Central,Furniture,Chairs,1106.91,121.76,9,0
BT-11395,Bill Tyler,Central,Office Supplies,Paper,19.92,9.36,4,0
BT-11395,Bill Tyler,Central,Technology,Phones,257.98,74.81,2,0
BT-11395,Bill Tyler,East,Office Supplies,Art,,2.2,,0.2
BT-11395,Bill Tyler,East,Office Supplies,Binders,4.42,-3.39,3,0.7
BT-11395,Bill Tyler,West,Furniture,Furnishings,37.68,15.83,2,0
BT-11395,Bill Tyler,West,Furniture,Tables,399.67,-14.99,7,0.2
BT-11395,Bill Tyler,West,Office Supplies,Appliances,75.84,,2,0
BT-11395,Bill Tyler,West,Office Supplies,Binders,9.58,3.35,,0.2
BT-11395,Bill Tyler,West,Technology,Phones,258.58,19.39,2,
BT-11440,Bobby Trafton,Central,Office Supplies,Binders,14.67,6.75,3,0
BT-11440,Bobby Trafton,Central,Office Supplies,Paper,76.86,26.9,2,0.2
BT-11440,Bobby Trafton,East,Furniture,Bookcases,353.57,-44.2,2,
BT-11440,Bobby Trafton,East,Furniture,Furnishings,70.92,27.78,4,0
BT-11440,Bobby Trafton,East,Office Supplies,Appliances,15.56,4.05,,0
BT-11440,Bobby Trafton,West,Furniture,,72.29,-98.8,1,0.7
BT-11485,Brad Thomas,East,Furniture,Furnishings,30.34,9.48,4,0.2
BT-11485,Brad Thomas,East,Office Supplies,Appliances,355.96,103.23,2,0
BT-11485,Brad Thomas,East,Office Supplies,Paper,28.9,14.16,5,0
BT-11530,Bradley Talbott,East,Office Supplies,Storage,216.4,,4,0
BT-11530,Bradley Talbott,East,,Accessories,55.18,15.86,3,
BT-11530,Bradley Talbott,East,Technology,Phones,110.38,-20.24,4,0.4
BT-11530,Bradley Talbott,West,Furniture,Chairs,892.22,89.22,3,0.2
BT-11530,Bradley Talbott,West,Office Supplies,Appliances,,,4,0
BT-11530,Bradley Talbott,West,Office Supplies,Art,31.84,10.51,8,0
BT-11530,Bradley Talbott,West,Office Supplies,Paper,247.04,121.05,8,0
BT-11530,Bradley Talbott,West,,Accessories,159.98,47.99,2,0
BT-11530,Bradley Talbott,West,Technology,Phones,889.54,66.72,8,0.2
BT-11680,Brian Thompson,Central,Office Supplies,Art,3.44,0.56,2,0.2
BT-11680,Brian Thompson,Central,Technology,Machines,998.85,-199.77,5,0.4
BT-11680,Brian Thompson,East,Furniture,Furnishings,264.22,49.72,9,0.13
BT-11680,Brian Thompson,East,Office Supplies,,94.84,37.03,,0
BT-11680,Brian Thompson,East,Office Supplies,Binders,281.13,133.99,,0
BT-11680,Brian Thompson,East,Office Supplies,Fasteners,15.8,5.06,4,0
BT-11680,Brian Thompson,East,,Labels,12.39,5.7,3,
BT-11680,Brian Thompson,East,Office Supplies,Paper,51.84,24.88,8,0
BT-11680,Brian Thompson,East,Office Supplies,Storage,98.21,28.48,,0
BT-11680,Brian Thompson,East,Technology,Machines,464.97,209.24,3,0
BT-11680,Brian Thompson,South,Furniture,,19.1,5.73,3,0.2
BT-11680,Brian Thompson,West,Office Supplies,Appliances,113.76,44.37,3,0
BT-11680,Brian Thompson,West,Office Supplies,Binders,48.03,,4,0.2
BT-11680,Brian Thompson,West,Office Supplies,Storage,730.17,87.16,12,0
BV-11245,Benjamin Venier,Central,Furniture,Furnishings,,14.52,,0
BV-11245,Benjamin Venier,Central,Office Supplies,Art,40.3,10.88,2,
BV-11245,Benjamin Venier,Central,Office Supplies,Binders,58.34,28.78,8,0
BV-11245,Benjamin Venier,Central,Technology,Phones,207,51.75,,0
BV-11245,Benjamin Venier,East,Furniture,,68.95,28.96,5,0
BV-11245,Benjamin Venier,East,Office Supplies,Storage,296.37,80.02,3,0
BV-11245,Benjamin Venier,East,Technology,Phones,39.98,2,2,0
BV-11245,Benjamin Venier,South,Furniture,,643.14,56.27,4,0.2
BV-11245,Benjamin Venier,South,Office Supplies,Binders,6.13,,3,0.7
BV-11245,Benjamin Venier,South,,,95.09,30.49,7,0.2
BV-11245,Benjamin Venier,West,Office Supplies,Paper,33.4,16.03,5,0
BW-11065,Barry Weirich,East,Office Supplies,Paper,14.62,6.73,2,0
BW-11065,Barry Weirich,East,Office Supplies,Storage,324.74,-77.13,3,0.2
BW-11065,Barry Weirich,South,Furniture,Furnishings,46.15,12.11,3,0.2
BW-11110,Bart Watters,Central,,Furnishings,51.71,-32.32,8,0.6
BW-11110,Bart Watters,Central,,Paper,51.84,24.88,8,0
BW-11110,Bart Watters,Central,Technology,Machines,3059.98,680,2,0.1
BW-11110,Bart Watters,East,Furniture,Furnishings,82.26,33.73,3,0
BW-11110,Bart Watters,East,Office Supplies,Art,34.7,12.49,5,0
BW-11110,Bart Watters,East,Office Supplies,,24.9,11.45,5,
BW-11110,Bart Watters,East,Office Supplies,Paper,100.76,47.74,11,0
BW-11110,Bart Watters,East,Office Supplies,Storage,,,3,0
BW-11110,Bart Watters,South,Office Supplies,Binders,12.06,-10.05,5,0.7
BW-11110,Bart Watters,South,Technology,Accessories,27.19,0.34,3,0.2
BW-11110,Bart Watters,West,Furniture,Chairs,633.5,13.51,5,0.2
BW-11110,Bart Watters,West,Office Supplies,Art,59.52,,3,0
BW-11110,Bart Watters,West,Office Supplies,Binders,50.35,,3,
BW-11110,Bart Watters,West,Office Supplies,Storage,149.73,43.42,7,0
BW-11110,Bart Watters,West,Technology,Phones,311.98,39,,0.2
BW-11200,Ben Wallace,Central,Office Supplies,Binders,12.18,-18.87,4,0.8
BW-11200,Ben Wallace,East,Furniture,Chairs,,80.78,14,0.1
BW-11200,Ben Wallace,East,Office Supplies,Binders,9.73,3.28,2,0.2
BW-11200,Ben Wallace,East,,Fasteners,40.67,12.61,7,
BW-11200,Ben Wallace,East,,,33.48,1.34,2,0
BW-11200,Ben Wallace,South,Furniture,Chairs,290.98,75.65,1,0
BW-11200,Ben Wallace,South,Office Supplies,Paper,15.55,5.44,3,0.2
BW-11200,Ben Wallace,West,Furniture,,85.44,31.61,3,0
BW-11200,Ben Wallace,West,Office Supplies,Art,16.4,4.76,5,0
BW-11200,Ben Wallace,West,Technology,Phones,806.34,50.4,8,0.2
CA-11965,Carol Adams,Central,Furniture,Bookcases,388.09,-36.26,4,0.16
CA-11965,Carol Adams,Central,Office Supplies,Binders,10.68,5.02,,0
CA-11965,Carol Adams,Central,Office Supplies,Labels,,3.95,2,0.2
CA-11965,Carol Adams,Central,Technology,Copiers,439.99,165,1,
CA-11965,Carol Adams,East,,Envelopes,24.45,8.86,4,0.2
CA-11965,Carol Adams,East,Technology,Copiers,1999.96,899.98,4,0
CA-11965,Carol Adams,South,Office Supplies,,15.47,4.18,7,0
CA-11965,Carol Adams,South,Office Supplies,Binders,7.16,3.44,2,0
CA-11965,Carol Adams,West,Furniture,Chairs,892.22,89.22,3,
CA-12055,Cathy Armstrong,Central,Office Supplies,Binders,20.74,-33.04,8,0.8
CA-12055,Cathy Armstrong,Central,Office Supplies,Supplies,69.12,-14.69,9,0.2
CA-12055,Cathy Armstrong,Central,,Accessories,258.7,64.67,3,0.2
CA-12055,Cathy Armstrong,East,Office Supplies,Binders,,47,,0.2
CA-12055,Cathy Armstrong,East,Office Supplies,Envelopes,40.75,15.28,3,0.2
CA-12055,Cathy Armstrong,East,Technology,Accessories,139.96,-22.74,5,0.2
CA-12055,Cathy Armstrong,West,Furniture,Tables,513.02,12.83,2,
CA-12055,Cathy Armstrong,West,Office Supplies,Appliances,,136.62,6,0
CA-12055,Cathy Armstrong,West,Office Supplies,Binders,15.24,5.33,5,0.2
CA-12265,Christina Anderson,Central,Furniture,Bookcases,,-91.76,3,0.32
CA-12265,Christina Anderson,Central,Office Supplies,Binders,10.76,-18.3,7,0.8
CA-12265,Christina Anderson,East,Office Supplies,Paper,9.96,4.68,2,0
CA-12265,Christina Anderson,East,Technology,Phones,391.98,113.67,2,0
CA-12265,Christina Anderson,South,Office Supplies,Binders,,-2.97,2,
CA-12265,Christina Anderson,South,Office Supplies,Labels,12.76,5.33,,0.1
CA-12265,Christina Anderson,South,Technology,Accessories,195.98,,7,0.1
CA-12265,Christina Anderson,South,,Phones,143.93,-32.38,9,0.2
CA-12265,Christina Anderson,West,Furniture,Furnishings,545.85,114.63,9,0
CA-12265,Christina Anderson,West,Furniture,Tables,912.75,118.66,5,0
CA-12265,Christina Anderson,West,Office Supplies,Art,46.88,15.54,10,0
CA-12265,Christina Anderson,West,Technology,Accessories,45.48,,4,0
CA-12310,Christine Abelman,Central,Technology,Accessories,195.68,-11.47,5,0.2
CA-12310,Christine Abelman,Central,Technology,Phones,180.96,13.57,5,0.2
CA-12310,Christine Abelman,East,,Tables,70.56,,1,0.3
CA-12310,Christine Abelman,East,Office Supplies,Binders,24.69,11.43,3,0
CA-12310,Christine Abelman,East,Office Supplies,Envelopes,57.58,21.59,,0.2
CA-12310,Christine Abelman,East,Office Supplies,Storage,37.21,-7.44,1,0.2
CA-12310,Christine Abelman,East,,,359.98,93.59,2,
CA-12310,Christine Abelman,West,Office Supplies,Storage,481.32,125.14,4,0
CA-12310,Christine Abelman,West,Office Supplies,Supplies,13.98,3.63,1,0
CA-12775,Cynthia Arntzen,Central,Furniture,Chairs,498.26,134.53,7,0
CA-12775,Cynthia Arntzen,Central,Office Supplies,Binders,,10.35,2,0
CA-12775,Cynthia Arntzen,Central,Technology,Accessories,175.23,61.33,11,0
CA-12775,Cynthia Arntzen,Central,Technology,Phones,125.99,31.5,1,0
CA-12775,Cynthia Arntzen,East,Furniture,Chairs,1228.46,0,5,0.3
CA-12775,Cynthia Arntzen,East,Furniture,Furnishings,42.85,15.43,5,0
CA-12775,Cynthia Arntzen,East,Office Supplies,Binders,34.25,,,0.7
CA-12775,Cynthia Arntzen,East,Office Supplies,Labels,6.16,2.96,,0
CA-12775,Cynthia Arntzen,East,Office Supplies,Paper,376.99,131.95,12,0.2
CA-12775,Cynthia Arntzen,East,Office Supplies,Supplies,17,,2,0
CA-12775,Cynthia Arntzen,East,Technology,Accessories,87.4,34.96,5,0
CA-12775,Cynthia Arntzen,South,Furniture,Furnishings,13.13,3.77,3,0.2
CA-12775,Cynthia Arntzen,South,Office Supplies,Appliances,13,1.3,5,0.2
CA-12775,Cynthia Arntzen,South,Office Supplies,Art,6.67,1.67,3,0.2
CA-12775,Cynthia Arntzen,West,,Tables,393.16,-204.45,3,
CB-12025,Cassandra Brandow,Central,Furniture,Tables,918.78,-118.13,5,0.3
CB-12025,Cassandra Brandow,Central,Office Supplies,Art,7.12,0.71,5,0.2
CB-12025,Cassandra Brandow,Central,Office Supplies,Binders,246.72,-431.21,7,0.8
CB-12025,Cassandra Brandow,Central,Office Supplies,Envelopes,7.08,2.48,3,0.2
CB-12025,Cassandra Brandow,Central,Office Supplies,Storage,1723.51,-10.84,21,0.2
CB-12025,Cassandra Brandow,East,Office Supplies,Art,48.11,12.49,8,0.13
CB-12025,Cassandra Brandow,East,Office Supplies,Binders,79.95,38.38,5,0
CB-12025,Cassandra Brandow,East,Office Supplies,Envelopes,,1.65,3,0.2
CB-12025,Cassandra Brandow,East,Office Supplies,Labels,29.24,9.87,5,0.2
CB-12025,Cassandra Brandow,East,Office Supplies,Paper,,118.31,12,0.07
CB-12025,Cassandra Brandow,South,Office Supplies,Appliances,67.9,20.37,5,0
CB-12025,Cassandra Brandow,South,Technology,Accessories,239.92,23.99,8,0
CB-12025,Cassandra Brandow,West,Furniture,Bookcases,307.67,,2,0.15
CB-12025,Cassandra Brandow,West,Furniture,Furnishings,36.52,13.4,6,0
CB-12025,Cassandra Brandow,West,Office Supplies,Appliances,406.6,113.85,5,
CB-12025,Cassandra Brandow,West,Office Supplies,Binders,41.36,13.96,5,0.2
CB-12025,Cassandra Brandow,West,Office Supplies,Storage,1621.17,296.86,14,0
CB-12025,Cassandra Brandow,West,Technology,Phones,43.18,15.11,3,
CB-12415,Christy Brittain,Central,Office Supplies,Appliances,26.41,-71.3,3,
CB-12415,Christy Brittain,Central,Office Supplies,Art,27.38,2.74,7,0.2
CB-12415,Christy Brittain,Central,Office Supplies,Binders,2.18,-3.6,1,
CB-12415,Christy Brittain,Central,Office Supplies,Storage,61.57,4.62,2,0.2
CB-12415,Christy Brittain,East,Office Supplies,Appliances,52.56,18.4,3,0
CB-12415,Christy Brittain,East,Office Supplies,Binders,12.17,-9.33,7,0.7
CB-12415,Christy Brittain,East,,Paper,239.76,115.23,,0
CB-12415,Christy Brittain,East,Office Supplies,Supplies,27.2,2.04,4,0.2
CB-12415,Christy Brittain,East,Technology,Copiers,,192,4,0.4
CB-12415,Christy Brittain,West,Furniture,Furnishings,59.99,21.6,7,0
CB-12535,Claudia Bergmann,East,Furniture,Furnishings,,1.25,6,0.2
CB-12535,Claudia Bergmann,East,Office Supplies,Art,17.88,5.39,9,0
CB-12535,Claudia Bergmann,East,Office Supplies,Binders,122.94,59.01,3,0
CB-12535,Claudia Bergmann,East,Office Supplies,Paper,26.62,,5,0
CB-12535,Claudia Bergmann,East,Office Supplies,Storage,1649.81,428.95,15,0
CB-12535,Claudia Bergmann,East,Technology,Accessories,99.98,42.99,2,
CB-12535,Claudia Bergmann,South,Office Supplies,Appliances,262.24,78.67,2,0
CB-12535,Claudia Bergmann,South,Office Supplies,Art,14.02,4.73,3,
CB-12535,Claudia Bergmann,South,Office Supplies,Binders,234.36,,6,0
CB-12535,Claudia Bergmann,South,Office Supplies,Envelopes,42.68,19.63,4,0
CB-12535,Claudia Bergmann,South,Technology,Accessories,299.97,125.99,3,
CB-12535,Claudia Bergmann,West,Furniture,,509.96,42,5,
CB-12535,Claudia Bergmann,West,Furniture,Chairs,819.92,75.17,5,0.2
CB-12535,Claudia Bergmann,West,,Furnishings,137.73,40.64,6,0
CC-12100,Chad Cunningham,Central,Office Supplies,Art,40.88,10.63,7,0
CC-12100,Chad Cunningham,Central,Technology,Accessories,114.52,11.45,7,
CC-12100,Chad Cunningham,Central,Technology,Phones,131.98,35.63,2,0
CC-12100,Chad Cunningham,East,Office Supplies,Binders,15.14,-12.61,10,0.7
CC-12100,Chad Cunningham,East,Office Supplies,Labels,,3.28,,
CC-12100,Chad Cunningham,East,Office Supplies,Paper,85.06,28.71,3,0.2
CC-12100,Chad Cunningham,East,Technology,Phones,59.99,-13,1,0.4
CC-12100,Chad Cunningham,West,Furniture,Chairs,241.57,18.12,2,0.2
CC-12100,Chad Cunningham,West,Furniture,Furnishings,44.46,14.67,2,0
CC-12100,Chad Cunningham,West,,Binders,5.1,1.66,1,0.2
CC-12100,Chad Cunningham,West,Technology,Accessories,,39.5,5,0
CC-12100,Chad Cunningham,West,Technology,,627.17,,4,
CC-12145,Charles Crestani,Central,Furniture,Chairs,47.52,-2.04,2,0.3
CC-12145,Charles Crestani,Central,Office Supplies,Art,31.74,8.33,2,0.2
CC-12145,Charles Crestani,Central,,Paper,10.56,4.75,2,
CC-12145,Charles Crestani,West,Furniture,Furnishings,270.38,97.34,10,0
CC-12145,Charles Crestani,West,Office Supplies,Binders,8.7,3.16,2,0.2
CC-12145,Charles Crestani,West,Office Supplies,Paper,131.25,63.2,6,0
CC-12145,Charles Crestani,West,Office Supplies,Supplies,,1.55,4,0
CC-12145,Charles Crestani,West,Technology,Machines,1919.98,216,,0.2
CC-12220,Chris Cortes,Central,,Furnishings,41.85,10.88,,0
CC-12220,Chris Cortes,Central,Furniture,Tables,637.9,-127.58,3,0.3
CC-12220,Chris Cortes,Central,Office Supplies,Envelopes,36.6,11.89,3,0.2
CC-12220,Chris Cortes,Central,Office Supplies,,10.9,3.4,3,0.2
CC-12220,Chris Cortes,Central,,Machines,287.91,33.59,3,0.4
CC-12220,Chris Cortes,Central,Technology,Phones,69.9,,2,0
CC-12220,Chris Cortes,East,,Chairs,589.41,-6.55,5,0.1
CC-12220,Chris Cortes,East,Office Supplies,Appliances,426.79,123.77,7,
CC-12220,Chris Cortes,East,Office Supplies,Envelopes,10.86,5.1,3,0
CC-12220,Chris Cortes,East,Technology,Phones,904.12,114.58,17,0.4
CC-12220,Chris Cortes,South,Office Supplies,Paper,78.08,,7,0
CC-12220,Chris Cortes,West,Furniture,Furnishings,139.92,23.79,2,0
CC-12220,Chris Cortes,West,Office Supplies,Appliances,243.16,72.95,2,0
CC-12220,Chris Cortes,West,Office Supplies,Binders,19.3,,3,0.2
CC-12220,Chris Cortes,West,Office Supplies,Paper,79.66,37.56,7,0
CC-12220,Chris Cortes,West,Office Supplies,Storage,121.21,8.87,5,0
CC-12220,Chris Cortes,West,Technology,Phones,,20.24,4,0.2
CC-12370,Christopher Conant,Central,Office Supplies,Binders,1.25,-1.93,2,
CC-12370,Christopher Conant,East,Furniture,Furnishings,,76.98,4,0
CC-12370,Christopher Conant,East,Office Supplies,Binders,6.29,-4.2,1,0.7
CC-12370,Christopher Conant,East,Office Supplies,Paper,49.25,22.29,8,0.1
CC-12370,Christopher Conant,East,Technology,Copiers,8399.98,1120,4,0.4
CC-12370,Christopher Conant,East,Technology,Phones,122.38,-24.48,3,0.4
CC-12370,Christopher Conant,South,Furniture,Chairs,,22.53,2,0.2
CC-12370,Christopher Conant,West,Furniture,Chairs,287.97,-3.6,4,0.2
CC-12370,Christopher Conant,West,Office Supplies,Paper,,24.47,1,0
CC-12370,Christopher Conant,West,Technology,Copiers,2799.96,944.99,5,0.2
CC-12430,Chuck Clark,Central,Office Supplies,Appliances,209.3,56.51,2,0
CC-12430,Chuck Clark,Central,Office Supplies,,13.9,3.61,5,0
CC-12430,Chuck Clark,Central,Office Supplies,Paper,26.38,12.13,1,
CC-12430,Chuck Clark,East,Furniture,Chairs,271.76,60.39,2,0.1
CC-12430,Chuck Clark,East,Furniture,Furnishings,,86.34,7,0
CC-12430,Chuck Clark,East,,Art,6.63,3.12,3,0
CC-12430,Chuck Clark,East,Office Supplies,Paper,,78.68,7,0.2
CC-12430,Chuck Clark,East,Technology,Accessories,773.93,147.1,7,
CC-12430,Chuck Clark,West,Furniture,Chairs,1554.81,-291.53,24,0.2
CC-12430,Chuck Clark,West,Furniture,Furnishings,20.94,10.05,3,0
CC-12430,Chuck Clark,West,Office Supplies,,25.17,8.64,7,0.2
CC-12430,Chuck Clark,West,Office Supplies,Labels,12.32,5.91,4,0
CC-12430,Chuck Clark,West,Office Supplies,Paper,32.4,15.55,5,0
CC-12430,Chuck Clark,West,Office Supplies,Supplies,6.24,,3,0
CC-12430,Chuck Clark,West,Technology,Machines,1029.6,115.83,3,0.2
CC-12475,Cindy Chapman,Central,Furniture,Tables,,-65.85,5,0.3
CC-12475,Cindy Chapman,Central,Office Supplies,Appliances,1.56,-4.2,,
CC-12475,Cindy Chapman,Central,Office Supplies,Paper,10.27,3.21,3,0.2
CC-12475,Cindy Chapman,Central,Technology,Accessories,63.96,,4,0
CC-12475,Cindy Chapman,East,Office Supplies,Binders,45.58,,3,0.2
CC-12475,Cindy Chapman,East,Office Supplies,Fasteners,14.96,0.3,,
CC-12475,Cindy Chapman,East,Office Supplies,Paper,,83.43,5,0.1
CC-12475,Cindy Chapman,East,Office Supplies,Storage,,16.51,7,0.1
CC-12475,Cindy Chapman,West,Office Supplies,Paper,10.56,5.07,2,0
CC-12475,Cindy Chapman,West,Technology,,56.4,3.38,3,0
CC-12475,Cindy Chapman,West,Technology,,686.4,77.22,2,0.2
CC-12550,Clay Cheatham,Central,Office Supplies,Paper,10.37,,2,0.2
CC-12550,Clay Cheatham,West,Office Supplies,Binders,10.13,3.67,2,0.2
CC-12550,Clay Cheatham,West,Office Supplies,Paper,45.36,21.77,,0
CC-12550,Clay Cheatham,West,,Phones,47.98,4.8,3,0.2
CC-12610,Corey Catlett,Central,Office Supplies,Storage,61.79,6.18,4,0.2
CC-12610,Corey Catlett,East,Office Supplies,Appliances,265.41,33.78,10,0.2
CC-12610,Corey Catlett,East,Office Supplies,Binders,1.94,-1.29,,0.7
CC-12610,Corey Catlett,South,Furniture,Furnishings,29.12,12.52,4,0
CC-12610,Corey Catlett,South,Furniture,Tables,1202.94,,3,0
CC-12610,Corey Catlett,South,Office Supplies,Art,140.74,12.31,4,0.2
CC-12610,Corey Catlett,South,Office Supplies,Binders,31.09,-20.72,3,0.7
CC-12610,Corey Catlett,South,Technology,Phones,579.95,168.19,5,0
CC-12610,Corey Catlett,West,Furniture,Bookcases,90.88,-190.85,3,0.7
CC-12610,Corey Catlett,West,Furniture,Chairs,120.78,13.59,1,0.2
CC-12610,Corey Catlett,West,Technology,Phones,15.99,,1,0.2
CC-12670,Craig Carreira,Central,Office Supplies,Binders,4.79,-7.9,3,0.8
CC-12670,Craig Carreira,Central,Technology,Phones,134.85,37.76,3,0
CC-12670,Craig Carreira,East,Office Supplies,Binders,17.52,6.13,,0.2
CC-12670,Craig Carreira,East,Office Supplies,Storage,221.55,6.65,3,0
CC-12670,Craig Carreira,East,,Accessories,20.37,6.93,3,0
CC-12670,Craig Carreira,South,Furniture,Chairs,64.78,,1,0.2
CC-12670,Craig Carreira,South,Office Supplies,Art,1.34,0.5,1,0.2
CC-12670,Craig Carreira,South,Office Supplies,Paper,45.53,15.93,3,0.2
CC-12670,Craig Carreira,South,Office Supplies,,,,7,0.2
CC-12670,Craig Carreira,West,Furniture,Bookcases,917.92,75.59,9,0.15
CC-12670,Craig Carreira,West,Office Supplies,Paper,38.88,19.05,6,0
CC-12670,Craig Carreira,West,,,21.98,8.57,2,0
CC-12670,Craig Carreira,West,Technology,,271.99,23.8,1,0.2
CC-12685,Craig Carroll,Central,Office Supplies,Binders,6.08,-10.34,1,0.8
CC-12685,Craig Carroll,Central,Office Supplies,Paper,60.74,20.5,8,0.2
CC-12685,Craig Carroll,Central,Technology,Copiers,479.98,161.99,3,0.2
CC-12685,Craig Carroll,East,,Binders,12.96,4.54,9,0.2
CC-12685,Craig Carroll,East,Office Supplies,Storage,991.2,257.71,,0
CC-12685,Craig Carroll,East,Technology,Copiers,,329.99,2,0.2
CC-12685,Craig Carroll,South,Office Supplies,Appliances,163.44,45.76,3,0
CC-12685,Craig Carroll,South,Office Supplies,Art,42.76,11.12,2,0
CC-12685,Craig Carroll,South,Office Supplies,Binders,59.11,-45.32,9,0.7
CC-12685,Craig Carroll,South,Office Supplies,Paper,157.87,74.2,8,0
CD-11920,Carlos Daly,Central,Furniture,Furnishings,70.56,23.99,6,0
CD-11920,Carlos Daly,Central,Office Supplies,Appliances,81.96,22.95,2,0
CD-11920,Carlos Daly,East,Furniture,Bookcases,183.97,-25.3,2,
CD-11920,Carlos Daly,East,,Art,68.97,19.31,3,0
CD-11920,Carlos Daly,East,Office Supplies,Paper,71.66,34.15,12,0
CD-11920,Carlos Daly,East,Technology,Phones,1259.97,327.59,3,0
CD-11920,Carlos Daly,West,Furniture,Chairs,283.92,17.75,5,0.2
CD-11920,Carlos Daly,West,Office Supplies,Paper,12.96,6.22,2,0
CD-11980,Carol Darley,Central,Furniture,Furnishings,82.52,-41.26,3,0.6
CD-11980,Carol Darley,Central,Office Supplies,Appliances,2.69,-7.39,3,0.8
CD-11980,Carol Darley,Central,Office Supplies,Binders,182.99,-320.24,3,
CD-11980,Carol Darley,Central,Technology,Accessories,27.82,4.52,3,0.2
CD-11980,Carol Darley,East,Office Supplies,Paper,,149.91,9,0
CD-11980,Carol Darley,West,Office Supplies,Paper,24.78,7.74,1,0.2
CD-12280,Christina DeMoss,East,Furniture,Chairs,128.12,24.2,2,0.1
CD-12280,Christina DeMoss,East,Furniture,Furnishings,101.4,38.53,5,0
CD-12280,Christina DeMoss,East,,Tables,166.5,-66.6,2,0.4
CD-12280,Christina DeMoss,East,,Binders,,59.3,7,0.2
CD-12280,Christina DeMoss,East,Office Supplies,Paper,,59.48,4,
CD-12280,Christina DeMoss,East,Technology,Phones,99.98,4,2,
CD-12280,Christina DeMoss,West,Office Supplies,Binders,8.45,2.96,2,0.2
CD-12280,Christina DeMoss,West,Office Supplies,Fasteners,2.96,1.42,2,0
CD-12280,Christina DeMoss,West,Office Supplies,Storage,265.62,55.41,9,
CD-12280,Christina DeMoss,West,Technology,Accessories,132.52,,4,0
CD-12790,Cynthia Delaney,Central,Office Supplies,Appliances,,251.89,,
CD-12790,Cynthia Delaney,Central,,Binders,121.6,55.94,4,0
CD-12790,Cynthia Delaney,Central,,,49.62,24.31,13,0
CD-12790,Cynthia Delaney,Central,Office Supplies,Paper,12.96,6.22,,0
CD-12790,Cynthia Delaney,Central,,Phones,5.5,1.38,1,0
CD-12790,Cynthia Delaney,East,Office Supplies,Paper,,6.41,2,0
CD-12790,Cynthia Delaney,East,Technology,Accessories,59.97,,3,0
CD-12790,Cynthia Delaney,West,Furniture,Chairs,601.54,0,4,0.2
CD-12790,Cynthia Delaney,West,Office Supplies,,10.98,2.96,1,0
CD-12790,Cynthia Delaney,West,,Binders,,13.9,3,0.2
CD-12790,Cynthia Delaney,West,Office Supplies,Fasteners,28.11,11.95,,0
CD-12790,Cynthia Delaney,West,Office Supplies,Storage,51.45,13.89,3,0
CG-12040,Catherine Glotzbach,Central,Office Supplies,Binders,18.24,8.57,3,0
CG-12040,Catherine Glotzbach,East,Office Supplies,Appliances,447.7,33.58,2,0.2
CG-12040,Catherine Glotzbach,East,,Binders,,-21.79,6,0.7
CG-12040,Catherine Glotzbach,East,Office Supplies,Labels,28.91,13.3,7,
CG-12040,Catherine Glotzbach,East,Office Supplies,Paper,60.61,20.65,11,0.2
CG-12040,Catherine Glotzbach,South,Office Supplies,Art,,8.44,,0.2
CG-12040,Catherine Glotzbach,South,Technology,Phones,,18,3,
CG-12040,Catherine Glotzbach,West,Office Supplies,,11.76,,2,0
CG-12520,Claire Gute,Central,Furniture,Furnishings,131.38,-95.25,6,0.6
CG-12520,Claire Gute,Central,Office Supplies,Paper,5.34,1.87,1,0.2
CG-12520,Claire Gute,Central,Office Supplies,Storage,18.16,1.82,,0.2
CG-12520,Claire Gute,South,Furniture,Bookcases,261.96,41.91,2,0
CG-12520,Claire Gute,South,Furniture,Chairs,731.94,219.58,3,0
CH-12070,Cathy Hwang,Central,Technology,Phones,299.9,74.97,2,0
CH-12070,Cathy Hwang,East,Office Supplies,,,10.89,6,0.2
CH-12070,Cathy Hwang,East,Office Supplies,,78.26,-17.61,2,0.2
CH-12070,Cathy Hwang,South,Technology,Phones,1127.98,126.9,3,0.2
CJ-11875,Carl Jackson,East,Office Supplies,Art,16.52,1.65,5,0.2
CJ-12010,Caroline Jumper,Central,Furniture,Bookcases,1023.33,-30.1,5,0.32
CJ-12010,Caroline Jumper,Central,Furniture,Chairs,811.8,-74.97,5,
CJ-12010,Caroline Jumper,Central,Technology,,39.99,7,1,0.2
CJ-12010,Caroline Jumper,East,,Bookcases,176.78,-22.1,1,0.2
CJ-12010,Caroline Jumper,East,Furniture,Chairs,442.76,59.04,4,0.1
CJ-12010,Caroline Jumper,East,Furniture,Furnishings,75.33,31.37,10,0.1
CJ-12010,Caroline Jumper,East,Office Supplies,Appliances,394.82,93.77,4,0.2
CJ-12010,Caroline Jumper,East,Office Supplies,Art,4.16,0.36,2,
CJ-12010,Caroline Jumper,East,Office Supplies,Binders,103.42,16.34,11,0.45
CJ-12010,Caroline Jumper,East,,Labels,44.4,22.2,3,0
CJ-12010,Caroline Jumper,East,Technology,Accessories,199.95,21.99,5,0
CJ-12010,Caroline Jumper,East,,Machines,3999.95,,,0
CJ-12010,Caroline Jumper,South,Furniture,Chairs,2803.92,0,5,0.2
CJ-12010,Caroline Jumper,South,Furniture,Tables,933.26,-458.15,4,0.45
CJ-12010,Caroline Jumper,South,Office Supplies,Supplies,3.33,0.42,,0.2
CJ-12010,Caroline Jumper,West,Office Supplies,Art,95.92,25.9,8,0
CJ-12010,Caroline Jumper,West,Office Supplies,Fasteners,11.84,5.68,8,0
CK-12205,Chloris Kastensmidt,Central,Office Supplies,Art,180.37,,7,0.2
CK-12205,Chloris Kastensmidt,Central,Office Supplies,,4.75,-8.32,4,
CK-12205,Chloris Kastensmidt,Central,Office Supplies,Paper,5.18,1.81,1,0.2
CK-12205,Chloris Kastensmidt,Central,Office Supplies,Storage,118.16,-25.11,2,0.2
CK-12205,Chloris Kastensmidt,Central,Office Supplies,Supplies,13.34,1,,0.2
CK-12205,Chloris Kastensmidt,Central,Technology,Accessories,119.45,-13.44,3,0.2
CK-12205,Chloris Kastensmidt,East,Furniture,Chairs,127.55,-9.11,,0.3
CK-12205,Chloris Kastensmidt,East,Furniture,Furnishings,86.27,17.88,8,0.2
CK-12205,Chloris Kastensmidt,East,Office Supplies,Art,35,10.5,4,
CK-12205,Chloris Kastensmidt,East,Office Supplies,Binders,50.33,6.43,6,0.45
CK-12205,Chloris Kastensmidt,East,,Envelopes,41.4,19.46,5,
CK-12205,Chloris Kastensmidt,East,Office Supplies,,10.46,,6,0.2
CK-12205,Chloris Kastensmidt,East,Office Supplies,Paper,108.38,49.19,9,0.13
CK-12205,Chloris Kastensmidt,East,Office Supplies,Supplies,5.84,0.73,2,0.2
CK-12205,Chloris Kastensmidt,East,Technology,Machines,30.35,-24.28,7,0.7
CK-12205,Chloris Kastensmidt,East,Technology,Phones,638.36,-144.15,7,0.4
CK-12205,Chloris Kastensmidt,South,Furniture,Furnishings,129.89,,,0.2
CK-12205,Chloris Kastensmidt,South,Office Supplies,Envelopes,48.94,16.52,7,0.2
CK-12205,Chloris Kastensmidt,South,Office Supplies,Fasteners,14.32,5.19,5,0.2
CK-12205,Chloris Kastensmidt,West,Furniture,Furnishings,11.03,3.03,1,0.2
CK-12205,Chloris Kastensmidt,West,Office Supplies,,,15.72,4,0
CK-12205,Chloris Kastensmidt,West,,Binders,172.35,63.55,11,0.2
CK-12205,Chloris Kastensmidt,West,Office Supplies,,51.84,24.88,8,0
CK-12205,Chloris Kastensmidt,West,Technology,Accessories,53.04,-4.64,,0.2
CK-12205,Chloris Kastensmidt,West,,Machines,,104,1,0.2
CK-12325,Christine Kargatis,East,,Chairs,899.43,-12.85,5,0.3
CK-12325,Christine Kargatis,East,Furniture,Furnishings,30.14,8.29,2,0.2
CK-12325,Christine Kargatis,East,Furniture,Tables,455.97,-106.39,5,0.4
CK-12325,Christine Kargatis,East,,Binders,5.72,-4.76,5,0.7
CK-12325,Christine Kargatis,East,,Phones,57.59,-11.52,1,0.4
CK-12325,Christine Kargatis,South,Furniture,Chairs,1139.92,284.98,4,0
CK-12325,Christine Kargatis,South,Furniture,Furnishings,159.92,31.98,4,0
CK-12325,Christine Kargatis,South,Office Supplies,Fasteners,30,14.4,6,0
CK-12325,Christine Kargatis,South,Office Supplies,Paper,25.92,12.7,4,0
CK-12325,Christine Kargatis,West,Furniture,Furnishings,73.32,,,0
CK-12325,Christine Kargatis,West,Office Supplies,Art,7.58,2.96,1,0
CK-12325,Christine Kargatis,West,Office Supplies,Binders,59.81,19.44,3,0.2
CK-12595,Clytie Kelty,Central,Office Supplies,Binders,12.13,,4,
CK-12595,Clytie Kelty,East,Furniture,Chairs,341.49,-73.18,8,0.3
CK-12595,Clytie Kelty,East,Furniture,Furnishings,315.14,39.71,13,0.2
CK-12595,Clytie Kelty,East,Office Supplies,Art,11.12,0.83,5,0.2
CK-12595,Clytie Kelty,East,Office Supplies,Binders,12.63,-9.55,9,
CK-12595,Clytie Kelty,East,Office Supplies,Envelopes,,13.5,3,0
CK-12595,Clytie Kelty,East,Office Supplies,Storage,69.52,17.38,2,0
CK-12595,Clytie Kelty,East,Technology,Phones,119.94,15.99,10,0.4
CK-12595,Clytie Kelty,South,Office Supplies,Binders,81.45,39.1,9,0
CK-12595,Clytie Kelty,South,Office Supplies,,341.14,128.28,12,0.07
CK-12595,Clytie Kelty,South,Technology,Accessories,961.32,317.81,17,0.05
CK-12595,Clytie Kelty,West,Furniture,Furnishings,,11.49,,0
CK-12595,Clytie Kelty,West,Office Supplies,Paper,37.44,16.85,6,0
CK-12595,Clytie Kelty,West,,Supplies,,0.12,,0
CK-12760,Cyma Kinney,Central,Furniture,Tables,719.1,-473.27,,0.5
CK-12760,Cyma Kinney,East,Office Supplies,Art,,39.41,5,0
CK-12760,Cyma Kinney,East,Office Supplies,Labels,8.67,4.07,3,0
CK-12760,Cyma Kinney,East,Office Supplies,Storage,139.06,37.02,10,0
CK-12760,Cyma Kinney,East,Office Supplies,Supplies,25.71,,3,
CK-12760,Cyma Kinney,East,Technology,Accessories,,49.6,7,0
CK-12760,Cyma Kinney,South,Office Supplies,,68.74,-48.12,9,
CK-12760,Cyma Kinney,South,Office Supplies,Fasteners,7.24,1.18,5,0.2
CK-12760,Cyma Kinney,South,Office Supplies,Storage,56.45,14.68,5,0
CK-12760,Cyma Kinney,West,Furniture,,266.35,,,0.2
CK-12760,Cyma Kinney,West,Office Supplies,Paper,34.68,16.99,6,
CL-11890,Carl Ludwig,Central,Office Supplies,Storage,123.55,-29.34,3,0.2
CL-11890,Carl Ludwig,East,Furniture,Bookcases,782.94,,3,
CL-11890,Carl Ludwig,East,Office Supplies,Art,16.28,6.51,2,0
CL-11890,Carl Ludwig,East,Office Supplies,,242.48,116.39,7,0
CL-11890,Carl Ludwig,East,Office Supplies,Paper,40.03,15.01,,0.2
CL-11890,Carl Ludwig,East,Technology,Phones,39.99,11.6,1,0
CL-11890,Carl Ludwig,West,,Furnishings,16.74,4.35,,0
CL-12565,Clay Ludtke,Central,Furniture,Chairs,1805.88,523.71,6,0
CL-12565,Clay Ludtke,Central,Office Supplies,Art,75.96,22.79,2,0
CL-12565,Clay Ludtke,Central,Office Supplies,,27.24,13.35,6,0
CL-12565,Clay Ludtke,East,Furniture,Furnishings,303.92,-30.39,5,0.2
CL-12565,Clay Ludtke,East,Office Supplies,Art,21.24,8.07,3,0
CL-12565,Clay Ludtke,East,,Binders,,,2,0.2
CL-12565,Clay Ludtke,East,Office Supplies,Paper,21.06,,4,0.2
CL-12565,Clay Ludtke,East,Office Supplies,Storage,1031.18,89.6,5,0.2
CL-12565,Clay Ludtke,East,Technology,Accessories,58.11,7.26,,0.2
CL-12565,Clay Ludtke,East,Technology,Phones,437.85,131.35,3,0
CL-12565,Clay Ludtke,South,Office Supplies,Storage,354.9,17.74,5,0
CL-12565,Clay Ludtke,West,Furniture,Chairs,1610.18,162.56,9,0.2
CL-12565,Clay Ludtke,West,Office Supplies,Appliances,262.24,78.67,2,0
CL-12565,Clay Ludtke,West,Office Supplies,Binders,51.44,17.08,,
CL-12565,Clay Ludtke,West,Office Supplies,Envelopes,293.17,129.75,10,
CL-12565,Clay Ludtke,West,Office Supplies,Paper,251.24,115.57,11,0
CL-12565,Clay Ludtke,West,Office Supplies,Storage,,14.24,3,
CL-12565,Clay Ludtke,West,Technology,Accessories,131.6,,7,0
CL-12565,Clay Ludtke,West,Technology,,3106.96,328.59,,0.2
CL-12565,Clay Ludtke,West,Technology,Phones,287.88,35.98,3,0.2
CL-12700,Craig Leslie,Central,Office Supplies,Binders,8.76,,2,0
CL-12700,Craig Leslie,East,Technology,Accessories,449.91,157.47,9,0
CL-12700,Craig Leslie,South,Technology,Accessories,,3.24,1,
CL-12700,Craig Leslie,West,Furniture,Chairs,1325.76,149.15,6,0.2
CL-12700,Craig Leslie,West,Furniture,Furnishings,21.44,,2,0.2
CL-12700,Craig Leslie,West,Office Supplies,Binders,3.11,-2.18,2,0.7
CL-12700,Craig Leslie,West,Office Supplies,Paper,,5.44,3,0.2
CL-12700,Craig Leslie,West,Office Supplies,Storage,511.06,-95.82,9,0.2
CM-11815,Candace McMahon,Central,Office Supplies,,49.57,17.97,2,0.2
CM-11815,Candace McMahon,Central,Office Supplies,Paper,,7.26,4,0.2
CM-11815,Candace McMahon,West,Furniture,,388.7,38.87,6,0.2
CM-11815,Candace McMahon,West,Office Supplies,,,5.44,3,0.2
CM-11815,Candace McMahon,West,Office Supplies,Storage,572.58,34.35,6,0
CM-11815,Candace McMahon,West,Office Supplies,Supplies,,3.69,2,0
CM-11815,Candace McMahon,West,,Accessories,,87.28,10,0.07
CM-11815,Candace McMahon,West,Technology,Phones,195.96,19.6,5,0.2
CM-11935,Carlos Meador,South,Furniture,Bookcases,451.14,-67.67,4,0.2
CM-11935,Carlos Meador,South,,Furnishings,14.27,4.28,8,0.2
CM-11935,Carlos Meador,South,,Appliances,64.86,6.49,4,0.2
CM-11935,Carlos Meador,West,Technology,Phones,35.12,13.17,2,0.2
CM-12115,Chad McGuire,East,Furniture,Furnishings,29.78,8.04,2,0
CM-12115,Chad McGuire,East,Office Supplies,Paper,,44.13,,0
CM-12115,Chad McGuire,East,Technology,,677.58,,3,0
CM-12115,Chad McGuire,West,Furniture,Furnishings,17.46,5.94,2,0
CM-12115,Chad McGuire,West,Technology,Accessories,474.95,142.48,5,0
CM-12115,Chad McGuire,West,Technology,Machines,369.16,32.3,11,0.2
CM-12160,Charles McCrossin,Central,Office Supplies,Supplies,1.74,-0.35,1,0.2
CM-12160,Charles McCrossin,East,Office Supplies,,,,3,0.7
CM-12160,Charles McCrossin,East,Office Supplies,Storage,71.38,-4.46,3,0.2
CM-12160,Charles McCrossin,East,Technology,Accessories,121.34,17.47,8,0
CM-12160,Charles McCrossin,East,Technology,Phones,329.99,-77,2,0.4
CM-12160,Charles McCrossin,West,Furniture,Tables,2003.52,-325.57,6,
CM-12190,Charlotte Melton,Central,Furniture,Bookcases,183.37,,,0.3
CM-12190,Charlotte Melton,Central,Furniture,Tables,607.52,,2,0
CM-12190,Charlotte Melton,Central,Office Supplies,Storage,31.16,7.79,2,0
CM-12190,Charlotte Melton,East,Office Supplies,Paper,11.35,4.12,3,0.2
CM-12190,Charlotte Melton,East,Technology,Phones,119.94,6,6,0
CM-12190,Charlotte Melton,West,Office Supplies,Storage,521.8,12.77,6,0
CM-12235,Chris McAfee,Central,Furniture,Furnishings,26.94,,3,0
CM-12235,Chris McAfee,Central,Technology,Accessories,1399.94,52.5,7,0.2
CM-12235,Chris McAfee,East,Office Supplies,Binders,679.96,220.99,5,
CM-12235,Chris McAfee,East,Office Supplies,Paper,18.54,8.71,2,0
CM-12235,Chris McAfee,South,Office Supplies,Art,11.16,4.35,2,0
CM-12235,Chris McAfee,South,Office Supplies,,129.36,63.19,5,0
CM-12235,Chris McAfee,West,Office Supplies,Storage,39.81,3.98,4,0.2
CM-12385,Christopher Martinez,Central,Furniture,Furnishings,,,1,0.6
CM-12385,Christopher Martinez,Central,Office Supplies,Labels,11.52,4.18,5,0.2
CM-12385,Christopher Martinez,Central,Technology,Phones,222.38,16.68,2,0.2
CM-12385,Christopher Martinez,South,Office Supplies,Art,11.08,2.91,4,0
CM-12385,Christopher Martinez,South,Office Supplies,Binders,6354.95,3177.48,5,0
CM-12385,Christopher Martinez,South,Office Supplies,Storage,316.23,17.07,6,0
CM-12385,Christopher Martinez,West,Office Supplies,Art,9.12,3.1,3,0
CM-12385,Christopher Martinez,West,Office Supplies,Binders,2022.27,682.52,8,0.2
CM-12445,Chuck Magee,Central,Furniture,Chairs,56.69,-14.58,1,
CM-12445,Chuck Magee,Central,Office Supplies,Fasteners,25.25,7.89,4,0.2
CM-12445,Chuck Magee,Central,Office Supplies,Paper,51.02,15.94,7,0.2
CM-12445,Chuck Magee,West,Office Supplies,Art,58.5,24.08,7,0
CM-12445,Chuck Magee,West,Office Supplies,Labels,7.83,3.6,3,0
CM-12445,Chuck Magee,West,Office Supplies,Paper,29.9,13.45,5,0
CM-12445,Chuck Magee,West,,,51.45,13.89,3,0
CM-12445,Chuck Magee,West,,Supplies,7.36,0.15,2,0
CM-12655,Corinna Mitchell,Central,Furniture,Bookcases,383.47,-67.67,4,0.32
CM-12655,Corinna Mitchell,Central,Office Supplies,Paper,65.58,23.77,2,0.2
CM-12655,Corinna Mitchell,East,Office Supplies,Labels,14.94,6.87,3,0
CM-12655,Corinna Mitchell,East,Technology,,1704.89,767.2,11,0
CM-12655,Corinna Mitchell,East,Technology,Phones,2279.96,592.79,4,0
CM-12655,Corinna Mitchell,South,Office Supplies,Fasteners,23.34,0.23,3,
CM-12655,Corinna Mitchell,West,Furniture,Furnishings,,16.61,,0
CM-12655,Corinna Mitchell,West,,Tables,,88.73,2,0
CM-12655,Corinna Mitchell,West,Technology,Accessories,,,3,0
CM-12655,Corinna Mitchell,West,Technology,Phones,1212.85,106.12,7,
CM-12715,Craig Molinari,Central,Furniture,Bookcases,1228,-36.12,6,0.32
CM-12715,Craig Molinari,Central,Office Supplies,Art,55.33,6.22,2,0.2
CM-12715,Craig Molinari,Central,Office Supplies,Binders,12.88,-20.74,6,0.8
CM-12715,Craig Molinari,Central,Technology,Phones,1475.9,138.14,13,0.2
CM-12715,Craig Molinari,East,Furniture,Furnishings,,4.77,1,0.2
CM-12715,Craig Molinari,East,Office Supplies,Appliances,41.38,,6,0.2
CM-12715,Craig Molinari,East,Office Supplies,Binders,5.97,-4.58,5,0.7
CM-12715,Craig Molinari,West,Furniture,,918.27,76.01,8,0.2
CM-12715,Craig Molinari,West,Office Supplies,Art,20.65,9.5,5,0
CM-12715,Craig Molinari,West,Office Supplies,Storage,204.9,0,5,0
CP-12085,Cathy Prescott,Central,Furniture,Bookcases,212.94,53.24,3,0
CP-12085,Cathy Prescott,Central,Office Supplies,Art,209.94,54.58,6,0
CP-12085,Cathy Prescott,Central,Office Supplies,Binders,3.24,-5.18,9,0.8
CP-12085,Cathy Prescott,Central,Office Supplies,Labels,,,4,0.2
CP-12085,Cathy Prescott,Central,Office Supplies,Paper,32.4,15.55,5,0
CP-12085,Cathy Prescott,Central,Office Supplies,Storage,27.44,2.4,2,0.2
CP-12085,Cathy Prescott,Central,Office Supplies,Supplies,4164.05,83.28,,0
CP-12085,Cathy Prescott,East,Furniture,Furnishings,45.89,9.18,,
CP-12085,Cathy Prescott,East,Office Supplies,Paper,11.34,5.56,1,
CP-12085,Cathy Prescott,East,Technology,Phones,129.98,62.39,2,
CP-12085,Cathy Prescott,South,Office Supplies,Storage,184.7,13.85,6,
CP-12085,Cathy Prescott,South,Technology,Accessories,47.92,11.98,2,0.2
CP-12085,Cathy Prescott,West,,Furnishings,285.05,102.44,8,0.1
CP-12340,Christine Phan,East,Furniture,Tables,3265.23,-1124.02,14,0.4
CP-12340,Christine Phan,East,Office Supplies,Art,9.84,2.85,3,0
CP-12340,Christine Phan,East,Office Supplies,,21.09,8.01,,0.1
CP-12340,Christine Phan,East,Office Supplies,,301.86,147.21,13,0
CP-12340,Christine Phan,East,Technology,Phones,566.97,153.08,3,0
CP-12340,Christine Phan,South,Office Supplies,Binders,1361.63,-1044.46,14,
CP-12340,Christine Phan,South,Office Supplies,Storage,113.57,-21.29,2,0.2
CP-12340,Christine Phan,West,Furniture,,,-1.78,2,0.2
CP-12340,Christine Phan,West,Technology,,177,,,0
CR-12580,Clay Rozendal,Central,Office Supplies,Paper,9.66,3.26,2,0.2
CR-12580,Clay Rozendal,Central,Office Supplies,Storage,230.38,-48.95,3,0.2
CR-12580,Clay Rozendal,East,Office Supplies,Binders,10.53,,7,
CR-12580,Clay Rozendal,West,Furniture,Tables,1673.18,20.91,12,0.2
CR-12580,Clay Rozendal,West,Office Supplies,Supplies,25.35,7.6,3,0
CR-12580,Clay Rozendal,West,Technology,Accessories,199.75,87.89,5,0
CR-12625,Corey Roper,Central,Office Supplies,Paper,19.44,9.53,3,0
CR-12625,Corey Roper,East,Office Supplies,,289.2,83.87,6,0
CR-12625,Corey Roper,East,Office Supplies,,45.48,20.92,3,0
CR-12625,Corey Roper,South,Furniture,Chairs,121.78,30.44,2,
CR-12730,Craig Reiter,Central,Furniture,Chairs,421.37,-6.02,2,0.3
CR-12730,Craig Reiter,Central,Office Supplies,Paper,23.12,8.38,5,0.2
CR-12730,Craig Reiter,East,Office Supplies,Appliances,1018.45,261.89,7,0.1
CR-12730,Craig Reiter,East,Office Supplies,Binders,3.32,-2.65,2,0.7
CR-12730,Craig Reiter,East,Office Supplies,Envelopes,134.29,45.32,2,0.2
CR-12820,Cyra Reiten,Central,Furniture,Bookcases,89.07,-17.03,1,0.32
CR-12820,Cyra Reiten,Central,Office Supplies,,175.44,52.63,6,0.2
CR-12820,Cyra Reiten,Central,Technology,Phones,438.34,-87.67,4,
CR-12820,Cyra Reiten,East,Office Supplies,Paper,17.04,7.67,3,0
CR-12820,Cyra Reiten,East,Office Supplies,Storage,,10.35,3,0
CR-12820,Cyra Reiten,East,Technology,Accessories,319.96,115.19,4,0
CR-12820,Cyra Reiten,South,Office Supplies,,,2.13,5,
CS-11845,Cari Sayre,Central,Office Supplies,Binders,18.42,-27.63,6,0.8
CS-11845,Cari Sayre,West,Furniture,Chairs,963.14,,,0.2
CS-11845,Cari Sayre,West,Office Supplies,Appliances,3.89,1.01,1,0
CS-11845,Cari Sayre,West,Office Supplies,Binders,25.03,7.82,3,0.2
CS-11845,Cari Sayre,West,Office Supplies,Paper,179.7,88.05,5,0
CS-11845,Cari Sayre,West,Technology,Phones,88.78,7.77,3,0.2
CS-11860,Cari Schnelling,Central,,,1.72,-2.84,1,0.8
CS-11860,Cari Schnelling,East,,Appliances,17.48,4.54,4,0
CS-11860,Cari Schnelling,East,Office Supplies,Art,6.6,2.9,3,0
CS-11860,Cari Schnelling,East,Office Supplies,,2.69,0.84,1,0.2
CS-11860,Cari Schnelling,East,Office Supplies,Paper,3.82,1.19,1,0.2
CS-11860,Cari Schnelling,South,Office Supplies,Paper,25.34,,4,0.2
CS-11860,Cari Schnelling,South,Technology,Copiers,479.98,90,2,0.2
CS-11950,Carlos Soltero,Central,,Furnishings,8.79,-5.71,1,0.6
CS-11950,Carlos Soltero,Central,Office Supplies,Binders,8.81,-14.97,3,
CS-11950,Carlos Soltero,Central,Office Supplies,Storage,69.71,8.71,2,0.2
CS-11950,Carlos Soltero,East,Furniture,Chairs,102.58,6.84,1,0.1
CS-11950,Carlos Soltero,East,Furniture,Furnishings,102.27,16.19,5,0.1
CS-11950,Carlos Soltero,East,,Binders,,-125.43,13,0.7
CS-11950,Carlos Soltero,East,,Labels,9.45,4.54,3,0
CS-11950,Carlos Soltero,East,Office Supplies,Paper,20.04,9.62,3,0
CS-11950,Carlos Soltero,East,Office Supplies,Storage,76.79,-16.32,1,0.2
CS-11950,Carlos Soltero,East,,Accessories,31.98,1.2,2,0.2
CS-11950,Carlos Soltero,East,Technology,Phones,820.75,-168.83,9,0.4
CS-11950,Carlos Soltero,South,Office Supplies,Fasteners,11.68,,4,
CS-11950,Carlos Soltero,West,Furniture,Chairs,827.69,85.3,6,0.2
CS-11950,Carlos Soltero,West,,Furnishings,,5.59,2,0
CS-11950,Carlos Soltero,West,Office Supplies,Art,12.39,5.7,,0
CS-11950,Carlos Soltero,West,Office Supplies,Storage,340.92,3.41,3,0
CS-11950,Carlos Soltero,West,Technology,Phones,419.94,52.49,7,0.2
CS-12130,Chad Sievert,Central,Office Supplies,Storage,,-2.22,4,0.2
CS-12130,Chad Sievert,West,Furniture,,340.14,21.26,7,0.2
CS-12130,Chad Sievert,West,Office Supplies,Paper,147.38,68.71,8,0.07
CS-12130,Chad Sievert,West,Office Supplies,Storage,199.74,47.94,,0
CS-12130,Chad Sievert,West,Technology,Phones,108.58,8.14,3,0.2
CS-12175,Charles Sheldon,Central,Office Supplies,Paper,9.99,4.5,,0
CS-12175,Charles Sheldon,East,Office Supplies,Binders,196.21,98.1,7,0
CS-12175,Charles Sheldon,South,Furniture,Furnishings,79.12,13.85,5,0.2
CS-12175,Charles Sheldon,South,,Binders,8.1,-5.94,5,0.7
CS-12175,Charles Sheldon,West,Furniture,Tables,285.48,-10.71,5,0.2
CS-12175,Charles Sheldon,West,Office Supplies,,7.77,,1,0
CS-12175,Charles Sheldon,West,,Binders,19.17,,4,0.2
CS-12175,Charles Sheldon,West,Office Supplies,Supplies,238.62,4.77,2,0
CS-12250,Chris Selesnick,Central,Furniture,Furnishings,18.96,7.58,2,0
CS-12250,Chris Selesnick,Central,Office Supplies,Binders,32.34,15.52,3,
CS-12250,Chris Selesnick,Central,,,6.61,2.15,2,0.2
CS-12250,Chris Selesnick,Central,Office Supplies,Paper,50.59,23.69,7,0.1
CS-12250,Chris Selesnick,East,Office Supplies,Storage,64.96,9.74,4,0
CS-12250,Chris Selesnick,South,Furniture,Furnishings,397.6,43.74,5,0
CS-12250,Chris Selesnick,South,Office Supplies,Art,13.12,,4,0
CS-12250,Chris Selesnick,South,Office Supplies,,51.3,25.08,6,0
CS-12250,Chris Selesnick,South,Office Supplies,Envelopes,62.3,30.81,5,0
CS-12250,Chris Selesnick,South,Office Supplies,Paper,85.96,40.4,7,0
CS-12250,Chris Selesnick,South,Office Supplies,Storage,572.58,34.35,,0
CS-12250,Chris Selesnick,South,Technology,Accessories,646.74,258.7,,0
CS-12250,Chris Selesnick,West,Office Supplies,Binders,,55.08,14,0.2
CS-12250,Chris Selesnick,West,Office Supplies,Labels,,23.56,4,0
CS-12250,Chris Selesnick,West,Office Supplies,Paper,44.16,,7,0
CS-12250,Chris Selesnick,West,Office Supplies,Storage,40.68,0.41,2,
CS-12250,Chris Selesnick,West,Technology,Accessories,275.96,121.66,6,0
CS-12250,Chris Selesnick,West,Technology,Phones,189.54,20.24,7,
CS-12355,Christine Sundaresam,East,Furniture,,242.35,9.09,3,0.2
CS-12355,Christine Sundaresam,East,Office Supplies,Art,63.6,,7,0.1
CS-12355,Christine Sundaresam,East,Office Supplies,Binders,91.19,40.05,9,0.13
CS-12355,Christine Sundaresam,East,Technology,Accessories,479.95,107.99,6,0.2
CS-12355,Christine Sundaresam,South,Furniture,Chairs,232.88,60.55,4,0
CS-12355,Christine Sundaresam,South,Office Supplies,Appliances,187.28,,7,
CS-12355,Christine Sundaresam,South,Office Supplies,,15.28,7.49,2,0
CS-12355,Christine Sundaresam,South,Office Supplies,Paper,375.62,168.89,12,0.07
CS-12355,Christine Sundaresam,South,,Accessories,619.95,111.59,5,0
CS-12355,Christine Sundaresam,South,,Machines,479.97,239.98,,0
CS-12355,Christine Sundaresam,West,Office Supplies,Art,,2.3,3,0
CS-12355,Christine Sundaresam,West,Office Supplies,Fasteners,5.43,1.79,3,
CS-12355,Christine Sundaresam,West,Office Supplies,Labels,,4.58,2,0
CS-12355,Christine Sundaresam,West,Office Supplies,Supplies,27.93,8.1,3,0
CS-12355,Christine Sundaresam,West,Technology,Phones,361.56,28.04,5,0.2
CS-12400,Christopher Schild,Central,Office Supplies,Art,2.48,0.87,1,0
CS-12400,Christopher Schild,Central,Office Supplies,Binders,25.9,12.69,5,0
CS-12400,Christopher Schild,Central,Office Supplies,Storage,230.38,-48.95,,0.2
CS-12400,Christopher Schild,East,Technology,Phones,743.99,-124,2,0.4
CS-12400,Christopher Schild,South,Furniture,Furnishings,258.07,0,3,0.2
CS-12400,Christopher Schild,South,Furniture,Tables,854.47,-350.29,,0.45
CS-12400,Christopher Schild,South,Office Supplies,Binders,5.33,-3.55,2,0.7
CS-12400,Christopher Schild,South,Technology,Accessories,617.98,-7.72,3,0.2
CS-12400,Christopher Schild,West,Furniture,Tables,300.9,11.28,1,0.2
CS-12400,Christopher Schild,West,Office Supplies,Art,2.78,0.72,1,0
CS-12400,Christopher Schild,West,,Binders,29.12,9.83,5,0.2
CS-12400,Christopher Schild,West,Office Supplies,Storage,580.46,156.33,16,0
CS-12460,Chuck Sachs,East,Office Supplies,Binders,98.54,,7,0.2
CS-12460,Chuck Sachs,East,Office Supplies,Labels,3.15,1.51,1,
CS-12460,Chuck Sachs,East,Technology,Phones,136.99,36.99,1,
CS-12460,Chuck Sachs,South,Furniture,Furnishings,23.99,5.52,1,0
CS-12460,Chuck Sachs,South,Technology,Phones,287.97,77.75,3,0
CS-12490,Cindy Schnelling,Central,Office Supplies,Storage,111.67,6.98,9,0.2
CS-12490,Cindy Schnelling,East,Office Supplies,Art,17.36,3.58,5,0.1
CS-12490,Cindy Schnelling,East,Office Supplies,Supplies,,,1,0
CS-12490,Cindy Schnelling,East,Technology,Accessories,10.38,,2,0.2
CS-12490,Cindy Schnelling,East,Technology,Phones,368.68,-61.9,9,0.4
CS-12490,Cindy Schnelling,South,Furniture,Tables,562.29,-255.59,7,0.45
CS-12505,Cindy Stewart,East,Office Supplies,Binders,456.59,-304.39,2,0.7
CS-12505,Cindy Stewart,East,Technology,Accessories,59.98,12,3,0.2
CS-12505,Cindy Stewart,East,Technology,Machines,4499.99,-6599.98,5,0.7
CS-12505,Cindy Stewart,South,Office Supplies,Supplies,52.14,5.87,7,0.2
CS-12505,Cindy Stewart,South,Technology,Machines,396,,4,0
CS-12505,Cindy Stewart,West,Office Supplies,Appliances,168.1,43.71,5,0
CS-12505,Cindy Stewart,West,Office Supplies,Labels,18.75,9,5,0
CS-12505,Cindy Stewart,West,,Paper,38.52,17.33,9,0
CT-11995,Carol Triggs,Central,,Chairs,269.97,51.29,3,0
CT-11995,Carol Triggs,Central,Office Supplies,Appliances,58.92,-153.2,1,0.8
CT-11995,Carol Triggs,Central,Office Supplies,Art,32.96,10.77,11,0
CT-11995,Carol Triggs,Central,Office Supplies,Binders,,3.88,2,0
CT-11995,Carol Triggs,Central,Office Supplies,Storage,190.86,11.45,,
CT-11995,Carol Triggs,Central,Office Supplies,Supplies,185.38,-34.76,2,0.2
CT-11995,Carol Triggs,East,Furniture,Chairs,1806.62,515.91,19,0
CT-11995,Carol Triggs,East,Furniture,Tables,410.31,-67.5,10,0.15
CT-11995,Carol Triggs,East,,Art,63.72,-15.85,12,0.15
CT-11995,Carol Triggs,East,Office Supplies,Binders,72.42,22.89,15,
CT-11995,Carol Triggs,East,Technology,Phones,494.98,-115.5,3,0.4
CT-11995,Carol Triggs,West,Furniture,Chairs,242.35,-42.41,3,
CT-11995,Carol Triggs,West,,Furnishings,51.97,10.39,2,0.2
CT-11995,Carol Triggs,West,Office Supplies,Binders,312.55,101.58,9,
CT-11995,Carol Triggs,West,Office Supplies,Paper,230.37,80.31,7,
CT-11995,Carol Triggs,West,Technology,Accessories,71.98,21.59,3,0.2
CV-12295,Christina VanderZanden,Central,,Tables,1184.72,106.62,4,0
CV-12295,Christina VanderZanden,Central,Office Supplies,Binders,183.42,88.77,11,0
CV-12295,Christina VanderZanden,Central,Office Supplies,,6.12,2.88,3,0
CV-12295,Christina VanderZanden,Central,,Accessories,239.98,53.99,3,0.2
CV-12295,Christina VanderZanden,East,Furniture,Furnishings,63.94,24.94,1,0
CV-12295,Christina VanderZanden,East,Office Supplies,Binders,60.6,20.45,5,0.2
CV-12295,Christina VanderZanden,East,Office Supplies,Supplies,22.72,,4,0
CV-12295,Christina VanderZanden,West,Office Supplies,Appliances,176.04,45.77,4,0
CV-12295,Christina VanderZanden,West,Office Supplies,Art,16.02,4.49,9,0
CV-12295,Christina VanderZanden,West,Office Supplies,Binders,185.92,62.75,4,0.2
CV-12295,Christina VanderZanden,West,Technology,Copiers,479.98,60,2,0.2
CV-12295,Christina VanderZanden,West,Technology,Phones,,,4,0.2
CV-12805,Cynthia Voltz,Central,Furniture,Bookcases,220.27,-42.11,4,0.32
CV-12805,Cynthia Voltz,Central,Office Supplies,Appliances,48.78,-131.72,,0.8
CV-12805,Cynthia Voltz,Central,,Binders,85.61,-22.36,15,0.53
CV-12805,Cynthia Voltz,Central,Office Supplies,Labels,33.12,11.59,4,0.2
CV-12805,Cynthia Voltz,Central,Office Supplies,,76.64,26.82,2,0.2
CV-12805,Cynthia Voltz,Central,Office Supplies,Storage,856.66,107.08,6,0.2
CV-12805,Cynthia Voltz,East,Furniture,Chairs,207.85,2.31,3,0.1
CV-12805,Cynthia Voltz,East,Furniture,Furnishings,136.34,30.84,7,0.13
CV-12805,Cynthia Voltz,East,Office Supplies,Storage,384.04,39.05,4,0.2
CV-12805,Cynthia Voltz,West,Office Supplies,Binders,11.81,4.13,3,0.2
CV-12805,Cynthia Voltz,West,Office Supplies,Envelopes,21.88,10.94,,0
CV-12805,Cynthia Voltz,West,Office Supplies,Labels,9.82,4.81,2,0
CV-12805,Cynthia Voltz,West,Technology,Accessories,,47.1,3,0
CV-12805,Cynthia Voltz,West,Technology,Phones,167.98,10.5,3,0.2
CW-11905,Carl Weiss,Central,,Art,70.37,6.16,,0.2
CW-11905,Carl Weiss,Central,Technology,Accessories,63.98,10.4,2,0.2
CW-11905,Carl Weiss,Central,,,7.99,0.6,1,0.2
CW-11905,Carl Weiss,East,Office Supplies,Binders,299.52,149.76,9,0
CW-11905,Carl Weiss,East,Office Supplies,Fasteners,7.56,,,0
CW-11905,Carl Weiss,East,Office Supplies,Storage,592.74,,6,0
CW-11905,Carl Weiss,West,Office Supplies,Binders,11.89,4.1,3,0.2
CW-11905,Carl Weiss,West,,Labels,14.62,6.87,2,0
CW-11905,Carl Weiss,West,Office Supplies,Paper,67.92,32.6,9,0
CY-12745,Craig Yedwab,Central,Office Supplies,Binders,210.39,-336.63,2,0.8
CY-12745,Craig Yedwab,Central,Office Supplies,Envelopes,9.91,3.22,3,0.2
CY-12745,Craig Yedwab,Central,Technology,Phones,508.77,38.16,4,0.2
CY-12745,Craig Yedwab,East,Technology,,895.94,190.39,7,0.2
CY-12745,Craig Yedwab,South,Office Supplies,Binders,87.28,41.02,8,0
CY-12745,Craig Yedwab,South,,Phones,467.04,58.38,4,0.2
CY-12745,Craig Yedwab,West,Furniture,Furnishings,621.76,46.63,4,
CY-12745,Craig Yedwab,West,Office Supplies,Fasteners,17.9,,5,0
CY-12745,Craig Yedwab,West,Office Supplies,Labels,,3.5,3,0.1
CY-12745,Craig Yedwab,West,,Phones,71.98,7.2,3,0.2
Co-12640,Corey-Lock,Central,Furniture,Furnishings,32.95,-19.77,6,
Co-12640,Corey-Lock,Central,Office Supplies,Appliances,471.9,155.73,6,0
Co-12640,Corey-Lock,Central,Office Supplies,Art,3.52,1.69,2,0
Co-12640,Corey-Lock,Central,Office Supplies,Storage,30.02,3,4,0.2
Co-12640,Corey-Lock,East,Office Supplies,Labels,5.04,1.76,2,0.2
Co-12640,Corey-Lock,South,Office Supplies,Storage,191.88,19.19,6,0
Co-12640,Corey-Lock,West,,Binders,6.37,2.15,2,0.2
Co-12640,Corey-Lock,West,Technology,Machines,558.4,41.88,2,0.2
DA-13450,Dianna Arnett,Central,Office Supplies,Art,6.24,0.55,3,0.2
DA-13450,Dianna Arnett,Central,Office Supplies,Paper,10.37,3.63,,0.2
DA-13450,Dianna Arnett,East,Furniture,Furnishings,37.68,15.83,2,0
DA-13450,Dianna Arnett,East,Office Supplies,Appliances,16.7,1.25,6,0.2
DA-13450,Dianna Arnett,East,Office Supplies,Paper,72.98,,10,0.1
DA-13450,Dianna Arnett,East,Technology,Accessories,3.15,0.47,2,0.2
DA-13450,Dianna Arnett,South,Office Supplies,Binders,9.64,4.72,2,0
DB-12910,Daniel Byrd,Central,Furniture,Furnishings,15.01,-12.01,,
DB-12910,Daniel Byrd,South,Furniture,Furnishings,68.04,28.72,9,0
DB-12910,Daniel Byrd,South,,Binders,,-33.48,5,0.7
DB-12910,Daniel Byrd,South,Office Supplies,Paper,195.03,88.57,9,0.1
DB-12910,Daniel Byrd,South,Technology,Phones,671.93,188.14,7,0
DB-12910,Daniel Byrd,West,Furniture,Bookcases,148.26,15.7,,0.15
DB-12910,Daniel Byrd,West,Furniture,Chairs,915.14,,4,0.2
DB-12910,Daniel Byrd,West,Office Supplies,,6.16,2.96,2,0
DB-12910,Daniel Byrd,West,Office Supplies,Paper,106.38,49.83,,0
DB-12970,Darren Budd,Central,Furniture,Bookcases,67.99,-13,1,0.32
DB-12970,Darren Budd,Central,Office Supplies,,2.67,0.33,1,0.2
DB-12970,Darren Budd,Central,,Paper,36.29,12.7,7,0.2
DB-12970,Darren Budd,Central,,Supplies,16.66,-3.12,6,0.2
DB-12970,Darren Budd,Central,Technology,Accessories,79.51,20.87,3,0.2
DB-12970,Darren Budd,East,Furniture,Chairs,,,5,0.1
DB-12970,Darren Budd,East,Furniture,Tables,313.18,-120.05,2,0.4
DB-12970,Darren Budd,West,Furniture,Tables,273.57,10.26,2,0.2
DB-12970,Darren Budd,West,Office Supplies,Binders,89.51,,5,0.2
DB-12970,Darren Budd,West,Office Supplies,Paper,6.48,,1,0
DB-12970,Darren Budd,West,Office Supplies,Storage,832.96,65.27,,0
DB-13060,Dave Brooks,Central,Furniture,Furnishings,322.68,-319.74,9,0.6
DB-13060,Dave Brooks,Central,Office Supplies,Art,95.23,25,6,
DB-13060,Dave Brooks,Central,Technology,Accessories,39.26,-4.91,3,0.2
DB-13060,Dave Brooks,Central,Technology,Phones,323.98,20.25,3,0.2
DB-13060,Dave Brooks,East,Office Supplies,Art,,1.09,2,0
DB-13060,Dave Brooks,East,Office Supplies,Storage,714.3,207.15,5,
DB-13060,Dave Brooks,East,Technology,Phones,,357.19,7,0
DB-13060,Dave Brooks,South,Office Supplies,,,87.18,3,0.2
DB-13060,Dave Brooks,West,Furniture,Chairs,457.57,51.48,2,0.2
DB-13060,Dave Brooks,West,Furniture,Furnishings,91.96,15.63,2,
DB-13060,Dave Brooks,West,Office Supplies,Paper,29.6,13.32,,0
DB-13060,Dave Brooks,West,,Phones,258.58,19.39,2,0.2
DB-13120,David Bremer,Central,Office Supplies,Binders,760.98,-1141.47,5,0.8
DB-13120,David Bremer,East,Furniture,Tables,1548.99,,9,0.4
DB-13120,David Bremer,East,Office Supplies,Envelopes,19.87,6.71,3,0.2
DB-13120,David Bremer,East,Office Supplies,Labels,21.56,10.35,,0
DB-13120,David Bremer,East,Office Supplies,Paper,145.75,69.96,9,0
DB-13120,David Bremer,South,Furniture,Furnishings,63.55,14.3,3,0.2
DB-13120,David Bremer,South,Office Supplies,Art,172.7,10.79,6,0.2
DB-13120,David Bremer,South,Office Supplies,Supplies,41.38,4.65,3,0.2
DB-13120,David Bremer,West,Office Supplies,,19.52,9.14,4,0
DB-13120,David Bremer,West,Office Supplies,Storage,31.44,8.49,3,0
DB-13120,David Bremer,West,Technology,Accessories,147.35,,7,0
DB-13210,Dean Braden,Central,Office Supplies,Art,34.7,12.49,5,0
DB-13210,Dean Braden,Central,Office Supplies,,47.83,-5.66,13,0.4
DB-13210,Dean Braden,Central,Office Supplies,Paper,14.94,7.02,3,0
DB-13210,Dean Braden,Central,Office Supplies,Storage,215.09,-3.68,4,0.1
DB-13210,Dean Braden,Central,Technology,,123.27,47.24,7,0.1
DB-13210,Dean Braden,East,Furniture,Chairs,958.52,-82.71,5,0.3
DB-13210,Dean Braden,East,Furniture,Furnishings,58.25,11.65,9,0.2
DB-13210,Dean Braden,East,Office Supplies,Art,7.87,0.59,3,0.2
DB-13210,Dean Braden,East,Office Supplies,Paper,171.78,81.76,4,0.1
DB-13210,Dean Braden,East,Office Supplies,Supplies,69.5,20.15,5,0
DB-13210,Dean Braden,East,,Phones,281.97,78.95,3,0
DB-13210,Dean Braden,South,Office Supplies,Binders,2.69,-2.24,2,0.7
DB-13210,Dean Braden,South,,Storage,67.64,5.92,5,0.2
DB-13210,Dean Braden,South,Technology,Accessories,119.98,-18,3,
DB-13210,Dean Braden,South,Technology,Phones,36.19,2.71,1,
DB-13210,Dean Braden,West,Furniture,Chairs,122.35,13.76,,0.2
DB-13270,Deborah Brumfield,Central,,,,-84.96,3,0.3
DB-13270,Deborah Brumfield,Central,,Binders,10.77,-16.84,6,0.8
DB-13270,Deborah Brumfield,East,Furniture,Furnishings,72.42,23.9,6,
DB-13270,Deborah Brumfield,East,Office Supplies,Art,63.3,10.34,5,
DB-13270,Deborah Brumfield,East,Office Supplies,Storage,,582.23,,0
DB-13270,Deborah Brumfield,East,Technology,Phones,629.95,176.39,5,0
DB-13270,Deborah Brumfield,West,Furniture,,403.92,25.25,5,0.2
DB-13270,Deborah Brumfield,West,Office Supplies,Binders,82.9,29.01,3,0.2
DB-13270,Deborah Brumfield,West,Office Supplies,Paper,34.24,16.09,4,0
DB-13270,Deborah Brumfield,West,Technology,,59.97,13.79,3,0
DB-13270,Deborah Brumfield,West,Technology,Phones,761.54,66.64,7,0.2
DB-13360,Dennis Bolton,East,Furniture,Chairs,,62.78,3,
DB-13360,Dennis Bolton,East,,Paper,43.06,,9,0.2
DB-13360,Dennis Bolton,East,Office Supplies,Storage,286.15,71.54,5,
DB-13360,Dennis Bolton,East,Technology,Accessories,99.99,42,1,0
DB-13360,Dennis Bolton,West,,Binders,51.18,19.19,7,0.2
DB-13360,Dennis Bolton,West,Office Supplies,Paper,166.44,79.89,3,0
DB-13405,Denny Blanton,Central,Furniture,Furnishings,526.45,31.59,5,0
DB-13405,Denny Blanton,East,Office Supplies,Appliances,462.96,134.89,10,0.04
DB-13405,Denny Blanton,East,Office Supplies,Art,,72.29,16,0.03
DB-13405,Denny Blanton,East,Office Supplies,Binders,1945.37,,32,
DB-13405,Denny Blanton,East,Office Supplies,,26.06,12.44,6,0
DB-13405,Denny Blanton,East,Office Supplies,Storage,153.97,40.03,11,0
DB-13405,Denny Blanton,East,Technology,Accessories,128.66,,11,0
DB-13405,Denny Blanton,East,Technology,Phones,119.7,31.12,6,0
DB-13405,Denny Blanton,South,Technology,Accessories,87.17,10.9,,0.2
DB-13555,Dorothy Badders,Central,Furniture,,623.46,-119.19,7,0.32
DB-13555,Dorothy Badders,Central,Office Supplies,Binders,11.06,-18.8,10,0.8
DB-13555,Dorothy Badders,Central,Office Supplies,Storage,772.68,-57.95,5,0.2
DB-13555,Dorothy Badders,East,Furniture,Bookcases,441.96,,2,0
DB-13555,Dorothy Badders,East,Office Supplies,Art,,15.48,3,0
DB-13555,Dorothy Badders,East,Office Supplies,,57.96,27.24,7,0
DB-13555,Dorothy Badders,East,,Paper,68.04,33.34,6,0
DB-13555,Dorothy Badders,East,Technology,Accessories,9.1,,1,0.2
DB-13555,Dorothy Badders,South,Furniture,Furnishings,8.92,3.92,4,0
DB-13555,Dorothy Badders,South,Office Supplies,Appliances,942.78,94.28,4,0.2
DB-13555,Dorothy Badders,South,Office Supplies,Art,2.82,0.99,,0.2
DB-13555,Dorothy Badders,South,Office Supplies,Labels,,3.44,1,0
DB-13555,Dorothy Badders,South,Office Supplies,Paper,74.35,23.23,3,0.2
DB-13555,Dorothy Badders,South,Office Supplies,Storage,,0,,0
DB-13615,Doug Bickford,South,Office Supplies,Appliances,43.58,4.36,1,0.2
DB-13615,Doug Bickford,South,Office Supplies,Art,8.76,0.77,5,0.2
DB-13615,Doug Bickford,South,Office Supplies,Storage,387.72,-67.85,5,0.2
DB-13615,Doug Bickford,West,Office Supplies,Binders,62.3,19.59,12,0.2
DB-13615,Doug Bickford,West,Office Supplies,Paper,140.28,55.37,11,0.1
DB-13615,Doug Bickford,West,Office Supplies,Storage,386.43,90.58,,0
DB-13615,Doug Bickford,West,Technology,Copiers,959.98,335.99,2,0.2
DB-13660,Duane Benoit,Central,Office Supplies,Binders,10.48,,,0.8
DB-13660,Duane Benoit,Central,Office Supplies,Paper,6.85,2.14,2,0.2
DB-13660,Duane Benoit,East,Furniture,Furnishings,18.96,8.53,2,0
DB-13660,Duane Benoit,East,,Binders,9.84,4.72,2,0
DB-13660,Duane Benoit,East,Office Supplies,Paper,7.78,3.5,1,0
DB-13660,Duane Benoit,East,Office Supplies,Storage,156.51,-35.22,4,0.2
DB-13660,Duane Benoit,East,Technology,Machines,65.97,31.01,3,0
DB-13660,Duane Benoit,West,Furniture,Chairs,594.82,59.48,2,0.2
DB-13660,Duane Benoit,West,Office Supplies,Binders,72.96,,3,0.2
DB-13660,Duane Benoit,West,Office Supplies,Paper,,97.08,8,0
DC-12850,Dan Campbell,Central,Office Supplies,Art,8.93,0.56,2,0.2
DC-12850,Dan Campbell,Central,Office Supplies,Storage,549.78,-82.31,16,0.2
DC-12850,Dan Campbell,Central,Office Supplies,Supplies,4.36,0.17,2,0
DC-12850,Dan Campbell,East,,Bookcases,301.47,-241.18,3,0.5
DC-12850,Dan Campbell,East,Office Supplies,Art,24.12,3.11,5,0.1
DC-12850,Dan Campbell,South,Furniture,Chairs,423.65,47.66,2,
DC-12850,Dan Campbell,South,,Furnishings,31.98,0,1,0.2
DC-12850,Dan Campbell,South,Office Supplies,Appliances,272.05,30.61,7,0.2
DC-12850,Dan Campbell,South,Office Supplies,,1614.58,-1237.85,6,
DC-12850,Dan Campbell,South,Office Supplies,Envelopes,52.37,17.49,8,0.2
DC-12850,Dan Campbell,South,Office Supplies,Fasteners,24.32,9.12,5,0.2
DC-12850,Dan Campbell,South,Office Supplies,Paper,26.98,,5,0.1
DC-12850,Dan Campbell,South,Technology,Accessories,1.58,0.48,2,0.2
DC-13285,Debra Catini,Central,,Storage,24.56,,2,0
DC-13285,Debra Catini,Central,Technology,Accessories,119.8,47.92,4,0
DC-13285,Debra Catini,South,Furniture,Furnishings,82.38,25.54,6,0
DC-13285,Debra Catini,South,Office Supplies,Art,41.86,10.46,7,0
DC-13285,Debra Catini,South,,Storage,150.41,-33.84,9,0.2
DC-13285,Debra Catini,South,,Accessories,447.94,89.59,7,0.2
DC-13285,Debra Catini,West,Furniture,Bookcases,307.67,-14.48,2,0.15
DD-13570,Dorothy Dickinson,Central,Office Supplies,Binders,,-20.73,9,0.8
DD-13570,Dorothy Dickinson,Central,Technology,Accessories,79.98,14,2,0.2
DD-13570,Dorothy Dickinson,East,Office Supplies,Labels,3.3,1.07,1,0.2
DD-13570,Dorothy Dickinson,South,,,25.06,12.53,7,
DD-13570,Dorothy Dickinson,South,Office Supplies,Storage,39.13,-8.8,1,0.2
DD-13570,Dorothy Dickinson,West,Office Supplies,Art,59.52,15.48,3,0
DD-13570,Dorothy Dickinson,West,Office Supplies,Paper,50.1,22.89,10,0
DE-13255,Deanra Eno,Central,Furniture,,1408.1,394.27,10,0
DE-13255,Deanra Eno,Central,Office Supplies,,15.24,6.86,4,0
DE-13255,Deanra Eno,East,Office Supplies,Art,3.91,1.03,1,
DE-13255,Deanra Eno,East,Office Supplies,Paper,78.86,,6,0.2
DE-13255,Deanra Eno,East,Technology,Phones,15.59,-9.87,2,0.4
DE-13255,Deanra Eno,West,Furniture,,20.04,8.82,6,0
DE-13255,Deanra Eno,West,,Paper,61.96,27.88,,0
DE-13255,Deanra Eno,West,Office Supplies,Storage,,9.47,7,0
DF-13135,David Flashing,Central,Furniture,Tables,626.1,-538.45,3,0.5
DF-13135,David Flashing,Central,Office Supplies,Binders,1.73,-2.68,3,0.8
DF-13135,David Flashing,Central,Technology,Phones,1439.97,144,4,0.2
DF-13135,David Flashing,East,Office Supplies,Paper,212.64,99.94,,0
DF-13135,David Flashing,West,Office Supplies,,95.65,31.09,2,0.2
DF-13135,David Flashing,West,Office Supplies,Labels,14.45,6.79,5,0
DG-13300,Deirdre Greer,East,Furniture,Furnishings,451.35,27.1,,0.2
DG-13300,Deirdre Greer,East,Office Supplies,Appliances,76.12,22.07,2,0
DG-13300,Deirdre Greer,East,Office Supplies,Envelopes,79.96,35.98,2,
DG-13300,Deirdre Greer,East,Office Supplies,Paper,6.72,2.44,2,
DG-13300,Deirdre Greer,East,Technology,Phones,1979.89,494.97,11,0
DG-13300,Deirdre Greer,West,Furniture,Chairs,582.34,-29.12,8,0.2
DG-13300,Deirdre Greer,West,Office Supplies,Paper,19.44,9.33,3,0
DH-13075,Dave Hallsten,Central,Office Supplies,Appliances,,-19.6,2,0.8
DH-13075,Dave Hallsten,East,Office Supplies,Binders,1137.78,370.4,11,0.2
DH-13075,Dave Hallsten,East,Office Supplies,Envelopes,,12,1,0
DH-13075,Dave Hallsten,East,Office Supplies,Storage,83.92,20.14,4,0
DH-13075,Dave Hallsten,East,Technology,Phones,,53.99,2,0
DH-13075,Dave Hallsten,South,Office Supplies,Art,30.24,8.41,9,0
DH-13075,Dave Hallsten,South,Office Supplies,,19.14,8.8,3,0
DH-13075,Dave Hallsten,South,Office Supplies,Paper,661.5,317.52,11,0
DH-13075,Dave Hallsten,South,Office Supplies,Storage,193.95,9.7,3,0
DH-13075,Dave Hallsten,South,Technology,Copiers,899.97,314.99,3,0
DH-13075,Dave Hallsten,South,Technology,Phones,36.99,9.99,1,0
DH-13075,Dave Hallsten,West,Furniture,Chairs,184.75,-20.78,3,0.2
DH-13075,Dave Hallsten,West,,,48.04,16.96,8,0
DH-13075,Dave Hallsten,West,Office Supplies,Paper,59.72,28.8,9,0
DH-13075,Dave Hallsten,West,Office Supplies,Storage,795.48,7.95,7,0
DH-13075,Dave Hallsten,West,Technology,Machines,532.72,,2,0.2
DH-13075,Dave Hallsten,West,Technology,Phones,,1.2,2,0.2
DH-13675,Duane Huffman,East,Furniture,Furnishings,85.3,14.5,2,0
DH-13675,Duane Huffman,South,Furniture,Furnishings,39.96,14.39,2,0
DH-13675,Duane Huffman,South,Office Supplies,Appliances,211.25,,6,0.2
DH-13675,Duane Huffman,South,Office Supplies,Art,47.96,4.2,5,0.2
DH-13675,Duane Huffman,South,Office Supplies,Labels,2.95,1,1,0.2
DH-13675,Duane Huffman,South,Office Supplies,Paper,31.1,10.89,6,0.2
DH-13675,Duane Huffman,South,Office Supplies,Supplies,5.55,-1.04,2,0.2
DH-13675,Duane Huffman,South,Technology,Accessories,158.93,,7,0.2
DH-13675,Duane Huffman,West,Furniture,Bookcases,411.33,-4.84,4,0.15
DH-13675,Duane Huffman,West,Office Supplies,Labels,41.4,19.87,4,
DH-13675,Duane Huffman,West,Office Supplies,,7.36,0.15,2,0
DJ-13420,Denny Joy,Central,Furniture,,1454.9,378.27,5,0
DJ-13420,Denny Joy,South,Furniture,Chairs,392.94,43.22,3,
DJ-13420,Denny Joy,West,Furniture,Furnishings,119.32,39.76,5,0
DJ-13420,Denny Joy,West,Office Supplies,Paper,45.36,21.77,7,0
DJ-13510,Don Jones,East,Furniture,Chairs,128.06,-23.78,3,0.3
DJ-13510,Don Jones,East,Office Supplies,Binders,45.78,22.89,3,0
DJ-13510,Don Jones,East,Office Supplies,Labels,20.7,9.94,2,0
DJ-13510,Don Jones,East,,Paper,45.36,21.77,,0
DJ-13510,Don Jones,South,Furniture,Furnishings,15.99,1,1,0.2
DJ-13510,Don Jones,South,,Binders,,8.26,4,0
DJ-13510,Don Jones,South,Office Supplies,Fasteners,12.67,4.56,7,0
DJ-13510,Don Jones,South,,,114.2,52.53,5,
DJ-13510,Don Jones,South,Technology,Accessories,339.96,122.39,,0
DJ-13510,Don Jones,West,Furniture,Chairs,1603.14,100.2,,0.2
DJ-13510,Don Jones,West,,Furnishings,64.96,21.44,2,0
DJ-13510,Don Jones,West,Office Supplies,,,14.97,4,0
DJ-13510,Don Jones,West,Technology,Accessories,62.35,-10.91,6,
DJ-13630,Doug Jacobs,East,Furniture,,1141.94,139.57,9,0.1
DJ-13630,Doug Jacobs,East,Office Supplies,Appliances,1704.56,511.37,13,0
DJ-13630,Doug Jacobs,East,Office Supplies,Art,42.02,18.84,8,
DJ-13630,Doug Jacobs,East,Office Supplies,Binders,14.35,4.66,3,0.2
DJ-13630,Doug Jacobs,East,Office Supplies,Storage,133.56,,6,0
DJ-13630,Doug Jacobs,West,Technology,Phones,319.97,36,4,0.2
DK-12835,Damala Kotsonis,Central,Furniture,Chairs,1028.31,,5,
DK-12835,Damala Kotsonis,Central,Office Supplies,Binders,41.54,19.52,,0
DK-12835,Damala Kotsonis,Central,,Paper,12.96,6.22,2,0
DK-12835,Damala Kotsonis,Central,Technology,Phones,79.96,22.39,4,0
DK-12835,Damala Kotsonis,East,Office Supplies,Appliances,99.28,12.41,2,
DK-12835,Damala Kotsonis,East,Office Supplies,Art,59.52,17.86,3,0
DK-12835,Damala Kotsonis,East,Office Supplies,Binders,8.71,,,0.7
DK-12835,Damala Kotsonis,South,Furniture,Tables,79.97,-29.32,3,0.4
DK-12835,Damala Kotsonis,South,Office Supplies,Binders,2.95,-2.06,2,0.7
DK-12835,Damala Kotsonis,South,Office Supplies,Envelopes,,146.24,5,0
DK-12835,Damala Kotsonis,South,Office Supplies,Paper,12.96,6.35,2,0
DK-12835,Damala Kotsonis,West,Furniture,Chairs,478.48,47.85,2,0.2
DK-12835,Damala Kotsonis,West,Office Supplies,Appliances,,0.84,1,0.2
DK-12835,Damala Kotsonis,West,Office Supplies,,3.36,0.84,2,0
DK-12835,Damala Kotsonis,West,Office Supplies,Binders,67.46,,,0.2
DK-12835,Damala Kotsonis,West,Office Supplies,Envelopes,434.65,204.43,10,0
DK-12835,Damala Kotsonis,West,Office Supplies,,430.57,,15,
DK-12835,Damala Kotsonis,West,Office Supplies,Paper,,,7,0.2
DK-12835,Damala Kotsonis,West,Technology,,28.4,6.74,2,0.2
DK-12835,Damala Kotsonis,West,Technology,Phones,28.78,2.88,2,0.2
DK-12895,Dana Kaydos,Central,Furniture,Bookcases,512.94,97.46,3,0
DK-12895,Dana Kaydos,Central,Furniture,Chairs,860.93,189.4,7,0
DK-12895,Dana Kaydos,Central,Furniture,Furnishings,373.08,82.08,,0
DK-12895,Dana Kaydos,Central,Office Supplies,Art,143.72,17.37,8,0.1
DK-12895,Dana Kaydos,Central,Technology,,769.95,223.29,5,
DK-12895,Dana Kaydos,South,Furniture,Furnishings,559.2,55.02,8,0.2
DK-12895,Dana Kaydos,South,Office Supplies,Paper,5.18,1.81,1,0.2
DK-12895,Dana Kaydos,West,Office Supplies,,100.7,37.76,6,0.2
DK-12895,Dana Kaydos,West,Office Supplies,Paper,192.16,92.24,4,0
DK-12895,Dana Kaydos,West,Office Supplies,Storage,46.74,11.68,3,0
DK-12895,Dana Kaydos,West,Technology,Accessories,174.95,,5,0
DK-12895,Dana Kaydos,West,Technology,Copiers,299.99,90,1,0
DK-12895,Dana Kaydos,West,Technology,Phones,242.62,27.3,8,0.2
DK-12985,Darren Koutras,Central,Office Supplies,Storage,646.2,-8.08,,0.2
DK-12985,Darren Koutras,South,,Chairs,283.92,70.98,4,0
DK-12985,Darren Koutras,South,,Furnishings,72.7,19.08,4,0.2
DK-12985,Darren Koutras,South,Office Supplies,Appliances,,41.29,3,0
DK-12985,Darren Koutras,South,Office Supplies,Art,12.26,1.07,7,0.2
DK-12985,Darren Koutras,South,Office Supplies,Storage,218.35,-54.59,3,0.2
DK-12985,Darren Koutras,West,Furniture,,277.5,-188.7,4,0.5
DK-12985,Darren Koutras,West,Office Supplies,Envelopes,23.16,11.58,2,0
DK-13090,Dave Kipp,Central,Office Supplies,Paper,104.85,50.33,1,0
DK-13090,Dave Kipp,Central,,Accessories,47.9,-2.99,1,0.2
DK-13090,Dave Kipp,East,,Furnishings,10.56,4.65,6,0
DK-13090,Dave Kipp,East,Furniture,Tables,,-47.18,3,0.3
DK-13090,Dave Kipp,East,Office Supplies,Art,7.98,2.07,3,0
DK-13090,Dave Kipp,East,Office Supplies,Paper,4.77,2.15,1,0
DK-13090,Dave Kipp,East,Technology,Phones,,36.73,5,0
DK-13090,Dave Kipp,South,Office Supplies,Art,55.98,,,0.2
DK-13090,Dave Kipp,South,Office Supplies,Binders,4.09,-3,2,0.7
DK-13090,Dave Kipp,South,Office Supplies,Paper,10.69,3.74,2,0.2
DK-13090,Dave Kipp,South,Office Supplies,Storage,30.84,8.33,2,0
DK-13090,Dave Kipp,South,Technology,Copiers,959.98,311.99,2,0.2
DK-13090,Dave Kipp,West,Furniture,,787.53,165.38,3,0
DK-13150,David Kendrick,Central,Office Supplies,Storage,24.82,1.86,2,0.2
DK-13150,David Kendrick,Central,Technology,Accessories,408.74,,7,0.2
DK-13150,David Kendrick,East,Office Supplies,Binders,50.35,,3,0.2
DK-13150,David Kendrick,East,Office Supplies,Paper,313.92,153.82,8,0
DK-13225,Dean Katz,Central,Office Supplies,Binders,11.36,-17.05,3,0.8
DK-13225,Dean Katz,Central,Office Supplies,Storage,250.27,15.64,9,0.2
DK-13225,Dean Katz,Central,Office Supplies,Supplies,,-1.74,5,0.2
DK-13225,Dean Katz,East,Furniture,Furnishings,,0.78,1,0.2
DK-13225,Dean Katz,East,Furniture,Tables,,-120.05,2,0.4
DK-13225,Dean Katz,East,Office Supplies,Appliances,706.86,197.92,7,0
DK-13225,Dean Katz,East,,Binders,6.98,2.36,1,0.2
DK-13225,Dean Katz,East,Office Supplies,Fasteners,16.69,5.42,7,0.2
DK-13225,Dean Katz,East,Office Supplies,Paper,36.96,,7,0.1
DK-13225,Dean Katz,East,,Machines,482.34,-337.64,4,0.7
DK-13225,Dean Katz,East,Technology,Phones,23.99,-4.8,2,0.4
DK-13225,Dean Katz,West,Furniture,Chairs,770.35,,3,0.2
DK-13225,Dean Katz,West,Office Supplies,Appliances,154.9,40.27,,0
DK-13225,Dean Katz,West,Office Supplies,,3.38,1.25,1,0
DK-13225,Dean Katz,West,Office Supplies,,30.56,,4,0
DK-13225,Dean Katz,West,Office Supplies,Paper,10.56,4.75,2,0
DK-13225,Dean Katz,West,,Storage,1972.33,,7,0
DK-13375,Dennis Kane,Central,Office Supplies,Appliances,1.39,-3.76,2,0.8
DK-13375,Dennis Kane,Central,Office Supplies,Art,29.2,10.51,5,0
DK-13375,Dennis Kane,Central,Office Supplies,Paper,32.4,15.55,5,0
DK-13375,Dennis Kane,Central,Office Supplies,Storage,965.85,135.22,5,0
DK-13375,Dennis Kane,Central,Technology,Accessories,109.95,,1,0
DK-13375,Dennis Kane,East,Furniture,Chairs,70.69,-24.24,1,0.3
DK-13375,Dennis Kane,East,,Art,37.38,4.67,8,0.2
DK-13375,Dennis Kane,East,Office Supplies,Storage,221.02,-55.26,2,
DK-13375,Dennis Kane,East,Technology,Phones,863.91,20.52,5,0.2
DK-13375,Dennis Kane,West,Furniture,Furnishings,61.05,25.87,11,
DK-13375,Dennis Kane,West,Office Supplies,Binders,37.26,13.03,5,0.2
DK-13375,Dennis Kane,West,Office Supplies,Fasteners,7.86,,2,0
DK-13375,Dennis Kane,West,Office Supplies,Labels,87.71,41.22,7,0
DK-13375,Dennis Kane,West,,Paper,39.16,18.27,6,0
DK-13375,Dennis Kane,West,Office Supplies,Storage,69.52,17.38,2,0
DK-13375,Dennis Kane,West,Technology,Accessories,663.35,122.86,8,0
DK-13375,Dennis Kane,West,Technology,Phones,20.78,-4.68,2,0.2
DL-12865,Dan Lawera,Central,Office Supplies,,6,2.1,2,0.2
DL-12865,Dan Lawera,East,,Appliances,,49.56,3,0
DL-12865,Dan Lawera,East,Office Supplies,Art,32.76,3.69,7,0.2
DL-12865,Dan Lawera,East,Office Supplies,Paper,19.65,9.04,3,0
DL-12865,Dan Lawera,South,Furniture,Chairs,187.06,11.69,9,
DL-12865,Dan Lawera,South,Furniture,Furnishings,15.38,4.04,1,0.2
DL-12865,Dan Lawera,South,Office Supplies,Binders,12.29,-8.61,,
DL-12865,Dan Lawera,West,Furniture,Chairs,483.14,60.39,4,0.2
DL-12865,Dan Lawera,West,Office Supplies,Art,5.76,1.67,2,0
DL-12865,Dan Lawera,West,Office Supplies,Labels,34.58,17.09,3,
DL-12865,Dan Lawera,West,Office Supplies,Paper,10.9,5.12,5,0
DL-12865,Dan Lawera,West,Technology,Copiers,479.98,161.99,3,0.2
DL-12865,Dan Lawera,West,Technology,Phones,44.74,4.47,8,0.2
DL-12925,Daniel Lacy,Central,Furniture,Furnishings,123.96,11.16,3,0
DL-12925,Daniel Lacy,Central,,Binders,56.54,27.64,4,0
DL-12925,Daniel Lacy,Central,Office Supplies,Labels,,6.87,3,0
DL-12925,Daniel Lacy,Central,Office Supplies,,8.56,3.85,2,
DL-12925,Daniel Lacy,Central,Office Supplies,Storage,52.4,14.15,5,0
DL-12925,Daniel Lacy,Central,Technology,Phones,,212.39,10,0
DL-12925,Daniel Lacy,East,Furniture,Furnishings,31.68,9.82,6,0
DL-12925,Daniel Lacy,East,Office Supplies,Appliances,533.94,154.84,3,0
DL-12925,Daniel Lacy,East,Office Supplies,Paper,,,3,0
DL-12925,Daniel Lacy,South,Technology,Machines,1299.99,-572,2,0.5
DL-12925,Daniel Lacy,West,Furniture,Furnishings,204.6,53.2,2,0
DL-13315,Delfina Latchford,Central,Office Supplies,Art,54.21,8.81,14,0.2
DL-13315,Delfina Latchford,Central,Office Supplies,Binders,8.95,-14.77,,0.8
DL-13315,Delfina Latchford,East,Furniture,Furnishings,,,8,0.1
DL-13315,Delfina Latchford,East,Office Supplies,Binders,18.59,-13.63,2,0.7
DL-13315,Delfina Latchford,East,Office Supplies,Envelopes,,162.86,4,0
DL-13315,Delfina Latchford,East,Office Supplies,Labels,30.07,10.15,3,0.2
DL-13315,Delfina Latchford,East,Office Supplies,Paper,19.44,9.33,3,0
DL-13315,Delfina Latchford,East,,Storage,385.44,30.86,13,0
DL-13315,Delfina Latchford,East,Technology,Phones,124.2,-31.05,3,0.4
DL-13315,Delfina Latchford,South,Office Supplies,Appliances,87.17,8.72,2,0.2
DL-13315,Delfina Latchford,South,Office Supplies,Art,31.74,8.33,2,0.2
DL-13315,Delfina Latchford,South,Office Supplies,Paper,61.06,28.06,,0.1
DL-13315,Delfina Latchford,West,Office Supplies,Paper,38.88,18.66,6,0
DL-13330,Denise Leinenbach,Central,Office Supplies,Appliances,19.75,,5,0
DL-13330,Denise Leinenbach,Central,,Art,10.92,4.91,6,0
DL-13330,Denise Leinenbach,Central,Technology,Accessories,393.54,165.29,3,0
DL-13330,Denise Leinenbach,Central,Technology,Machines,83.9,22.65,2,0
DL-13330,Denise Leinenbach,East,Office Supplies,,12.42,5.22,3,
DL-13330,Denise Leinenbach,South,Office Supplies,Art,20.02,1.75,9,0.2
DL-13330,Denise Leinenbach,South,Office Supplies,Supplies,3.1,0.35,1,0.2
DL-13330,Denise Leinenbach,West,Furniture,Furnishings,41.37,17.38,3,0
DL-13495,Dionis Lloyd,Central,,Bookcases,160.98,20.93,1,
DL-13495,Dionis Lloyd,Central,Office Supplies,Art,3.28,0.95,1,0
DL-13495,Dionis Lloyd,Central,Office Supplies,,17.34,8.5,3,
DL-13495,Dionis Lloyd,Central,Technology,Phones,73.98,19.97,2,0
DL-13495,Dionis Lloyd,East,,Envelopes,62.96,28.33,4,0
DL-13495,Dionis Lloyd,East,Office Supplies,Storage,1801.63,-337.81,6,0.2
DL-13495,Dionis Lloyd,South,Technology,,316,31.6,4,0
DL-13495,Dionis Lloyd,West,Furniture,Furnishings,22.72,9.32,1,0
DL-13495,Dionis Lloyd,West,Office Supplies,,158.95,,7,0
DL-13495,Dionis Lloyd,West,Office Supplies,Paper,83.88,29.36,1,
DL-13495,Dionis Lloyd,West,,Machines,837.6,62.82,3,0.2
DM-12955,Dario Medina,Central,Furniture,Bookcases,194.32,31.09,4,
DM-12955,Dario Medina,Central,Furniture,Tables,99.37,-1.42,2,0.3
DM-12955,Dario Medina,Central,Office Supplies,Art,,8.04,2,0.1
DM-12955,Dario Medina,East,Office Supplies,Appliances,795.41,59.66,6,0.2
DM-12955,Dario Medina,South,Office Supplies,Appliances,81.57,7.14,2,0.2
DM-12955,Dario Medina,West,Office Supplies,Art,10.5,1.18,4,0.2
DM-12955,Dario Medina,West,Office Supplies,Binders,12.83,4.33,2,0.2
DM-12955,Dario Medina,West,,Storage,,-1.26,6,0.2
DM-13015,Darrin Martin,Central,Office Supplies,Art,,0.9,3,0.2
DM-13015,Darrin Martin,Central,Office Supplies,Binders,3.56,-6.24,3,0.8
DM-13015,Darrin Martin,Central,Office Supplies,Paper,,6.6,,
DM-13015,Darrin Martin,Central,Technology,Phones,823.96,51.5,5,0.2
DM-13015,Darrin Martin,East,,Tables,464.29,,9,0.4
DM-13015,Darrin Martin,East,Office Supplies,Appliances,1247.57,,,0.1
DM-13015,Darrin Martin,East,Office Supplies,Binders,11.67,-7.78,3,0.7
DM-13015,Darrin Martin,East,Office Supplies,Envelopes,68.46,31.49,7,0
DM-13015,Darrin Martin,East,Office Supplies,Paper,55.19,24.82,11,
DM-13015,Darrin Martin,East,Technology,Machines,2799.96,1371.98,4,0
DM-13015,Darrin Martin,East,Technology,Phones,304.96,,4,0
DM-13015,Darrin Martin,South,Office Supplies,Binders,86.06,,7,0.7
DM-13015,Darrin Martin,South,Office Supplies,Envelopes,23.47,7.63,3,
DM-13015,Darrin Martin,South,Office Supplies,Paper,10.27,3.21,3,
DM-13015,Darrin Martin,South,,Phones,108.78,6.8,2,0.2
DM-13015,Darrin Martin,West,Furniture,Tables,298.78,7.47,3,
DM-13015,Darrin Martin,West,Office Supplies,Binders,6.72,2.35,5,0.2
DM-13345,Denise Monton,Central,Office Supplies,Paper,40.46,19.83,7,0
DM-13345,Denise Monton,Central,Technology,Phones,,109.33,3,0
DM-13345,Denise Monton,East,Furniture,Chairs,127.76,2.84,2,0.1
DM-13345,Denise Monton,East,,Tables,376.87,-213.56,3,0.4
DM-13345,Denise Monton,East,Office Supplies,Binders,5.76,2.82,2,0
DM-13345,Denise Monton,East,Technology,,,22.5,3,0.2
DM-13345,Denise Monton,South,Furniture,Furnishings,56.28,15.76,6,0
DM-13345,Denise Monton,South,Office Supplies,Art,,0.89,3,0.2
DM-13345,Denise Monton,South,Office Supplies,Binders,2690.97,,,0
DM-13345,Denise Monton,West,Office Supplies,Binders,112.9,42.34,4,0.2
DM-13345,Denise Monton,West,Office Supplies,Paper,87.92,40.44,,
DM-13345,Denise Monton,West,Office Supplies,Storage,42.76,11.12,1,
DM-13525,Don Miller,Central,Office Supplies,Fasteners,15.81,5.34,8,0.2
DM-13525,Don Miller,Central,Office Supplies,Paper,36.29,,7,0.2
DM-13525,Don Miller,East,Furniture,Furnishings,210.68,50.56,2,0
DM-13525,Don Miller,East,Office Supplies,Storage,851.48,109.75,5,0
DM-13525,Don Miller,East,Technology,Accessories,19.99,6.8,1,0
DM-13525,Don Miller,South,Furniture,Furnishings,232.74,21.36,5,0.2
DM-13525,Don Miller,South,Office Supplies,Binders,9.81,-6.87,5,0.7
DN-13690,Duane Noonan,Central,Furniture,Furnishings,477.3,138.42,5,0
DN-13690,Duane Noonan,East,Furniture,Bookcases,362.94,36.29,3,0
DN-13690,Duane Noonan,East,Furniture,Furnishings,164.22,50.91,3,0
DN-13690,Duane Noonan,East,Office Supplies,Paper,,55.76,4,0
DN-13690,Duane Noonan,East,Technology,Accessories,59.98,26.39,2,0
DN-13690,Duane Noonan,West,Furniture,Furnishings,906.82,219.58,13,
DN-13690,Duane Noonan,West,Office Supplies,Art,14.9,4.17,5,0
DN-13690,Duane Noonan,West,Office Supplies,,8.32,2.81,,0.2
DN-13690,Duane Noonan,West,,Storage,21.39,6.2,1,0
DO-13435,Denny Ordway,East,Office Supplies,Art,55.98,4.2,2,0.2
DO-13435,Denny Ordway,East,,Envelopes,14.48,4.89,5,
DO-13435,Denny Ordway,East,Office Supplies,,272.94,0,3,0
DO-13435,Denny Ordway,East,Technology,Accessories,142.49,-3.56,3,
DO-13435,Denny Ordway,East,Technology,Phones,84.95,22.09,,0
DO-13435,Denny Ordway,South,Furniture,Tables,375.46,-157.01,3,0.45
DO-13435,Denny Ordway,South,Technology,,83.98,-1.05,,0.2
DO-13435,Denny Ordway,West,Office Supplies,Appliances,73.28,21.25,4,0
DO-13435,Denny Ordway,West,Office Supplies,Art,,0.72,3,0.2
DO-13435,Denny Ordway,West,Office Supplies,Binders,102.72,37.24,3,0.2
DO-13435,Denny Ordway,West,Office Supplies,Envelopes,43.92,15.92,5,0.2
DO-13435,Denny Ordway,West,Office Supplies,Paper,42.68,16.42,9,0.1
DO-13645,Doug O'Connell,Central,Office Supplies,Paper,76.64,26.82,2,0.2
DO-13645,Doug O'Connell,East,Furniture,,485.16,63.73,6,0
DO-13645,Doug O'Connell,East,Furniture,Furnishings,12.99,1.56,1,
DO-13645,Doug O'Connell,East,Office Supplies,Paper,795.42,374.05,,0
DO-13645,Doug O'Connell,South,,Chairs,97.18,6.07,2,0.2
DO-13645,Doug O'Connell,South,Office Supplies,Paper,23.33,9.85,4,0.1
DO-13645,Doug O'Connell,South,,Accessories,199.95,63.98,5,0
DO-13645,Doug O'Connell,West,Office Supplies,Binders,295.06,106.96,9,0.2
DO-13645,Doug O'Connell,West,Technology,Phones,57.57,5.76,4,0.2
DP-13000,Darren Powers,Central,Furniture,Chairs,89.99,17.1,1,0
DP-13000,Darren Powers,Central,Furniture,Furnishings,96.25,,10,0.4
DP-13000,Darren Powers,Central,Office Supplies,Binders,38.22,17.96,6,0
DP-13000,Darren Powers,Central,Office Supplies,Labels,75.18,35.33,6,
DP-13000,Darren Powers,Central,Office Supplies,Paper,106.02,38.02,4,0.2
DP-13000,Darren Powers,Central,Technology,Accessories,127.98,25.6,2,
DP-13000,Darren Powers,East,Office Supplies,Art,23.65,6.15,1,0
DP-13000,Darren Powers,East,Office Supplies,Binders,58.17,-46.54,5,0.7
DP-13000,Darren Powers,East,Office Supplies,Labels,,,2,0.2
DP-13000,Darren Powers,East,Office Supplies,Paper,,7.74,1,0.2
DP-13000,Darren Powers,East,Technology,Phones,13.98,3.91,,0
DP-13000,Darren Powers,South,Office Supplies,Binders,,-5.18,4,0.7
DP-13000,Darren Powers,West,Office Supplies,Art,14.7,6.62,5,0
DP-13000,Darren Powers,West,Office Supplies,Paper,,180.77,9,
DP-13105,Dave Poirier,Central,Office Supplies,Storage,32.56,,2,
DP-13105,Dave Poirier,East,Office Supplies,Binders,1241.21,,,0.2
DP-13105,Dave Poirier,East,Office Supplies,,7.92,,5,0.2
DP-13105,Dave Poirier,East,Technology,Copiers,,90,2,0.2
DP-13105,Dave Poirier,West,Furniture,Chairs,184.75,-20.78,3,0.2
DP-13105,Dave Poirier,West,Office Supplies,Art,45.22,12.26,7,0
DP-13105,Dave Poirier,West,Office Supplies,Binders,34.53,,7,0.2
DP-13105,Dave Poirier,West,Office Supplies,Paper,38.88,18.66,6,0
DP-13105,Dave Poirier,West,Technology,Accessories,149.95,31.49,5,0
DP-13165,David Philippe,Central,Office Supplies,Art,8.02,1,,0.2
DP-13165,David Philippe,East,Furniture,Bookcases,883.92,-110.49,5,0.2
DP-13165,David Philippe,East,Office Supplies,Binders,46.72,15.77,8,0.2
DP-13165,David Philippe,East,Technology,Accessories,,52.78,4,0
DP-13390,Dennis Pardue,Central,Furniture,Bookcases,359.06,-35.91,3,0.3
DP-13390,Dennis Pardue,Central,Office Supplies,Appliances,70.97,-191.62,5,0.8
DP-13390,Dennis Pardue,Central,,Art,36.78,3.68,2,0.2
DP-13390,Dennis Pardue,Central,Office Supplies,Binders,3.6,,,0
DP-13390,Dennis Pardue,East,,Art,16.66,3.33,3,0.2
DP-13390,Dennis Pardue,South,,Binders,51.98,,9,0.35
DP-13390,Dennis Pardue,West,Office Supplies,Appliances,56.65,24.36,5,0
DP-13390,Dennis Pardue,West,Office Supplies,,113.22,29.44,3,0
DP-13390,Dennis Pardue,West,,Binders,4716.94,1712.15,9,0.2
DP-13390,Dennis Pardue,West,Office Supplies,Fasteners,4.02,1.97,2,0
DP-13390,Dennis Pardue,West,Office Supplies,,35.88,,6,0
DP-13390,Dennis Pardue,West,,Storage,14.97,4.19,,0
DR-12880,Dan Reichenbach,Central,Furniture,Furnishings,12.13,-8.49,9,0.6
DR-12880,Dan Reichenbach,Central,Office Supplies,,,-15.52,7,0.2
DR-12880,Dan Reichenbach,Central,Technology,Phones,647.9,,,0.2
DR-12880,Dan Reichenbach,East,Furniture,Bookcases,638.82,185.26,9,
DR-12880,Dan Reichenbach,East,,Furnishings,25.16,8.55,2,0
DR-12880,Dan Reichenbach,East,Office Supplies,Art,13.25,3.64,4,0.2
DR-12880,Dan Reichenbach,East,Office Supplies,Binders,,5.13,2,0.2
DR-12880,Dan Reichenbach,East,Office Supplies,Supplies,30.69,7.98,3,0
DR-12880,Dan Reichenbach,East,Technology,Accessories,1149.86,483.44,14,0
DR-12880,Dan Reichenbach,East,Technology,Phones,197.39,-27.37,8,0.2
DR-12880,Dan Reichenbach,South,Furniture,Chairs,273.55,,,0.2
DR-12880,Dan Reichenbach,South,Office Supplies,Labels,13.87,4.68,,0.2
DR-12880,Dan Reichenbach,West,Furniture,Chairs,230.28,23.03,3,0.2
DR-12880,Dan Reichenbach,West,Furniture,Furnishings,198.46,99.23,2,0
DR-12880,Dan Reichenbach,West,Office Supplies,Appliances,321.92,96.58,4,0
DR-12880,Dan Reichenbach,West,Office Supplies,Binders,841.57,294.55,2,0.2
DR-12880,Dan Reichenbach,West,Office Supplies,Paper,,56.98,3,0
DR-12880,Dan Reichenbach,West,Office Supplies,,354.9,17.74,5,0
DR-12880,Dan Reichenbach,West,Office Supplies,Supplies,28.4,8.24,5,0
DR-12880,Dan Reichenbach,West,Technology,Copiers,879.98,329.99,2,0.2
DR-12880,Dan Reichenbach,West,Technology,Phones,403.17,,4,0.2
DR-12940,Daniel Raglin,Central,Furniture,Chairs,366.74,-110.02,4,0.3
DR-12940,Daniel Raglin,Central,Furniture,Furnishings,242.18,-302.72,4,0.6
DR-12940,Daniel Raglin,Central,Office Supplies,Storage,12.67,-3.17,3,0.2
DR-12940,Daniel Raglin,East,Furniture,Chairs,60.74,15.19,1,0
DR-12940,Daniel Raglin,East,Furniture,Furnishings,,27.36,2,0
DR-12940,Daniel Raglin,East,Office Supplies,Binders,,65.55,6,0
DR-12940,Daniel Raglin,East,Office Supplies,Storage,1207.86,350.28,,0
DR-12940,Daniel Raglin,East,Technology,Copiers,5399.91,2591.96,9,
DR-12940,Daniel Raglin,South,,Binders,489.03,211.97,,0.35
DR-12940,Daniel Raglin,West,Technology,Phones,302.38,22.68,3,0.2
DS-13030,Darrin Sayre,East,Office Supplies,Supplies,240.37,,,0
DS-13030,Darrin Sayre,East,Technology,Phones,160.24,44.46,3,0
DS-13030,Darrin Sayre,West,Furniture,Bookcases,204.81,25.74,2,0.08
DS-13030,Darrin Sayre,West,,Furnishings,32.78,3.28,1,0.2
DS-13030,Darrin Sayre,West,Office Supplies,Appliances,209.79,26.22,2,0.2
DS-13030,Darrin Sayre,West,Office Supplies,Art,5.56,2.22,2,
DS-13030,Darrin Sayre,West,Office Supplies,Binders,237.43,-4.58,25,0.3
DS-13030,Darrin Sayre,West,Office Supplies,Paper,46.75,20.75,8,0.1
DS-13030,Darrin Sayre,West,Office Supplies,Storage,390.12,-19.72,5,0.1
DS-13030,Darrin Sayre,West,Technology,Accessories,,87.75,5,0.1
DS-13180,David Smith,Central,Furniture,Bookcases,205.33,-36.24,2,0.32
DS-13180,David Smith,Central,Furniture,Tables,622.45,136.94,5,0
DS-13180,David Smith,Central,Office Supplies,Art,2.2,0.97,1,0
DS-13180,David Smith,Central,Office Supplies,Fasteners,3.55,1.24,3,0.2
DS-13180,David Smith,Central,Office Supplies,Paper,15.55,5.44,3,0.2
DS-13180,David Smith,Central,Office Supplies,Storage,21.98,0.22,1,0
DS-13180,David Smith,Central,Technology,Accessories,134.38,6.72,3,0.2
DS-13180,David Smith,East,Furniture,Chairs,347.8,-24.84,7,0.3
DS-13180,David Smith,East,Office Supplies,Binders,6.89,-5.05,2,0.7
DS-13180,David Smith,East,Office Supplies,Fasteners,12.67,2.69,8,0.2
DS-13180,David Smith,East,Office Supplies,Storage,32.54,-7.73,2,0.2
DS-13180,David Smith,East,Technology,Accessories,159.98,57.59,2,0
DS-13180,David Smith,East,Technology,Phones,340.18,-73.71,3,0.4
DS-13180,David Smith,South,Furniture,Furnishings,60.16,19.88,5,0
DS-13180,David Smith,South,Office Supplies,Binders,32.54,15.94,2,0
DS-13180,David Smith,West,Furniture,Bookcases,586.4,34.49,6,
DS-13180,David Smith,West,Furniture,Chairs,81.42,-9.16,2,0.2
DS-13180,David Smith,West,Office Supplies,Storage,215.78,38.29,11,0
DV-13045,Darrin Van Huff,East,Furniture,Chairs,188.55,-2.69,7,
DV-13045,Darrin Van Huff,South,Furniture,Chairs,64.78,-12.15,1,0.2
DV-13045,Darrin Van Huff,South,Furniture,Furnishings,19.52,5.37,,0.2
DV-13045,Darrin Van Huff,South,,Tables,721.88,-420,6,0.45
DV-13045,Darrin Van Huff,South,Office Supplies,Art,13.58,1.36,1,0.2
DV-13045,Darrin Van Huff,South,,Phones,73.57,-16.55,,0.2
DV-13045,Darrin Van Huff,West,Office Supplies,Envelopes,4.08,1.92,2,0
DV-13045,Darrin Van Huff,West,Office Supplies,Labels,33.52,15.57,5,0
DV-13465,Dianna Vittorini,Central,,Storage,663.75,9.72,6,0
DV-13465,Dianna Vittorini,East,Office Supplies,Envelopes,12.24,5.75,,0
DV-13465,Dianna Vittorini,East,Office Supplies,Labels,31.5,15.12,10,0
DV-13465,Dianna Vittorini,East,Office Supplies,Storage,244.55,4.89,5,
DV-13465,Dianna Vittorini,East,Office Supplies,Supplies,55.6,16.12,4,0
DV-13465,Dianna Vittorini,East,Technology,Accessories,913.93,60.01,,0
DV-13465,Dianna Vittorini,West,Office Supplies,Appliances,31.15,,3,0.2
DV-13465,Dianna Vittorini,West,Office Supplies,Binders,283.57,85.21,9,
DV-13465,Dianna Vittorini,West,Office Supplies,Paper,,60.26,3,0
DV-13465,Dianna Vittorini,West,Technology,,982.33,92.63,,0.2
DW-13195,David Wiener,Central,,Chairs,318.43,-77.33,5,0.3
DW-13195,David Wiener,Central,Furniture,Furnishings,7.07,-2.83,3,0.6
DW-13195,David Wiener,Central,Technology,Phones,122.92,46.1,7,0.2
DW-13195,David Wiener,South,Office Supplies,,4.37,0.38,3,0.2
DW-13195,David Wiener,West,Furniture,Furnishings,289.24,26.03,7,0
DW-13195,David Wiener,West,Furniture,Tables,177.22,-120.51,5,0.5
DW-13195,David Wiener,West,Office Supplies,Appliances,64.86,6.49,4,0.2
DW-13195,David Wiener,West,Office Supplies,Binders,69.46,22.57,2,0.2
DW-13195,David Wiener,West,Office Supplies,Paper,27.18,12.23,3,0
DW-13480,Dianna Wilson,Central,Furniture,Chairs,,580.54,7,0
DW-13480,Dianna Wilson,Central,Office Supplies,Appliances,1503.25,496.07,5,0
DW-13480,Dianna Wilson,Central,Office Supplies,Paper,73.8,,10,0
DW-13480,Dianna Wilson,Central,Office Supplies,Storage,166.72,41.68,2,0
DW-13480,Dianna Wilson,Central,Technology,Phones,14.78,3.99,2,0
DW-13480,Dianna Wilson,South,Office Supplies,Binders,58.34,28,2,0
DW-13480,Dianna Wilson,South,Technology,Phones,539.97,134.99,,0
DW-13480,Dianna Wilson,West,Furniture,Tables,674.35,-8.43,3,0.2
DW-13480,Dianna Wilson,West,Office Supplies,Art,34.58,10.03,1,0
DW-13480,Dianna Wilson,West,,Phones,203.98,25.5,3,0.2
DW-13540,Don Weiss,Central,Furniture,Furnishings,16.19,-6.88,2,0.6
DW-13540,Don Weiss,Central,Office Supplies,Art,63.49,4.76,4,0.2
DW-13540,Don Weiss,Central,Office Supplies,Labels,4.93,1.72,2,0.2
DW-13540,Don Weiss,East,Office Supplies,,88.04,22.89,4,0
DW-13540,Don Weiss,South,Office Supplies,Art,9.73,1.7,2,0.2
DW-13540,Don Weiss,South,Office Supplies,Paper,3.42,1.07,1,0.2
DW-13540,Don Weiss,West,Office Supplies,Appliances,119.96,33.59,2,0
DW-13540,Don Weiss,West,Office Supplies,Binders,6.88,2.32,1,0.2
DW-13540,Don Weiss,West,Office Supplies,Storage,,8.49,3,0
DW-13585,Dorothy Wardle,East,Furniture,Bookcases,482.94,-376.69,6,0.5
DW-13585,Dorothy Wardle,East,Furniture,Furnishings,129.93,12.99,3,0
DW-13585,Dorothy Wardle,East,,Fasteners,,6.97,9,0.2
DW-13585,Dorothy Wardle,East,Office Supplies,Paper,93.86,34.81,5,0.2
DW-13585,Dorothy Wardle,East,Technology,,59.97,-11.99,5,0.4
DW-13585,Dorothy Wardle,South,Furniture,Bookcases,198.27,-32.22,8,0.2
DW-13585,Dorothy Wardle,South,Office Supplies,Supplies,25.5,6.63,3,0
DW-13585,Dorothy Wardle,West,Office Supplies,Paper,12.96,6.22,2,0
DW-13585,Dorothy Wardle,West,Technology,Accessories,,86.39,3,0
Dl-13600,Dorris liebe,Central,Office Supplies,,,-4.47,2,0.8
Dl-13600,Dorris liebe,East,Furniture,Chairs,658.75,146.39,,0.1
Dl-13600,Dorris liebe,East,Furniture,Furnishings,15.07,4.14,3,0.2
Dl-13600,Dorris liebe,West,Office Supplies,,19.92,6.97,5,0.2
Dl-13600,Dorris liebe,West,Office Supplies,Labels,44.4,,3,0
Dl-13600,Dorris liebe,West,Office Supplies,Storage,15.84,0,3,0
Dp-13240,Dean percer,Central,Office Supplies,Labels,44.4,22.2,3,0
Dp-13240,Dean percer,Central,Office Supplies,Paper,17.94,8.79,3,0
Dp-13240,Dean percer,Central,Office Supplies,Storage,84.55,22.83,,0
Dp-13240,Dean percer,East,Furniture,Tables,314.53,-83.88,2,0.4
Dp-13240,Dean percer,East,Office Supplies,Art,4.66,1.35,2,0
Dp-13240,Dean percer,East,Office Supplies,Binders,37.88,18.94,2,0
Dp-13240,Dean percer,East,Office Supplies,,52.34,24.6,2,0
Dp-13240,Dean percer,East,Office Supplies,Paper,19.44,9.33,3,0
Dp-13240,Dean percer,East,Office Supplies,Storage,56.56,13.86,5,0
Dp-13240,Dean percer,East,Technology,Accessories,314.95,102.59,,0
Dp-13240,Dean percer,East,,Machines,2321.9,1114.51,2,0
Dp-13240,Dean percer,South,Furniture,Furnishings,41.22,8.83,5,0.2
Dp-13240,Dean percer,South,,Tables,2468.88,-1038.9,10,
Dp-13240,Dean percer,South,Office Supplies,Binders,112.05,-81.77,13,0.7
Dp-13240,Dean percer,South,Office Supplies,Fasteners,18.94,,3,0.2
Dp-13240,Dean percer,South,Office Supplies,Paper,20.74,,4,0.2
Dp-13240,Dean percer,South,Office Supplies,Storage,580.67,65.33,4,0.2
Dp-13240,Dean percer,South,Technology,Phones,222.38,16.68,2,0.2
Dp-13240,Dean percer,West,,Furnishings,,19.04,11,0
Dp-13240,Dean percer,West,Office Supplies,Binders,7.86,-6.02,3,0.7
Dp-13240,Dean percer,West,,Paper,48.4,,5,0
Dp-13240,Dean percer,West,,Accessories,,58.65,5,0
EA-14035,Erin Ashbrook,Central,Furniture,Chairs,591.39,-2.7,8,0.3
EA-14035,Erin Ashbrook,Central,Office Supplies,Appliances,92.06,-225.56,6,0.8
EA-14035,Erin Ashbrook,Central,Office Supplies,Fasteners,6.98,1.83,4,0.2
EA-14035,Erin Ashbrook,Central,Office Supplies,Paper,57.02,19.96,11,0.2
EA-14035,Erin Ashbrook,Central,Technology,Accessories,,26.39,4,0.2
EA-14035,Erin Ashbrook,Central,Technology,,599.99,234,,0
EA-14035,Erin Ashbrook,East,Furniture,Furnishings,204.5,82.86,9,0.1
EA-14035,Erin Ashbrook,East,Office Supplies,,,-44.5,9,0.7
EA-14035,Erin Ashbrook,East,Office Supplies,,170.66,59.15,9,0.2
EA-14035,Erin Ashbrook,East,Technology,Machines,341.99,-319.19,3,0.7
EA-14035,Erin Ashbrook,East,Technology,Phones,216.68,-54.17,3,
EA-14035,Erin Ashbrook,South,Office Supplies,Binders,18.65,,7,0.7
EA-14035,Erin Ashbrook,South,Office Supplies,Envelopes,186.69,87.74,,0
EA-14035,Erin Ashbrook,West,Office Supplies,Art,,4.01,2,
EA-14035,Erin Ashbrook,West,,Paper,,89.87,8,0
EB-13705,Ed Braxton,Central,Furniture,Furnishings,22.38,-7.83,3,0.6
EB-13705,Ed Braxton,Central,,Paper,139.85,50.18,11,0.2
EB-13705,Ed Braxton,Central,Technology,Phones,21.07,1.58,,0.2
EB-13705,Ed Braxton,East,Furniture,Chairs,445.8,-108.27,,0.3
EB-13705,Ed Braxton,East,Furniture,Tables,284.36,-75.83,2,0.4
EB-13705,Ed Braxton,East,Office Supplies,Binders,15.92,5.37,5,0.2
EB-13705,Ed Braxton,East,Office Supplies,Storage,665.41,66.54,2,0.2
EB-13705,Ed Braxton,West,Furniture,Tables,1795.98,-7.09,,0.2
EB-13705,Ed Braxton,West,Office Supplies,Binders,254.21,88.97,12,
EB-13750,Edward Becker,Central,Furniture,Furnishings,341.96,-427.45,5,0.6
EB-13750,Edward Becker,East,Furniture,Chairs,1768.28,177.37,12,0.1
EB-13750,Edward Becker,East,Office Supplies,Art,92.94,25.09,3,0
EB-13750,Edward Becker,East,Office Supplies,Binders,108.67,16.35,14,0.37
EB-13750,Edward Becker,East,Office Supplies,Storage,28.14,7.88,3,0
EB-13750,Edward Becker,East,Technology,Accessories,36,6.48,2,0
EB-13750,Edward Becker,South,Furniture,Furnishings,37.29,5.3,7,0.2
EB-13750,Edward Becker,South,Office Supplies,Envelopes,35.24,15.68,,0.1
EB-13750,Edward Becker,South,Office Supplies,Supplies,477.24,9.54,4,0
EB-13750,Edward Becker,South,Technology,Accessories,137.96,28.43,4,0
EB-13750,Edward Becker,West,Furniture,Furnishings,63.2,,5,0
EB-13750,Edward Becker,West,Office Supplies,Binders,35.35,12.82,9,0.2
EB-13750,Edward Becker,West,Office Supplies,Paper,34.08,15.34,6,0
EB-13750,Edward Becker,West,Technology,Phones,39.96,3.5,,0.2
EB-13840,Ellis Ballard,Central,Furniture,Furnishings,94.43,,3,0.6
EB-13840,Ellis Ballard,East,,Storage,212.88,0,,0
EB-13840,Ellis Ballard,South,,Paper,13.62,6.13,3,0
EB-13840,Ellis Ballard,West,Furniture,Chairs,451.15,0,3,0.2
EB-13840,Ellis Ballard,West,Furniture,Tables,3393.68,610.86,,0
EB-13840,Ellis Ballard,West,Office Supplies,Binders,81.09,27.37,7,0.2
EB-13840,Ellis Ballard,West,Office Supplies,Paper,111.28,,11,0
EB-13870,Emily Burns,Central,Furniture,Chairs,127.87,-9.13,3,0.3
EB-13870,Emily Burns,East,Furniture,Chairs,599.29,93.22,6,0.1
EB-13870,Emily Burns,East,Office Supplies,Binders,1.91,-1.53,2,0.7
EB-13870,Emily Burns,East,Technology,Phones,,-10.8,3,0.4
EB-13870,Emily Burns,South,Furniture,Chairs,,-68.11,4,0.2
EB-13870,Emily Burns,South,Office Supplies,Art,5.16,0.84,3,0.2
EB-13870,Emily Burns,South,,Phones,40.68,-9.15,3,0.2
EB-13870,Emily Burns,West,Furniture,Tables,1044.63,240.26,3,0
EB-13870,Emily Burns,West,Office Supplies,Appliances,121.79,13.7,4,0.2
EB-13870,Emily Burns,West,Office Supplies,Binders,19.19,-12.8,,0.7
EB-13870,Emily Burns,West,Technology,Phones,333.58,25.02,3,0.2
EB-13930,Eric Barreto,Central,Furniture,,526.34,-75.19,4,0.3
EB-13930,Eric Barreto,Central,Office Supplies,Binders,56.82,28.41,3,0
EB-13930,Eric Barreto,South,,Furnishings,39.92,11.18,4,0
EB-13930,Eric Barreto,South,Office Supplies,Binders,18.34,-12.22,2,0.7
EB-13930,Eric Barreto,South,Technology,Phones,,13.57,5,0.2
EB-13930,Eric Barreto,West,Office Supplies,Paper,17.94,8.79,3,0
EB-13930,Eric Barreto,West,Office Supplies,Storage,104.28,26.07,3,0
EB-13975,Erica Bern,South,,,4.1,-2.73,,0.7
EB-13975,Erica Bern,South,Office Supplies,Supplies,20.61,-4.38,2,0.2
EB-13975,Erica Bern,South,Technology,Copiers,959.97,120,4,0.2
EB-13975,Erica Bern,West,Office Supplies,Binders,34.62,10.99,4,0.2
EB-13975,Erica Bern,West,Technology,Phones,623.96,39,5,0.2
EB-14110,Eugene Barchas,East,Furniture,Chairs,,-21.72,3,0.3
EB-14110,Eugene Barchas,East,Furniture,Furnishings,119.7,19.49,8,0.2
EB-14110,Eugene Barchas,East,Office Supplies,Envelopes,15.56,7.31,2,0
EB-14110,Eugene Barchas,East,Office Supplies,Fasteners,3.01,0.56,,
EB-14110,Eugene Barchas,East,Technology,Copiers,1199.98,,4,0.4
EB-14110,Eugene Barchas,East,Technology,Phones,258.53,-47.4,2,0.4
EB-14110,Eugene Barchas,West,Furniture,Tables,241.57,-15.1,2,0.2
EB-14110,Eugene Barchas,West,Office Supplies,Binders,39.87,12.96,2,0.2
EB-14110,Eugene Barchas,West,Office Supplies,Storage,332.94,6.66,3,0
EB-14110,Eugene Barchas,West,Technology,Phones,479.92,41.99,2,0.2
EB-14170,Evan Bailliet,Central,Furniture,Furnishings,5.31,-1.59,2,0.6
EB-14170,Evan Bailliet,Central,Office Supplies,Labels,11.84,4.44,1,0.2
EB-14170,Evan Bailliet,Central,Office Supplies,Paper,335.52,,,0.2
EB-14170,Evan Bailliet,South,Office Supplies,Labels,5.04,1.76,2,0.2
EB-14170,Evan Bailliet,South,Office Supplies,Paper,10.82,3.52,4,0.2
EB-14170,Evan Bailliet,West,Office Supplies,Binders,10.05,,,0.2
EB-14170,Evan Bailliet,West,Office Supplies,Storage,807.75,153.47,5,0
EC-14050,Erin Creighton,Central,Office Supplies,Binders,38.16,19.08,9,0
EC-14050,Erin Creighton,East,Office Supplies,Binders,5.48,-4.02,4,0.7
EC-14050,Erin Creighton,East,Office Supplies,,25.68,11.56,6,0
EC-14050,Erin Creighton,South,,Paper,49.12,23.09,4,0
EC-14050,Erin Creighton,South,Technology,Accessories,249.95,20,5,0
EC-14050,Erin Creighton,West,Furniture,Furnishings,36.96,11.46,7,0
EC-14050,Erin Creighton,West,Office Supplies,Storage,56.56,,2,0
ED-13885,Emily Ducich,Central,Furniture,Chairs,74.59,-2.13,4,0.3
ED-13885,Emily Ducich,Central,Furniture,Furnishings,16.78,-22.24,2,0.6
ED-13885,Emily Ducich,Central,Office Supplies,Appliances,38.86,-99.1,4,0.8
ED-13885,Emily Ducich,Central,Office Supplies,Art,8.02,1,3,0.2
ED-13885,Emily Ducich,Central,Office Supplies,,,8.88,,0.2
ED-13885,Emily Ducich,Central,Office Supplies,Supplies,5.55,-1.04,2,0.2
ED-13885,Emily Ducich,Central,Technology,Accessories,100.8,21.42,2,0.2
ED-13885,Emily Ducich,East,,Chairs,2621.32,,,
ED-13885,Emily Ducich,West,Furniture,Furnishings,44.67,12.06,3,0
ED-13885,Emily Ducich,West,Office Supplies,Art,12.84,3.47,3,0
ED-13885,Emily Ducich,West,Office Supplies,,,19.38,4,0.2
ED-13885,Emily Ducich,West,Office Supplies,Labels,,9.6,8,0
ED-13885,Emily Ducich,West,Technology,Accessories,450,162,5,0
ED-13885,Emily Ducich,West,,Machines,11.56,,1,0.2
EG-13900,Emily Grady,Central,Office Supplies,,13.47,-22.9,,0.8
EG-13900,Emily Grady,Central,,Accessories,239.96,,5,0.2
EG-13900,Emily Grady,East,Furniture,Chairs,758.19,43.99,7,0.2
EG-13900,Emily Grady,East,Furniture,Tables,400.03,-153.35,2,0.4
EG-13900,Emily Grady,East,,Labels,6.3,3.02,2,0
EG-13900,Emily Grady,East,Office Supplies,Paper,182.72,84.05,8,0
EG-13900,Emily Grady,East,Office Supplies,Storage,,10.09,,0
EG-13900,Emily Grady,South,Office Supplies,Appliances,197.72,55.36,4,0
EH-13765,Edward Hooks,Central,Office Supplies,Art,7.87,0.89,3,0.2
EH-13765,Edward Hooks,Central,Office Supplies,Fasteners,15.12,4.91,5,0.2
EH-13765,Edward Hooks,East,Furniture,Bookcases,361.96,83.25,2,0
EH-13765,Edward Hooks,East,,Chairs,462.56,97.65,,0.1
EH-13765,Edward Hooks,East,Furniture,Furnishings,227.26,87.75,7,0
EH-13765,Edward Hooks,East,Office Supplies,,61.96,16.11,2,
EH-13765,Edward Hooks,East,Office Supplies,,114.95,32.19,,0
EH-13765,Edward Hooks,East,Office Supplies,Binders,1015.15,,11,0.2
EH-13765,Edward Hooks,East,Office Supplies,Envelopes,52.51,19.69,6,0.2
EH-13765,Edward Hooks,East,Office Supplies,Paper,301.95,134.63,15,0.07
EH-13765,Edward Hooks,East,Office Supplies,Storage,,,6,0.2
EH-13765,Edward Hooks,East,Office Supplies,Supplies,54.9,15.37,5,
EH-13765,Edward Hooks,West,Furniture,Chairs,563.24,,5,
EH-13765,Edward Hooks,West,Furniture,Furnishings,28.28,7.35,2,0
EH-13765,Edward Hooks,West,Office Supplies,Art,52.7,20,7,0
EH-13765,Edward Hooks,West,Office Supplies,Binders,,22.65,15,
EH-13765,Edward Hooks,West,Office Supplies,Envelopes,366.86,173.66,7,0
EH-13765,Edward Hooks,West,Office Supplies,Paper,116.02,55.09,6,0
EH-13765,Edward Hooks,West,Office Supplies,Storage,1345.2,58.17,6,0
EH-13765,Edward Hooks,West,Office Supplies,Supplies,4912.59,196.5,3,0
EH-13945,Eric Hoffmann,Central,Furniture,Furnishings,2.33,,2,0.6
EH-13945,Eric Hoffmann,Central,Office Supplies,,,-19.27,7,0.8
EH-13945,Eric Hoffmann,Central,Office Supplies,Envelopes,40.97,,3,0.2
EH-13945,Eric Hoffmann,Central,Office Supplies,Fasteners,58.37,21.89,12,0.2
EH-13945,Eric Hoffmann,Central,Office Supplies,Paper,10.37,3.63,2,0.2
EH-13945,Eric Hoffmann,Central,Office Supplies,Storage,100.7,-16.36,6,0.2
EH-13945,Eric Hoffmann,Central,Technology,Phones,,25.19,5,0.2
EH-13945,Eric Hoffmann,East,Office Supplies,Art,5.58,2.18,1,
EH-13945,Eric Hoffmann,East,,Binders,78.76,-57.76,9,0.7
EH-13945,Eric Hoffmann,East,Technology,Phones,73.98,19.97,2,0
EH-13945,Eric Hoffmann,South,Office Supplies,Paper,25.92,,5,0.2
EH-13945,Eric Hoffmann,West,Furniture,Furnishings,29.22,12.86,3,0
EH-13945,Eric Hoffmann,West,Office Supplies,Binders,15.01,1.98,5,0.45
EH-13945,Eric Hoffmann,West,Technology,Accessories,159.03,37.1,10,0
EH-13990,Erica Hackney,Central,Technology,Phones,151.19,13.23,1,0.2
EH-13990,Erica Hackney,East,Furniture,Chairs,,,6,0.1
EH-13990,Erica Hackney,East,Office Supplies,Art,6.7,,1,0
EH-13990,Erica Hackney,East,Office Supplies,Binders,10.76,5.16,2,0
EH-13990,Erica Hackney,East,Office Supplies,Paper,45.68,21.01,2,0
EH-13990,Erica Hackney,South,Technology,Accessories,149.95,65.98,5,
EH-13990,Erica Hackney,West,Furniture,Chairs,120.71,-18.11,,0.2
EH-13990,Erica Hackney,West,Office Supplies,Paper,12.96,,2,0
EH-14005,Erica Hernandez,Central,Furniture,Bookcases,241.96,41.13,2,0
EH-14005,Erica Hernandez,Central,,Labels,27.72,13.31,,0
EH-14005,Erica Hernandez,East,Office Supplies,Envelopes,104.68,35.33,5,0.2
EH-14005,Erica Hernandez,East,Technology,Phones,62.96,9.44,7,0.4
EH-14005,Erica Hernandez,South,Office Supplies,Binders,515.97,-273.53,18,0.23
EH-14005,Erica Hernandez,South,Office Supplies,Fasteners,7.1,2.4,,0.2
EH-14005,Erica Hernandez,South,Office Supplies,Storage,64.78,-12.96,1,0.2
EH-14005,Erica Hernandez,West,Office Supplies,Paper,194.35,90.74,6,0.1
EH-14125,Eugene Hildebrand,Central,Furniture,Chairs,701.37,-50.1,2,0.3
EH-14125,Eugene Hildebrand,Central,Office Supplies,Binders,2.31,-3.46,2,0.8
EH-14125,Eugene Hildebrand,East,Office Supplies,Art,14.67,6.01,3,0
EH-14125,Eugene Hildebrand,East,Office Supplies,Binders,209.74,-57.49,13,0.23
EH-14125,Eugene Hildebrand,East,Office Supplies,Envelopes,8.87,3.22,1,0.2
EH-14125,Eugene Hildebrand,East,,Paper,447.84,,,0
EH-14125,Eugene Hildebrand,East,Office Supplies,Storage,,38.35,4,0
EH-14125,Eugene Hildebrand,East,Technology,Phones,748.75,-162.23,,
EH-14125,Eugene Hildebrand,South,Office Supplies,Paper,191.6,91.97,4,0
EH-14125,Eugene Hildebrand,South,Office Supplies,Supplies,69.5,20.15,5,0
EH-14125,Eugene Hildebrand,South,Technology,Accessories,41.42,8.28,2,0.2
EH-14125,Eugene Hildebrand,West,,Chairs,120.78,-13.59,1,0.2
EH-14125,Eugene Hildebrand,West,Office Supplies,Art,21.56,8.11,,
EH-14125,Eugene Hildebrand,West,Office Supplies,Binders,,-32.51,7,
EH-14125,Eugene Hildebrand,West,Technology,Phones,382.38,41.64,14,0.04
EH-14185,Evan Henry,Central,Office Supplies,,6.93,-11.08,1,0.8
EH-14185,Evan Henry,East,Office Supplies,Binders,602.48,174.41,5,0.45
EH-14185,Evan Henry,East,Office Supplies,Paper,20.54,6.42,6,0.2
EH-14185,Evan Henry,East,Technology,Accessories,40.78,0.51,3,0.2
EH-14185,Evan Henry,South,Office Supplies,Paper,72.22,25.28,4,0.2
EH-14185,Evan Henry,South,Technology,Phones,180.93,46.58,3,0
EJ-13720,Ed Jacobs,Central,Furniture,,56.57,-74.95,2,
EJ-13720,Ed Jacobs,Central,Office Supplies,Paper,36.29,12.7,7,0.2
EJ-13720,Ed Jacobs,East,Office Supplies,Storage,422.86,15.86,3,0.2
EJ-13720,Ed Jacobs,West,Furniture,Chairs,170.35,-17.04,3,0.2
EJ-13720,Ed Jacobs,West,,Tables,333,-16.65,3,0.2
EJ-13720,Ed Jacobs,West,Office Supplies,Art,36.44,12.03,4,0
EJ-13720,Ed Jacobs,West,Office Supplies,Storage,57.23,14.31,1,0
EJ-13720,Ed Jacobs,West,Technology,Accessories,1049.44,440.76,8,
EJ-14155,Eva Jacobs,East,Furniture,Furnishings,111.15,48.91,5,0
EJ-14155,Eva Jacobs,East,Furniture,Tables,366.01,-47.06,3,0.3
EJ-14155,Eva Jacobs,East,Office Supplies,Appliances,901.95,,3,0
EJ-14155,Eva Jacobs,East,Technology,Phones,137.94,35.86,3,0
EJ-14155,Eva Jacobs,South,Office Supplies,Envelopes,48.69,23.86,9,0
EJ-14155,Eva Jacobs,West,Furniture,Tables,626.35,-23.49,3,0.2
EJ-14155,Eva Jacobs,West,Office Supplies,Storage,,105.27,,0
EJ-14155,Eva Jacobs,West,Technology,Accessories,43.5,10.88,3,0
EK-13795,Eileen Kiefer,Central,Technology,Accessories,25.49,4.78,2,0.2
EK-13795,Eileen Kiefer,West,Furniture,Bookcases,1198.33,70.49,,0.15
EK-13795,Eileen Kiefer,West,Office Supplies,Art,79.66,,6,0
EL-13735,Ed Ludwig,Central,Furniture,Furnishings,86.62,8.66,2,
EL-13735,Ed Ludwig,East,Office Supplies,Binders,37.66,18.45,,0
EM-13810,Eleni McCrary,East,Furniture,Tables,,-75.83,2,0.4
EM-13810,Eleni McCrary,East,Office Supplies,Storage,40.29,10.48,,0
EM-13810,Eleni McCrary,East,Technology,Accessories,185.98,69.29,,
EM-13810,Eleni McCrary,West,Furniture,Chairs,2048.86,-140.4,9,0.2
EM-13810,Eleni McCrary,West,Office Supplies,Binders,7.52,2.63,5,0.2
EM-13825,Elizabeth Moffitt,Central,Furniture,,182.94,27.44,3,
EM-13825,Elizabeth Moffitt,Central,Furniture,Furnishings,21.2,-11.66,3,0.6
EM-13825,Elizabeth Moffitt,Central,Office Supplies,Appliances,416.32,112.41,2,0
EM-13825,Elizabeth Moffitt,Central,,Binders,103.83,50.62,12,0
EM-13825,Elizabeth Moffitt,Central,Office Supplies,Labels,14.62,6.87,2,0
EM-13825,Elizabeth Moffitt,Central,Technology,Accessories,389.97,132.59,3,0
EM-13825,Elizabeth Moffitt,Central,Technology,Phones,,55.44,4,0.2
EM-13825,Elizabeth Moffitt,East,,Furnishings,8.28,2.98,2,0
EM-13825,Elizabeth Moffitt,East,Office Supplies,Paper,274.8,134.65,5,
EM-13825,Elizabeth Moffitt,East,Office Supplies,Storage,62.18,16.79,1,0
EM-13825,Elizabeth Moffitt,South,Office Supplies,Labels,9.22,3.34,,0.2
EM-13825,Elizabeth Moffitt,South,Office Supplies,Paper,15.24,7.16,3,0
EM-13825,Elizabeth Moffitt,South,Technology,,5.95,0.83,1,0
EM-13825,Elizabeth Moffitt,West,Office Supplies,Paper,182.72,,8,0
EM-13825,Elizabeth Moffitt,West,Technology,Accessories,,59.04,4,0
EM-13960,Eric Murdock,Central,Office Supplies,Binders,2.99,-4.49,4,0.8
EM-13960,Eric Murdock,Central,Technology,Accessories,108.77,,4,0.2
EM-13960,Eric Murdock,East,Office Supplies,Art,8.22,2.22,3,0
EM-13960,Eric Murdock,East,,Accessories,54.38,1.36,2,0.2
EM-13960,Eric Murdock,West,Office Supplies,Storage,186.54,50.37,3,0
EM-13960,Eric Murdock,West,Technology,Phones,572.8,50.12,2,0.2
EM-14065,Erin Mull,Central,Furniture,Furnishings,30.34,-17.44,,0.6
EM-14065,Erin Mull,East,,,5.96,1.67,,0
EM-14065,Erin Mull,East,Office Supplies,Storage,11.21,3.36,,0
EM-14065,Erin Mull,East,Technology,,159.98,57.59,2,0
EM-14065,Erin Mull,South,Office Supplies,,11.23,-8.24,8,
EM-14065,Erin Mull,South,Office Supplies,Paper,10.27,3.21,3,0.2
EM-14095,Eudokia Martin,East,Office Supplies,Storage,65.12,16.93,4,
EM-14095,Eudokia Martin,South,Office Supplies,Labels,25.06,,2,0
EM-14095,Eudokia Martin,South,Technology,Phones,494.97,,3,0
EM-14095,Eudokia Martin,West,Office Supplies,Appliances,325.63,28.49,6,0.2
EM-14095,Eudokia Martin,West,,Binders,64.42,20.47,8,0.2
EM-14095,Eudokia Martin,West,Office Supplies,Labels,31.14,12.24,7,0.1
EM-14095,Eudokia Martin,West,Office Supplies,Supplies,,,2,0
EM-14095,Eudokia Martin,West,Technology,Accessories,23.34,-1.46,2,0.2
EM-14140,Eugene Moren,Central,Furniture,,47.4,21.33,5,0
EM-14140,Eugene Moren,Central,Office Supplies,Appliances,364.74,,3,0
EM-14140,Eugene Moren,Central,Office Supplies,Art,20.26,5.41,7,0
EM-14140,Eugene Moren,Central,Office Supplies,Paper,674.46,323.74,13,0
EM-14140,Eugene Moren,Central,Office Supplies,Storage,49.76,13.93,,0
EM-14140,Eugene Moren,Central,Technology,,125.99,35.28,1,
EM-14140,Eugene Moren,East,Office Supplies,Binders,99.72,48.17,4,0
EM-14140,Eugene Moren,East,Technology,Accessories,119.85,52.73,3,
EM-14140,Eugene Moren,East,Technology,Phones,,170.51,3,0
EM-14140,Eugene Moren,West,,,113.89,9.97,2,
EM-14140,Eugene Moren,West,Furniture,Furnishings,113.57,-5.68,2,
EM-14140,Eugene Moren,West,Office Supplies,Binders,6.1,2.21,2,0.2
EM-14140,Eugene Moren,West,Office Supplies,Labels,20.16,9.88,7,0
EM-14140,Eugene Moren,West,Office Supplies,Paper,23.12,8.38,5,
EM-14140,Eugene Moren,West,Technology,Accessories,41.6,,4,0.2
EM-14140,Eugene Moren,West,Technology,Copiers,1499.95,449.98,5,0
EM-14140,Eugene Moren,West,Technology,,679.9,51.09,4,0.2
EM-14200,Evan Minnotte,Central,Furniture,Tables,298.12,-4.26,6,0.3
EM-14200,Evan Minnotte,South,Office Supplies,Fasteners,3.76,1.32,2,0
EM-14200,Evan Minnotte,South,Office Supplies,Labels,11.7,3.95,2,0.2
EM-14200,Evan Minnotte,South,Technology,Accessories,53.25,,3,0
EN-13780,Edward Nazzal,Central,Office Supplies,Art,23.83,,3,0.2
EN-13780,Edward Nazzal,Central,Office Supplies,Binders,83.7,41.01,5,0
EN-13780,Edward Nazzal,East,Furniture,Bookcases,136.78,,1,
EN-13780,Edward Nazzal,East,,Furnishings,61.12,20.78,4,0
EN-13780,Edward Nazzal,East,Office Supplies,Appliances,160.32,44.89,2,0
EN-13780,Edward Nazzal,East,Office Supplies,Paper,14.94,7.02,3,0
EN-13780,Edward Nazzal,East,Technology,Machines,1349.85,364.46,3,0
EN-13780,Edward Nazzal,East,Technology,Phones,368.82,6.27,,0
EP-13915,Emily Phan,Central,,Bookcases,956.66,,7,0.32
EP-13915,Emily Phan,Central,Furniture,Chairs,180.98,47.05,1,0
EP-13915,Emily Phan,Central,Furniture,Tables,,,,0.3
EP-13915,Emily Phan,Central,Office Supplies,Art,214.92,55.05,12,0.13
EP-13915,Emily Phan,Central,Office Supplies,,58.77,-94.56,13,0.8
EP-13915,Emily Phan,Central,Technology,Accessories,271.94,88.13,7,0.1
EP-13915,Emily Phan,East,Furniture,Tables,350.35,-140.14,4,0.4
EP-13915,Emily Phan,East,Office Supplies,Binders,671.94,315.81,3,0
EP-13915,Emily Phan,East,,Labels,16.52,7.6,4,
EP-13915,Emily Phan,East,Technology,Copiers,,175,1,0.2
EP-13915,Emily Phan,East,Technology,Phones,359.97,-71.99,5,
EP-13915,Emily Phan,South,Office Supplies,Art,47.62,,3,0.2
EP-13915,Emily Phan,South,Office Supplies,Binders,38.19,-26.73,,0.7
EP-13915,Emily Phan,South,Office Supplies,Paper,23.48,8.22,5,0.2
EP-13915,Emily Phan,South,Technology,Phones,167.96,55.79,5,0.1
EP-13915,Emily Phan,West,Furniture,Chairs,307.92,-34.64,5,0.2
EP-13915,Emily Phan,West,Furniture,,201.04,54.28,8,0
EP-13915,Emily Phan,West,Office Supplies,Art,6.63,1.79,3,0
EP-13915,Emily Phan,West,Office Supplies,Labels,71.29,,8,0
EP-13915,Emily Phan,West,Office Supplies,Paper,108.76,52.45,17,0
ER-13855,Elpida Rittenbach,Central,Office Supplies,Appliances,77.88,22.59,6,0
ER-13855,Elpida Rittenbach,South,Furniture,Tables,876.3,-292.1,10,
ER-13855,Elpida Rittenbach,South,Office Supplies,Storage,,,2,0.2
ER-13855,Elpida Rittenbach,South,Office Supplies,Supplies,185.38,-34.76,2,0.2
ER-13855,Elpida Rittenbach,West,Office Supplies,Appliances,60.98,4.57,7,0.2
ES-14020,Erica Smith,Central,Office Supplies,Paper,117.46,44.05,3,0.2
ES-14020,Erica Smith,East,Technology,Accessories,239.97,71.99,3,0
ES-14020,Erica Smith,South,Furniture,Chairs,209.57,-23.58,,0.2
ES-14020,Erica Smith,West,Furniture,Chairs,184.75,-20.78,3,0.2
ES-14020,Erica Smith,West,Office Supplies,Binders,,884.06,7,0.2
ES-14020,Erica Smith,West,Office Supplies,Labels,9.96,4.58,2,0
ES-14020,Erica Smith,West,Office Supplies,Paper,21.72,10.64,4,0
ES-14020,Erica Smith,West,Technology,Phones,369.54,32.34,7,
ES-14080,Erin Smith,East,,,493.92,-28.22,7,0.3
ES-14080,Erin Smith,East,Office Supplies,Art,19.73,,9,0.2
ES-14080,Erin Smith,East,Office Supplies,Paper,161.86,56.94,,0.1
ES-14080,Erin Smith,East,Technology,,1319.8,214.47,5,
ES-14080,Erin Smith,East,Technology,Phones,257.17,-24.14,4,0.2
ES-14080,Erin Smith,South,Office Supplies,Storage,95.62,9.56,2,0.2
ES-14080,Erin Smith,West,Furniture,Tables,455.97,-218.87,6,0.5
ES-14080,Erin Smith,West,Office Supplies,Binders,15.65,-11.83,,0.7
ES-14080,Erin Smith,West,Office Supplies,,12.77,4.63,6,0.2
ES-14080,Erin Smith,West,Office Supplies,Fasteners,4.67,1.46,2,0.2
ES-14080,Erin Smith,West,Office Supplies,,9.41,3.41,2,0.2
ES-14080,Erin Smith,West,Office Supplies,Supplies,15.36,-3.26,2,0.2
ES-14080,Erin Smith,West,Technology,Accessories,7.16,-0.09,1,
ES-14080,Erin Smith,West,Technology,Phones,1788.84,240.88,16,0.2
FA-14230,Frank Atkinson,Central,Furniture,,,-30.59,2,0.6
FA-14230,Frank Atkinson,Central,Office Supplies,Labels,40.1,,4,0.2
FA-14230,Frank Atkinson,South,Furniture,Bookcases,289.57,10.86,2,
FA-14230,Frank Atkinson,South,Furniture,Furnishings,159.84,45.95,10,0.2
FA-14230,Frank Atkinson,South,Office Supplies,Binders,2.89,-2.31,2,
FA-14230,Frank Atkinson,South,Office Supplies,Paper,9.39,3.29,2,0.2
FA-14230,Frank Atkinson,South,Office Supplies,,39.72,4.47,5,0.2
FA-14230,Frank Atkinson,South,Technology,Phones,319.01,32.83,5,0.2
FA-14230,Frank Atkinson,West,Furniture,,122.17,36.75,10,0.1
FA-14230,Frank Atkinson,West,,Fasteners,7.16,3.58,2,0
FA-14230,Frank Atkinson,West,Technology,Copiers,439.99,165,1,0.2
FA-14230,Frank Atkinson,West,Technology,Machines,566.27,131.2,5,0.45
FA-14230,Frank Atkinson,West,Technology,Phones,947.16,105.97,8,0.2
FC-14245,Frank Carlisle,Central,Office Supplies,Appliances,1927.59,751.76,,0
FC-14245,Frank Carlisle,Central,Technology,Phones,449.97,220.49,3,0
FC-14245,Frank Carlisle,East,Office Supplies,Appliances,161.57,16.16,2,0.2
FC-14245,Frank Carlisle,East,Office Supplies,Art,3.42,0.3,1,
FC-14245,Frank Carlisle,East,Office Supplies,Binders,6.22,-4.97,4,0.7
FC-14245,Frank Carlisle,East,Office Supplies,Paper,4.06,,1,0.2
FC-14245,Frank Carlisle,South,Office Supplies,Storage,61.68,5.4,5,0.2
FC-14245,Frank Carlisle,South,Technology,Phones,158.38,13.86,3,0.2
FC-14245,Frank Carlisle,West,Furniture,Furnishings,60.84,19.47,3,0
FC-14245,Frank Carlisle,West,Office Supplies,,80.18,23.88,8,0
FC-14245,Frank Carlisle,West,Office Supplies,Labels,11.52,5.64,,0
FC-14245,Frank Carlisle,West,Office Supplies,Paper,286.93,140.6,7,0
FC-14245,Frank Carlisle,West,,Phones,,23.22,2,0.2
FC-14335,Fred Chung,Central,Office Supplies,Paper,28.7,10.34,6,0.2
FC-14335,Fred Chung,Central,Technology,Phones,180.96,13.57,5,0.2
FC-14335,Fred Chung,East,Office Supplies,Storage,51.97,-10.39,2,0.2
FC-14335,Fred Chung,West,,Chairs,,84.5,,0.2
FC-14335,Fred Chung,West,,Appliances,1640.7,,5,0
FC-14335,Fred Chung,West,Office Supplies,Art,259.26,113.47,8,0.1
FC-14335,Fred Chung,West,,,4.54,1.65,2,
FC-14335,Fred Chung,West,Technology,,371.2,41.76,5,0.2
FG-14260,Frank Gastineau,Central,,Storage,298.46,26.12,6,0.2
FG-14260,Frank Gastineau,East,,Appliances,556.97,155.49,20,0
FG-14260,Frank Gastineau,East,Office Supplies,Binders,1003.39,471.97,22,0.18
FG-14260,Frank Gastineau,East,Office Supplies,Paper,,28.5,13,0.15
FG-14260,Frank Gastineau,West,Office Supplies,Art,87.92,26.38,4,0
FG-14260,Frank Gastineau,West,Office Supplies,Fasteners,8.94,4.11,3,0
FG-14260,Frank Gastineau,West,Technology,Phones,84.78,-20.14,2,0.2
FH-14275,Frank Hawley,Central,Office Supplies,Appliances,37.68,10.55,2,0
FH-14275,Frank Hawley,Central,Office Supplies,Art,20.58,5.56,7,0
FH-14275,Frank Hawley,Central,,Binders,17.38,,2,0
FH-14275,Frank Hawley,Central,Office Supplies,Envelopes,287.52,129.38,8,0
FH-14275,Frank Hawley,Central,Office Supplies,,293.88,101.43,9,0.1
FH-14275,Frank Hawley,Central,Technology,Machines,597.13,49.76,3,0.4
FH-14275,Frank Hawley,Central,Technology,Phones,7.99,2.6,1,0.2
FH-14275,Frank Hawley,East,Office Supplies,Binders,938.65,308.29,,0.45
FH-14275,Frank Hawley,East,,Phones,430.88,124.96,2,
FH-14275,Frank Hawley,South,Furniture,Tables,591.32,112.35,4,0
FH-14275,Frank Hawley,South,Office Supplies,Appliances,20.77,2.34,2,0.2
FH-14275,Frank Hawley,South,Office Supplies,Art,2.84,0.88,1,
FH-14275,Frank Hawley,South,Office Supplies,Storage,194.7,9.73,5,0
FH-14275,Frank Hawley,West,Furniture,,362.35,27.18,3,0.2
FH-14275,Frank Hawley,West,Office Supplies,Art,,,3,0
FH-14275,Frank Hawley,West,Office Supplies,Binders,81.68,29.14,6,0.2
FH-14275,Frank Hawley,West,Technology,Accessories,299.97,131.99,3,0
FH-14350,Fred Harton,Central,Office Supplies,Storage,24.82,1.55,2,0.2
FH-14350,Fred Harton,East,Office Supplies,Binders,3.8,-2.66,2,0.7
FH-14350,Fred Harton,East,Office Supplies,Paper,27.74,10.06,6,
FH-14350,Fred Harton,East,Technology,Phones,158.38,-34.31,4,0.4
FH-14350,Fred Harton,South,Office Supplies,Appliances,568.8,158.75,6,0
FH-14350,Fred Harton,South,Office Supplies,Labels,,,,0
FH-14350,Fred Harton,South,Office Supplies,Paper,,153.53,12,0
FH-14350,Fred Harton,South,Technology,Accessories,251.91,47.86,9,0
FH-14350,Fred Harton,West,Furniture,Furnishings,107.53,21.51,1,0
FH-14350,Fred Harton,West,Office Supplies,,6.63,,3,0
FH-14350,Fred Harton,West,Technology,Accessories,,,4,0
FH-14365,Fred Hopkins,East,Furniture,,1448.82,209.27,10,0.1
FH-14365,Fred Hopkins,East,Office Supplies,Binders,2.95,-2.26,2,0.7
FH-14365,Fred Hopkins,East,Office Supplies,Envelopes,,3.91,3,
FH-14365,Fred Hopkins,East,Office Supplies,Paper,,5.82,3,0.2
FH-14365,Fred Hopkins,East,Technology,Phones,29.97,14.09,3,0
FH-14365,Fred Hopkins,South,Furniture,Tables,328.59,-147.87,3,0.4
FH-14365,Fred Hopkins,South,Office Supplies,Storage,98.35,-24.59,3,0.2
FH-14365,Fred Hopkins,West,,Art,23.04,,8,
FH-14365,Fred Hopkins,West,Office Supplies,Binders,153.55,51.82,3,0.2
FH-14365,Fred Hopkins,West,Office Supplies,Paper,209.7,100.66,2,0
FH-14365,Fred Hopkins,West,,Storage,1518.26,352.05,5,0
FH-14365,Fred Hopkins,West,Technology,Copiers,3149.93,1480.47,7,0
FM-14215,Filia McAdams,East,,Furnishings,181.95,38.21,3,0
FM-14215,Filia McAdams,East,Furniture,Tables,1048.35,-69.89,5,0.4
FM-14215,Filia McAdams,East,Office Supplies,Paper,,60.88,12,0.1
FM-14215,Filia McAdams,East,Office Supplies,Storage,82.37,,2,0.2
FM-14215,Filia McAdams,South,Furniture,Chairs,98.39,-11.07,1,0.2
FM-14215,Filia McAdams,South,Furniture,Furnishings,,1.07,2,0.2
FM-14215,Filia McAdams,South,Office Supplies,Appliances,146.76,,3,0
FM-14215,Filia McAdams,South,Office Supplies,Paper,,7.02,3,0
FM-14215,Filia McAdams,South,Technology,Accessories,32.96,14.17,2,
FM-14215,Filia McAdams,South,Technology,Phones,587.97,164.63,3,0
FM-14215,Filia McAdams,West,Office Supplies,Art,37.62,11.72,5,0
FM-14215,Filia McAdams,West,,Binders,23.2,8.12,,0.2
FM-14215,Filia McAdams,West,Office Supplies,,12.96,6.22,,0
FM-14290,Frank Merwin,Central,,Binders,13.09,-21.93,12,0.8
FM-14290,Frank Merwin,Central,Office Supplies,Storage,52.75,-12.53,,0.2
FM-14290,Frank Merwin,East,Office Supplies,Art,11.74,1.03,3,0.2
FM-14290,Frank Merwin,East,Office Supplies,Paper,32.53,14.23,4,
FM-14290,Frank Merwin,East,Technology,Accessories,258.9,93.2,10,
FM-14290,Frank Merwin,East,Technology,Phones,1499.97,-374.99,5,0.4
FM-14290,Frank Merwin,South,Office Supplies,Binders,2.88,1.41,1,0
FM-14290,Frank Merwin,South,,Storage,1443.96,375.43,12,
FM-14290,Frank Merwin,West,Office Supplies,,44.02,11.45,2,0
FM-14290,Frank Merwin,West,Office Supplies,Binders,4.78,1.55,1,0.2
FM-14290,Frank Merwin,West,Office Supplies,Labels,41.4,,4,
FM-14290,Frank Merwin,West,Office Supplies,Paper,136.43,65.39,13,0
FM-14290,Frank Merwin,West,Technology,Accessories,193.75,24,9,0
FM-14380,Fred McMath,Central,Furniture,Chairs,,35.1,,
FM-14380,Fred McMath,Central,Office Supplies,Appliances,269.91,,5,0.1
FM-14380,Fred McMath,Central,Technology,Phones,455.65,47.42,6,0.2
FM-14380,Fred McMath,East,Office Supplies,Labels,334.54,84.43,15,0.18
FM-14380,Fred McMath,East,Office Supplies,Storage,40.74,0.41,3,0
FM-14380,Fred McMath,South,Office Supplies,Art,264.18,68.69,7,0
FM-14380,Fred McMath,South,Office Supplies,Binders,121.1,-100.92,6,0.7
FM-14380,Fred McMath,South,Technology,,191.95,20.6,6,0.2
FM-14380,Fred McMath,West,Office Supplies,Storage,243.38,-51.72,3,0.2
FM-14380,Fred McMath,West,Technology,Accessories,119.8,29.95,5,0.2
FM-14380,Fred McMath,West,Technology,Phones,300.77,30.08,4,0.2
FO-14305,Frank Olsen,Central,Office Supplies,Art,35.71,2.23,8,0.2
FO-14305,Frank Olsen,Central,Office Supplies,Binders,8.57,-14.57,3,0.8
FO-14305,Frank Olsen,Central,Office Supplies,Storage,153.58,-32.64,2,0.2
FO-14305,Frank Olsen,Central,Office Supplies,Supplies,,0.84,1,0.2
FO-14305,Frank Olsen,East,Office Supplies,,8.64,3.02,2,0.2
FO-14305,Frank Olsen,East,Office Supplies,Supplies,55.6,6.25,5,0.2
FO-14305,Frank Olsen,East,Technology,Accessories,617.98,-7.72,3,0.2
FO-14305,Frank Olsen,South,Furniture,Tables,1441.3,245.02,7,0
FO-14305,Frank Olsen,South,Office Supplies,,74.52,35.02,9,0
FO-14305,Frank Olsen,South,Office Supplies,Paper,32.06,11.22,6,0.2
FO-14305,Frank Olsen,West,Office Supplies,,72.59,-48.39,2,0.7
FO-14305,Frank Olsen,West,Office Supplies,Storage,49.2,-4.28,3,0.1
FO-14305,Frank Olsen,West,Office Supplies,Supplies,,7.27,2,0
FO-14305,Frank Olsen,West,Technology,Accessories,89.54,12.31,7,0.2
FP-14320,Frank Preis,Central,Furniture,,821.35,-158.58,6,0.3
FP-14320,Frank Preis,Central,Technology,Phones,,18,,0.2
FP-14320,Frank Preis,East,Furniture,Chairs,1317.49,292.78,,0.1
FP-14320,Frank Preis,East,Office Supplies,Binders,3.59,,1,0.2
FP-14320,Frank Preis,East,Office Supplies,Envelopes,30.67,9.59,3,0.2
FP-14320,Frank Preis,East,Office Supplies,Supplies,63.84,18.51,8,0
FP-14320,Frank Preis,East,Technology,Accessories,7.88,2.52,4,0
FP-14320,Frank Preis,East,,Copiers,1079.98,126,4,
FP-14320,Frank Preis,West,Office Supplies,,8.64,2.42,3,0
FP-14320,Frank Preis,West,,Labels,65.05,31.7,8,0
FP-14320,Frank Preis,West,Office Supplies,Paper,33.9,15.59,5,0
FP-14320,Frank Preis,West,Technology,Phones,,46.8,3,0.2
FW-14395,Fred Wasserman,East,Technology,Phones,43.6,12.21,4,0
FW-14395,Fred Wasserman,South,Office Supplies,Art,19.56,5.48,4,0
FW-14395,Fred Wasserman,West,Technology,Accessories,16.59,5.81,1,0
GA-14515,George Ashbrook,Central,Office Supplies,Art,17.86,4.24,4,0.2
GA-14515,George Ashbrook,Central,Office Supplies,Paper,,1.44,1,
GA-14515,George Ashbrook,Central,Technology,Phones,,49.32,6,0.2
GA-14515,George Ashbrook,East,Furniture,Chairs,172.76,32.63,2,0.1
GA-14515,George Ashbrook,East,Furniture,Furnishings,276.69,49.8,3,0
GA-14515,George Ashbrook,South,Office Supplies,Paper,43.68,20.97,6,0
GA-14515,George Ashbrook,West,Furniture,Furnishings,50.32,21.13,4,0
GA-14515,George Ashbrook,West,Office Supplies,Appliances,1447.65,419.82,5,0
GA-14515,George Ashbrook,West,Office Supplies,Art,5.56,,2,0
GA-14515,George Ashbrook,West,Office Supplies,Paper,36.52,17.4,,0
GA-14515,George Ashbrook,West,Office Supplies,Storage,99.87,23.97,3,0
GA-14515,George Ashbrook,West,Technology,Accessories,323.37,129.35,3,0
GA-14515,George Ashbrook,West,Technology,Phones,783.96,68.6,5,0.2
GA-14725,Guy Armstrong,Central,Furniture,Chairs,60.89,15.22,1,0
GA-14725,Guy Armstrong,Central,Furniture,,350.08,,5,0
GA-14725,Guy Armstrong,Central,Office Supplies,Art,31.74,,2,0.2
GA-14725,Guy Armstrong,Central,Office Supplies,Binders,145.27,-101.18,22,0.48
GA-14725,Guy Armstrong,Central,Office Supplies,Labels,14.94,6.87,3,0
GA-14725,Guy Armstrong,Central,,Storage,64.96,2.6,2,0
GA-14725,Guy Armstrong,Central,Office Supplies,Supplies,44.69,5.03,7,0.2
GA-14725,Guy Armstrong,East,Furniture,,48.9,8.56,4,0.2
GA-14725,Guy Armstrong,East,Technology,Accessories,27.97,6.99,2,0.2
GA-14725,Guy Armstrong,South,Office Supplies,Binders,40.41,18.59,9,0
GA-14725,Guy Armstrong,South,Office Supplies,Paper,,67.26,5,0.2
GA-14725,Guy Armstrong,West,Furniture,Bookcases,205.67,-12.1,2,0.15
GA-14725,Guy Armstrong,West,Office Supplies,Appliances,10.89,2.83,1,0
GA-14725,Guy Armstrong,West,Office Supplies,Art,7.88,1.77,1,0.2
GA-14725,Guy Armstrong,West,Office Supplies,Binders,,39.52,5,0.2
GA-14725,Guy Armstrong,West,Office Supplies,Fasteners,10.9,3.6,,0
GA-14725,Guy Armstrong,West,Office Supplies,,19.44,9.33,3,
GB-14530,George Bell,Central,Office Supplies,Art,9.33,0.82,1,
GB-14530,George Bell,Central,Office Supplies,Paper,9.39,,2,0.2
GB-14530,George Bell,East,Furniture,Bookcases,163.88,-81.94,4,0.5
GB-14530,George Bell,East,,,211.96,42.39,,0
GB-14530,George Bell,East,Furniture,Tables,241.92,,4,0.4
GB-14530,George Bell,East,Office Supplies,Binders,3.49,-2.79,2,0.7
GB-14530,George Bell,East,Office Supplies,Fasteners,10.58,-2.38,7,0.2
GB-14530,George Bell,East,Office Supplies,Labels,6.91,2.51,3,0.2
GB-14530,George Bell,East,Office Supplies,Paper,46.96,22.54,8,0
GB-14530,George Bell,East,Office Supplies,Storage,204.66,-35.7,5,0.2
GB-14530,George Bell,South,Furniture,Chairs,207,25.87,3,0.2
GB-14530,George Bell,South,Furniture,Furnishings,127.95,21.75,,0
GB-14530,George Bell,West,Furniture,Chairs,195.18,19.52,1,0.2
GB-14530,George Bell,West,,Furnishings,49.04,14.25,,0.1
GB-14530,George Bell,West,Office Supplies,Art,11.68,5.49,2,0
GB-14530,George Bell,West,Office Supplies,Labels,12.6,6.05,4,0
GB-14530,George Bell,West,Office Supplies,Supplies,16.9,5.07,2,
GB-14530,George Bell,West,Technology,Accessories,39,17.55,3,0
GB-14575,Giulietta Baptist,Central,Office Supplies,Paper,279.9,137.15,5,0
GB-14575,Giulietta Baptist,East,Furniture,Furnishings,156.9,48.63,10,0.1
GB-14575,Giulietta Baptist,East,Office Supplies,Binders,69.46,22.57,2,0.2
GB-14575,Giulietta Baptist,East,Office Supplies,Paper,33.7,13.61,6,0.1
GB-14575,Giulietta Baptist,South,Furniture,Chairs,1690.04,,4,0
GB-14575,Giulietta Baptist,South,Office Supplies,Binders,,,2,0
GB-14575,Giulietta Baptist,South,Office Supplies,Envelopes,121.96,57.32,2,
GB-14575,Giulietta Baptist,South,Office Supplies,Paper,23.92,11.72,4,0
GB-14575,Giulietta Baptist,South,Office Supplies,Storage,1582.14,206.09,20,0
GB-14575,Giulietta Baptist,South,Technology,,,,8,0
GD-14590,Giulietta Dortch,East,Office Supplies,Paper,8.45,,2,0.2
GD-14590,Giulietta Dortch,East,Technology,Phones,728.95,-157.94,9,0.4
GD-14590,Giulietta Dortch,South,Office Supplies,,11.88,5.35,2,0
GD-14590,Giulietta Dortch,South,Office Supplies,Paper,35.44,16.66,1,0
GD-14590,Giulietta Dortch,West,Office Supplies,Binders,3.86,1.4,1,0.2
GD-14590,Giulietta Dortch,West,Technology,Accessories,,362.84,10,0
GG-14650,Greg Guthrie,Central,Office Supplies,Art,54.34,5.43,4,0.2
GG-14650,Greg Guthrie,Central,Office Supplies,Storage,97.98,-24.5,2,0.2
GG-14650,Greg Guthrie,Central,Technology,Accessories,62.4,19.5,6,0.2
GG-14650,Greg Guthrie,East,,Binders,11.76,-7.84,5,0.7
GG-14650,Greg Guthrie,East,Office Supplies,Paper,5.34,1.87,1,0.2
GG-14650,Greg Guthrie,East,Technology,Phones,,11.6,1,0
GG-14650,Greg Guthrie,South,Office Supplies,,157.79,-115.72,1,0.7
GG-14650,Greg Guthrie,West,Furniture,Chairs,1238.07,-126.36,,0.18
GG-14650,Greg Guthrie,West,Furniture,Furnishings,185.72,67.42,15,0.07
GG-14650,Greg Guthrie,West,Furniture,Tables,474.66,38.2,8,0.13
GG-14650,Greg Guthrie,West,Office Supplies,Appliances,95.42,21.78,10,0.07
GG-14650,Greg Guthrie,West,Office Supplies,Art,12.39,3.72,3,
GG-14650,Greg Guthrie,West,Office Supplies,Binders,49.17,15.94,7,0.2
GG-14650,Greg Guthrie,West,Office Supplies,Fasteners,5241.1,1370.91,17,0
GG-14650,Greg Guthrie,West,Office Supplies,Paper,84.18,39.76,16,0
GG-14650,Greg Guthrie,West,Office Supplies,Storage,485.94,33.05,9,
GG-14650,Greg Guthrie,West,Technology,,251.91,47.86,,0
GG-14650,Greg Guthrie,West,Technology,,35.92,12.62,6,0.2
GH-14410,Gary Hansen,Central,Furniture,Chairs,724.94,-139.88,9,0.15
GH-14410,Gary Hansen,Central,Furniture,Furnishings,14.22,-10.31,2,0.6
GH-14410,Gary Hansen,Central,Office Supplies,Appliances,62.79,-166.39,,0.8
GH-14410,Gary Hansen,Central,Office Supplies,Fasteners,28.44,4.27,9,0.2
GH-14410,Gary Hansen,Central,,Phones,1001.58,125.2,2,
GH-14410,Gary Hansen,East,Office Supplies,Paper,11.76,5.76,2,0
GH-14410,Gary Hansen,East,Office Supplies,Storage,166.45,39.95,5,0
GH-14410,Gary Hansen,South,Office Supplies,Binders,16.22,-10.96,8,0.7
GH-14410,Gary Hansen,West,Furniture,,4.95,2.18,1,0
GH-14410,Gary Hansen,West,Office Supplies,Binders,41.9,14.14,6,0.2
GH-14410,Gary Hansen,West,Office Supplies,Labels,2.88,1.41,,0
GH-14410,Gary Hansen,West,Office Supplies,Paper,93.02,33.72,3,
GH-14410,Gary Hansen,West,Office Supplies,,50.32,4.07,9,0
GH-14410,Gary Hansen,West,Technology,Machines,599.99,-479.99,5,0.7
GH-14425,Gary Hwang,South,Office Supplies,Binders,12.83,-8.98,2,0.7
GH-14425,Gary Hwang,West,,Furnishings,212.35,51.57,9,0.1
GH-14425,Gary Hwang,West,Office Supplies,,86.3,9.71,6,0.2
GH-14425,Gary Hwang,West,Office Supplies,Binders,3266.38,1061.57,3,0.2
GH-14425,Gary Hwang,West,Office Supplies,Fasteners,,8.95,5,0
GH-14425,Gary Hwang,West,Office Supplies,Paper,218.19,68.68,13,0.2
GH-14425,Gary Hwang,West,Office Supplies,Storage,247.1,-58.69,6,0.2
GH-14425,Gary Hwang,West,Technology,Accessories,111.79,43.6,7,
GH-14485,Gene Hale,Central,Furniture,Furnishings,263.7,-218.92,8,0.6
GH-14485,Gene Hale,Central,Technology,Phones,1097.54,123.47,7,
GH-14665,Greg Hansen,Central,Furniture,Bookcases,78.85,-11.6,2,0.32
GH-14665,Greg Hansen,Central,Office Supplies,Art,,2.72,2,0.2
GH-14665,Greg Hansen,Central,Office Supplies,Supplies,40.92,3.07,5,0.2
GK-14620,Grace Kelly,Central,,Labels,9.86,3.45,4,
GK-14620,Grace Kelly,Central,Technology,,479.99,56,2,0.4
GK-14620,Grace Kelly,East,,,1793.98,843.17,2,
GK-14620,Grace Kelly,South,Office Supplies,Art,64.68,8.08,,0.2
GK-14620,Grace Kelly,West,,Tables,351.22,4.39,3,0.2
GK-14620,Grace Kelly,West,,Art,80.96,18.72,,0.2
GK-14620,Grace Kelly,West,Office Supplies,Binders,251.52,81.74,6,0.2
GK-14620,Grace Kelly,West,Office Supplies,Paper,45.36,21.77,7,0
GK-14620,Grace Kelly,West,Technology,Accessories,354.23,111.27,8,0
GK-14620,Grace Kelly,West,Technology,Phones,3065.48,299.95,15,0.2
GM-14440,Gary McGarr,East,Furniture,Bookcases,257.57,-28.98,2,0.2
GM-14440,Gary McGarr,East,Furniture,Chairs,145.76,,2,0.1
GM-14440,Gary McGarr,East,Office Supplies,Art,,22.24,9,0
GM-14440,Gary McGarr,East,Technology,Phones,119.96,33.59,4,0
GM-14440,Gary McGarr,South,Furniture,Chairs,218.38,-10.92,3,0.2
GM-14440,Gary McGarr,South,Furniture,Furnishings,32.95,6.59,3,
GM-14440,Gary McGarr,South,Office Supplies,Labels,59.2,22.2,5,
GM-14440,Gary McGarr,West,Furniture,Chairs,1897.92,184.91,9,
GM-14440,Gary McGarr,West,Furniture,Furnishings,18.28,,,0
GM-14440,Gary McGarr,West,Office Supplies,Storage,772.68,108.18,4,0
GM-14455,Gary Mitchum,Central,Furniture,Furnishings,2.03,-1.32,1,0.6
GM-14455,Gary Mitchum,Central,Office Supplies,Storage,158.37,13.86,7,0.2
GM-14455,Gary Mitchum,Central,Technology,Accessories,227.98,28.5,3,0.2
GM-14455,Gary Mitchum,Central,Technology,Phones,811.03,,9,0.2
GM-14455,Gary Mitchum,East,Furniture,Furnishings,,23.38,,0
GM-14455,Gary Mitchum,East,Furniture,Tables,,-58.13,,0.4
GM-14455,Gary Mitchum,East,Office Supplies,,227.88,68.36,6,
GM-14455,Gary Mitchum,East,Office Supplies,,24.64,11.83,8,0
GM-14455,Gary Mitchum,East,Office Supplies,,419.4,146.79,5,0.2
GM-14455,Gary Mitchum,East,,Accessories,113.97,27.35,3,0
GM-14455,Gary Mitchum,East,Technology,,824.95,247.48,5,0
GM-14500,Gene McClure,Central,Furniture,Tables,124.4,-21.33,4,0.3
GM-14500,Gene McClure,Central,Office Supplies,Envelopes,7.07,,,0.2
GM-14500,Gene McClure,East,Office Supplies,Binders,79.06,28.66,9,0.2
GM-14500,Gene McClure,East,Office Supplies,Fasteners,34.44,16.19,3,0
GM-14500,Gene McClure,East,Office Supplies,Paper,40.03,,,0.2
GM-14500,Gene McClure,East,Office Supplies,Storage,14.9,1.04,5,0
GM-14500,Gene McClure,East,Technology,,16.78,5.03,3,
GM-14500,Gene McClure,East,Technology,Machines,629.93,296.07,7,0
GM-14500,Gene McClure,South,Office Supplies,Storage,9.95,1,1,0.2
GM-14500,Gene McClure,West,Furniture,Furnishings,41.6,14.14,4,0
GM-14500,Gene McClure,West,Office Supplies,Art,12.42,5.22,3,0
GM-14500,Gene McClure,West,,Binders,239.12,77.71,5,0.2
GM-14500,Gene McClure,West,Office Supplies,Paper,,2.69,1,0
GM-14680,Greg Matthias,East,Furniture,Bookcases,523.92,-26.2,,0.2
GM-14680,Greg Matthias,East,Furniture,Tables,330.59,-115.71,1,0.4
GM-14680,Greg Matthias,East,Technology,Phones,285.58,-57.12,4,0.4
GM-14680,Greg Matthias,West,Furniture,Chairs,256.78,32.1,1,0.2
GM-14680,Greg Matthias,West,Furniture,Furnishings,12.35,5.43,,0
GM-14680,Greg Matthias,West,Office Supplies,Art,,10.65,,0
GM-14680,Greg Matthias,West,Office Supplies,Fasteners,22.96,10.79,2,0
GM-14680,Greg Matthias,West,Office Supplies,,39.96,19.18,2,0
GM-14680,Greg Matthias,West,Office Supplies,Supplies,41.04,11.08,6,0
GM-14680,Greg Matthias,West,Technology,Phones,1609.48,145.27,8,0.2
GM-14695,Greg Maxwell,South,Office Supplies,Art,45.92,14.24,14,0
GM-14695,Greg Maxwell,South,Office Supplies,Paper,12.96,,2,0
GM-14695,Greg Maxwell,South,Office Supplies,Supplies,4164.05,83.28,5,
GM-14695,Greg Maxwell,South,Technology,Phones,28.99,8.41,1,0
GM-14695,Greg Maxwell,West,Furniture,Tables,1322.35,-99.18,,0.2
GM-14695,Greg Maxwell,West,Office Supplies,,11.76,3.18,4,0
GM-14695,Greg Maxwell,West,Office Supplies,Binders,320.62,104.2,4,0.2
GM-14695,Greg Maxwell,West,Office Supplies,Paper,143.31,,,0
GP-14740,Guy Phonely,East,Office Supplies,Binders,120.68,1.52,13,
GP-14740,Guy Phonely,East,Office Supplies,Paper,10.95,5.15,3,0
GP-14740,Guy Phonely,East,Office Supplies,Storage,104.9,25.18,5,0
GR-14560,Georgia Rosenberg,East,Furniture,Bookcases,1025.88,235.95,6,0
GR-14560,Georgia Rosenberg,East,Office Supplies,Binders,213.08,102.28,7,0
GR-14560,Georgia Rosenberg,East,Office Supplies,Labels,32.46,,8,0
GR-14560,Georgia Rosenberg,West,Office Supplies,,12.96,6.22,2,
GT-14635,Grant Thornton,East,Furniture,Tables,991.76,-347.12,3,0.4
GT-14635,Grant Thornton,East,Office Supplies,Binders,174.89,59.34,15,
GT-14635,Grant Thornton,East,Office Supplies,Supplies,17.14,4.46,2,0
GT-14635,Grant Thornton,South,Office Supplies,Appliances,167.44,14.65,2,0.2
GT-14635,Grant Thornton,South,Technology,Machines,7999.98,-3839.99,4,
GT-14710,Greg Tran,Central,Furniture,Chairs,899.43,-12.85,5,0.3
GT-14710,Greg Tran,Central,Office Supplies,Art,46.2,5.77,5,0.2
GT-14710,Greg Tran,Central,Office Supplies,Envelopes,15.28,7.49,,0
GT-14710,Greg Tran,Central,Office Supplies,Fasteners,45.82,19.37,10,0.1
GT-14710,Greg Tran,Central,Office Supplies,Paper,144.89,52.32,8,0.13
GT-14710,Greg Tran,Central,Office Supplies,Supplies,,10.8,4,0
GT-14710,Greg Tran,Central,Technology,Phones,7.99,0.7,1,0.2
GT-14710,Greg Tran,East,Furniture,Bookcases,4007.84,-50.1,10,0.2
GT-14710,Greg Tran,East,Furniture,Chairs,1267.53,316.88,3,0
GT-14710,Greg Tran,East,Furniture,Furnishings,44.46,14.67,2,0
GT-14710,Greg Tran,East,,Appliances,208.16,56.2,1,0
GT-14710,Greg Tran,East,Office Supplies,Art,22.74,8.87,3,0
GT-14710,Greg Tran,East,Office Supplies,,2204.3,744.15,10,0.2
GT-14710,Greg Tran,East,Office Supplies,Storage,242.94,9.72,3,0
GT-14710,Greg Tran,East,Office Supplies,,5.04,0.15,2,0
GT-14710,Greg Tran,East,Technology,Machines,1379.92,648.56,,0
GT-14710,Greg Tran,West,Office Supplies,,107.02,34.78,10,0.2
GT-14710,Greg Tran,West,Office Supplies,,35.89,16.15,1,0
GT-14710,Greg Tran,West,Office Supplies,Paper,508.66,239.07,14,0
GT-14710,Greg Tran,West,Technology,Phones,588.77,40.72,4,
GT-14755,Guy Thornton,Central,Office Supplies,Binders,33.57,-53.71,8,0.8
GT-14755,Guy Thornton,Central,Office Supplies,Paper,25.92,9.4,5,0.2
GT-14755,Guy Thornton,Central,Office Supplies,Storage,53.42,4.67,3,0.2
GT-14755,Guy Thornton,West,Furniture,Tables,,-0.89,1,0.2
GT-14755,Guy Thornton,West,Office Supplies,Fasteners,3.96,0.08,2,0
GT-14755,Guy Thornton,West,Office Supplies,Labels,61.06,28.09,2,0
GT-14755,Guy Thornton,West,Office Supplies,,12.96,6.22,2,0
GW-14605,Giulietta Weimer,Central,Furniture,,376.51,-43.03,3,0.3
GW-14605,Giulietta Weimer,Central,Office Supplies,Storage,137.35,8.58,,0.2
GW-14605,Giulietta Weimer,East,Office Supplies,Binders,631.18,-462.86,4,0.7
GW-14605,Giulietta Weimer,East,Technology,Phones,279.86,,14,0
GW-14605,Giulietta Weimer,South,Furniture,Furnishings,318.08,34.99,4,0
GW-14605,Giulietta Weimer,South,Office Supplies,Binders,5.8,2.61,1,0
GW-14605,Giulietta Weimer,South,Office Supplies,,,6.98,9,0.2
GW-14605,Giulietta Weimer,West,Technology,Accessories,328.57,49.85,5,0
GZ-14470,Gary Zandusky,Central,Furniture,Tables,489.23,41.93,2,0.3
GZ-14470,Gary Zandusky,Central,Office Supplies,Paper,23.92,,4,0
GZ-14470,Gary Zandusky,East,Furniture,Furnishings,971.5,252.59,5,0
GZ-14470,Gary Zandusky,East,Office Supplies,Appliances,901.95,297.64,3,0
GZ-14470,Gary Zandusky,East,Office Supplies,Envelopes,,89.95,5,
GZ-14470,Gary Zandusky,East,Office Supplies,Storage,34.05,9.53,,0
GZ-14470,Gary Zandusky,East,Technology,Machines,480,225.6,4,0
GZ-14470,Gary Zandusky,South,Office Supplies,Art,54.66,,6,0
GZ-14470,Gary Zandusky,West,Furniture,Chairs,1114.19,119.59,7,0.2
GZ-14470,Gary Zandusky,West,Furniture,Furnishings,14.37,3.95,2,
GZ-14470,Gary Zandusky,West,Office Supplies,Art,13.48,5.93,4,0
GZ-14470,Gary Zandusky,West,Office Supplies,Envelopes,,2.77,1,0.2
GZ-14470,Gary Zandusky,West,Technology,Accessories,49.98,8.5,2,0
GZ-14545,George Zrebassa,East,Office Supplies,Storage,120.75,44.52,16,
GZ-14545,George Zrebassa,West,Furniture,,362.35,45.29,,0.2
GZ-14545,George Zrebassa,West,Office Supplies,,381.36,106.78,7,0
GZ-14545,George Zrebassa,West,Office Supplies,Art,14.7,4.12,7,0
GZ-14545,George Zrebassa,West,Technology,Accessories,1649.95,659.98,5,0
HA-14905,Helen Abelman,Central,Furniture,Furnishings,17.5,-7.44,9,0.6
HA-14905,Helen Abelman,East,Office Supplies,,393.25,129.77,5,0
HA-14905,Helen Abelman,East,Office Supplies,Art,11.65,3.38,5,0
HA-14905,Helen Abelman,East,Office Supplies,,,108.8,7,0.2
HA-14905,Helen Abelman,East,Technology,Accessories,37.06,8.8,4,
HA-14905,Helen Abelman,East,Technology,,,,2,0.4
HA-14905,Helen Abelman,West,Furniture,Chairs,,-28.96,4,0.2
HA-14905,Helen Abelman,West,Furniture,Furnishings,166.5,21.65,3,0
HA-14905,Helen Abelman,West,Office Supplies,Binders,,,4,0.7
HA-14905,Helen Abelman,West,Office Supplies,Storage,360.38,93.7,,0
HA-14920,Helen Andreada,Central,Furniture,,139.92,-150.41,,0.6
HA-14920,Helen Andreada,Central,Office Supplies,Art,15.87,1.19,1,0.2
HA-14920,Helen Andreada,Central,Office Supplies,Binders,6.29,-11,7,0.8
HA-14920,Helen Andreada,Central,Office Supplies,,10.53,3.29,4,0.2
HA-14920,Helen Andreada,Central,Office Supplies,Paper,28.83,9.42,8,0.2
HA-14920,Helen Andreada,Central,Technology,Accessories,191.98,,3,0.2
HA-14920,Helen Andreada,East,Technology,Accessories,14.2,,1,0.2
HA-14920,Helen Andreada,South,Office Supplies,Appliances,,64.07,4,0.2
HA-14920,Helen Andreada,South,Office Supplies,Paper,30.82,,9,0.2
HA-14920,Helen Andreada,South,Technology,Phones,44.78,,2,0.2
HA-14920,Helen Andreada,West,Furniture,Chairs,,-65.04,2,0.2
HA-14920,Helen Andreada,West,Furniture,,5.28,2.32,3,0
HA-14920,Helen Andreada,West,Office Supplies,Binders,10.92,4.09,,0.2
HA-14920,Helen Andreada,West,Office Supplies,Envelopes,167.86,78.89,2,0
HA-14920,Helen Andreada,West,Office Supplies,,,28.46,11,0
HA-14920,Helen Andreada,West,Technology,Accessories,209.93,,7,
HD-14785,Harold Dahlen,Central,Office Supplies,Binders,104.58,-172.56,9,
HD-14785,Harold Dahlen,Central,Office Supplies,Paper,,5.68,3,0.2
HD-14785,Harold Dahlen,East,Office Supplies,Art,25.14,5.97,7,0.1
HD-14785,Harold Dahlen,East,Office Supplies,Binders,18.31,-12.21,4,
HD-14785,Harold Dahlen,East,,Paper,85.86,37.24,8,0.1
HE-14800,Harold Engle,Central,Furniture,,,22.99,5,0
HE-14800,Harold Engle,Central,Office Supplies,Paper,156.51,,4,0.2
HE-14800,Harold Engle,Central,Technology,Accessories,29.34,10.86,3,0
HE-14800,Harold Engle,East,Furniture,Furnishings,137.3,21.5,,0
HE-14800,Harold Engle,East,Office Supplies,Art,203.86,54.16,12,0
HE-14800,Harold Engle,East,Office Supplies,Envelopes,109.69,51.55,7,0
HE-14800,Harold Engle,East,Office Supplies,Paper,4.98,2.34,1,0
HE-14800,Harold Engle,East,Technology,Accessories,141.9,58.18,5,0
HF-14995,Herbert Flentye,Central,Office Supplies,Binders,10.4,5.1,,0
HF-14995,Herbert Flentye,Central,Office Supplies,Paper,33.45,15.39,5,0
HF-14995,Herbert Flentye,East,,Bookcases,344.94,31.04,3,
HF-14995,Herbert Flentye,East,Furniture,,14.76,4.28,2,0
HF-14995,Herbert Flentye,East,Office Supplies,Binders,12.76,,,0
HF-14995,Herbert Flentye,East,Office Supplies,Labels,58.48,27.49,8,0
HF-14995,Herbert Flentye,South,Furniture,Tables,701.64,-256.42,,
HF-14995,Herbert Flentye,South,Office Supplies,Binders,2.74,-2.01,2,0.7
HF-14995,Herbert Flentye,South,Office Supplies,Labels,3.98,1.29,1,0.2
HF-14995,Herbert Flentye,South,Technology,Phones,116.76,14.59,1,
HF-14995,Herbert Flentye,West,Furniture,Bookcases,556.66,6.55,5,0.15
HF-14995,Herbert Flentye,West,Furniture,Chairs,225.3,22.53,,0.2
HF-14995,Herbert Flentye,West,Office Supplies,Art,59.52,15.48,3,0
HF-14995,Herbert Flentye,West,Office Supplies,Envelopes,93.91,44.14,7,0
HF-14995,Herbert Flentye,West,Office Supplies,Paper,57.87,26.82,,0
HF-14995,Herbert Flentye,West,Technology,Phones,239.98,24,2,0.2
HG-14845,Harry Greene,Central,Office Supplies,Paper,330.77,121.91,9,0.2
HG-14845,Harry Greene,Central,Office Supplies,Storage,18.16,1.82,2,0.2
HG-14845,Harry Greene,East,Furniture,,314.35,-15.72,3,0.2
HG-14845,Harry Greene,East,Office Supplies,,33.47,8.47,10,0.37
HG-14845,Harry Greene,East,Office Supplies,Paper,18.98,8.92,2,0
HG-14845,Harry Greene,South,Furniture,Chairs,51.96,12.99,2,0
HG-14845,Harry Greene,South,Office Supplies,Binders,17.94,8.61,3,0
HG-14965,Henry Goldwyn,Central,Office Supplies,Binders,1890.87,-2930.89,6,0.8
HG-14965,Henry Goldwyn,East,Office Supplies,Binders,24.59,-18.03,2,0.7
HG-14965,Henry Goldwyn,East,Office Supplies,Storage,194.35,-43.73,3,0.2
HG-14965,Henry Goldwyn,East,Technology,Accessories,70.72,-6.19,,0.2
HG-14965,Henry Goldwyn,South,Office Supplies,Art,53.28,,15,0
HG-14965,Henry Goldwyn,South,Office Supplies,,31.36,15.68,,0
HG-14965,Henry Goldwyn,West,Furniture,Furnishings,183.84,62.51,8,0
HG-14965,Henry Goldwyn,West,Office Supplies,Appliances,86.82,29.52,5,0
HG-14965,Henry Goldwyn,West,Office Supplies,Art,39.68,10.32,2,0
HG-14965,Henry Goldwyn,West,Office Supplies,Paper,63.14,27.62,11,0.07
HG-14965,Henry Goldwyn,West,,Supplies,609,36.98,8,0
HG-15025,Hunter Glantz,Central,Office Supplies,Appliances,3.16,-8.53,4,
HG-15025,Hunter Glantz,Central,Office Supplies,Art,22,9.68,10,0
HG-15025,Hunter Glantz,Central,Office Supplies,Paper,,9.57,1,0.2
HG-15025,Hunter Glantz,Central,Technology,Accessories,79.51,20.87,3,0.2
HG-15025,Hunter Glantz,Central,Technology,,1999.96,624.99,5,0.2
HG-15025,Hunter Glantz,East,Furniture,Chairs,,48.31,2,
HG-15025,Hunter Glantz,East,Office Supplies,Binders,14.38,4.85,3,0.2
HG-15025,Hunter Glantz,East,Technology,Accessories,63.92,19.18,2,0.2
HG-15025,Hunter Glantz,South,Office Supplies,Appliances,,4.68,2,0
HG-15025,Hunter Glantz,South,Technology,Accessories,71.98,15.12,,0
HG-15025,Hunter Glantz,West,Office Supplies,Storage,1117.92,55.9,4,0
HH-15010,Hilary Holden,West,Furniture,Furnishings,30.56,10.39,2,0
HH-15010,Hilary Holden,West,Furniture,Tables,24.37,-3.35,2,0.2
HH-15010,Hilary Holden,West,Office Supplies,Envelopes,8.96,4.3,,0
HH-15010,Hilary Holden,West,Office Supplies,Labels,31.5,15.12,10,0
HH-15010,Hilary Holden,West,,Paper,123.28,60.27,4,0
HJ-14875,Heather Jas,Central,Office Supplies,Storage,53.72,,4,0
HJ-14875,Heather Jas,South,Office Supplies,Paper,5.08,,1,
HJ-14875,Heather Jas,West,Furniture,Bookcases,163.88,40.97,2,0
HJ-14875,Heather Jas,West,Office Supplies,Paper,85.92,28.7,9,0.2
HJ-14875,Heather Jas,West,Office Supplies,Supplies,49.5,13.36,5,0
HK-14890,Heather Kirkland,Central,Furniture,Furnishings,16.16,-12.12,7,0.6
HK-14890,Heather Kirkland,Central,Office Supplies,Appliances,87.17,-226.64,8,0.8
HK-14890,Heather Kirkland,Central,Office Supplies,,491.55,240.86,5,0
HK-14890,Heather Kirkland,Central,,Paper,129.17,,6,0.2
HK-14890,Heather Kirkland,Central,,Storage,32.23,,3,0.2
HK-14890,Heather Kirkland,Central,Technology,Accessories,143.96,1.8,5,
HK-14890,Heather Kirkland,Central,Technology,Copiers,2399.96,569.99,5,0.2
HK-14890,Heather Kirkland,East,Furniture,Chairs,291.1,75.69,5,0
HK-14890,Heather Kirkland,East,Technology,Phones,158.99,41.34,1,0
HK-14890,Heather Kirkland,South,Furniture,Furnishings,,,7,0.2
HK-14890,Heather Kirkland,South,Office Supplies,Paper,36.24,11.32,5,0.2
HK-14890,Heather Kirkland,West,Furniture,Tables,696.42,160.18,2,0
HK-14890,Heather Kirkland,West,Office Supplies,Binders,54.9,18.53,2,0.2
HK-14890,Heather Kirkland,West,Technology,Phones,,22.86,,
HL-15040,Hunter Lopez,Central,Furniture,Furnishings,34.79,10.78,7,0
HL-15040,Hunter Lopez,Central,,Envelopes,15.65,5.09,2,0.2
HL-15040,Hunter Lopez,Central,Technology,Phones,440.91,,9,
HL-15040,Hunter Lopez,East,Office Supplies,Storage,22.58,,2,0
HL-15040,Hunter Lopez,East,,Copiers,10499.97,5039.99,3,0
HL-15040,Hunter Lopez,South,Furniture,Chairs,1067.94,224.27,3,
HL-15040,Hunter Lopez,South,Furniture,Furnishings,38.6,11.58,,0
HL-15040,Hunter Lopez,South,Office Supplies,Art,29.59,8.45,10,0
HL-15040,Hunter Lopez,South,Office Supplies,Envelopes,23.34,10.97,3,0
HL-15040,Hunter Lopez,South,Technology,Phones,699.93,181.98,7,
HM-14860,Harry Marie,Central,Furniture,Bookcases,956.66,-225.1,7,0.32
HM-14860,Harry Marie,Central,Furniture,Chairs,,-93.99,5,0.3
HM-14860,Harry Marie,Central,Furniture,Furnishings,9.68,3.78,2,0
HM-14860,Harry Marie,Central,Office Supplies,Appliances,4.99,-12.98,3,0.8
HM-14860,Harry Marie,Central,Office Supplies,Binders,4.36,-7.47,4,0.8
HM-14860,Harry Marie,Central,Office Supplies,Envelopes,87.92,29.67,5,0.2
HM-14860,Harry Marie,Central,Technology,Copiers,4899.93,2302.97,7,0
HM-14860,Harry Marie,East,Furniture,Furnishings,84.47,24.51,8,0
HM-14860,Harry Marie,East,Office Supplies,Art,,9.24,7,0.2
HM-14860,Harry Marie,East,Office Supplies,Paper,23.68,7.4,4,0.2
HM-14860,Harry Marie,East,Technology,Phones,941.54,246.59,8,0.2
HM-14860,Harry Marie,West,Furniture,Furnishings,43.8,16.87,7,0
HM-14860,Harry Marie,West,Office Supplies,Envelopes,,125.33,4,0.1
HM-14860,Harry Marie,West,Office Supplies,Paper,7.97,2.89,2,0.2
HM-14860,Harry Marie,West,,Phones,110.35,8.28,3,0.2
HM-14980,Henry MacAllister,East,Office Supplies,,4.62,,1,0.2
HM-14980,Henry MacAllister,South,Office Supplies,Art,22.74,2.51,9,0.2
HM-14980,Henry MacAllister,West,Furniture,Furnishings,139.58,39.08,7,0
HM-14980,Henry MacAllister,West,Office Supplies,Binders,65.38,23.55,7,0.2
HM-14980,Henry MacAllister,West,Technology,Phones,503.96,50.4,5,0.2
HO-15230,Harry Olson,East,Office Supplies,Binders,6.05,-1.21,6,0.2
HO-15231,Harry Olson,East,Office Supplies,Binders,620.24,161.26,4,0
HO-15232,Harry Olson,East,Office Supplies,Art,140.93,45.8,12,0.2
HO-15233,Harry Olson,East,Furniture,Chairs,,13.78,10,0.2
HO-15234,Harry Olson,East,Furniture,Chairs,281.34,109.72,6,0
HP-14815,Harold Pawlan,Central,Office Supplies,Appliances,68.81,-123.86,5,0.8
HP-14815,Harold Pawlan,Central,Office Supplies,Binders,2.54,-3.82,3,0.8
HP-14815,Harold Pawlan,Central,,Supplies,70.12,21.04,4,
HP-14815,Harold Pawlan,East,Furniture,Chairs,1242.9,262.39,5,0.1
HP-14815,Harold Pawlan,East,Office Supplies,Binders,68.47,,3,0.2
HP-14815,Harold Pawlan,East,Office Supplies,Paper,184.66,84.94,7,0
HP-14815,Harold Pawlan,South,Furniture,Furnishings,111.15,48.91,5,0
HP-14815,Harold Pawlan,West,Office Supplies,Binders,145.67,49.15,10,0.45
HP-14815,Harold Pawlan,West,Technology,Accessories,95.98,12,2,0.2
HR-14770,Hallie Redmond,Central,Furniture,Bookcases,687.4,48.12,5,0
HR-14770,Hallie Redmond,Central,Furniture,Furnishings,18.96,,2,0
HR-14770,Hallie Redmond,Central,Office Supplies,Fasteners,,0.1,2,0
HR-14770,Hallie Redmond,Central,Office Supplies,Paper,11.34,,1,0
HR-14770,Hallie Redmond,Central,Office Supplies,Storage,86.16,,7,0
HR-14770,Hallie Redmond,Central,Technology,Accessories,171.92,72.86,8,0
HR-14770,Hallie Redmond,Central,Technology,Phones,67.8,1.36,4,
HR-14770,Hallie Redmond,East,Technology,Phones,5.94,1.6,3,
HR-14770,Hallie Redmond,South,Office Supplies,Art,16.26,1.22,2,0.2
HR-14770,Hallie Redmond,South,Technology,Phones,,19.18,2,0.2
HR-14770,Hallie Redmond,West,Office Supplies,Binders,,4.28,2,
HR-14830,Harold Ryan,East,Furniture,Chairs,630.47,2.31,10,0.2
HR-14830,Harold Ryan,East,Office Supplies,Envelopes,47.01,,3,0
HR-14830,Harold Ryan,East,Office Supplies,Storage,67.39,,4,0.1
HR-14830,Harold Ryan,East,Technology,Accessories,15.02,2.7,1,0
HR-14830,Harold Ryan,East,Technology,Phones,,136.3,1,0
HR-14830,Harold Ryan,South,,,13.63,3.58,4,0.2
HR-14830,Harold Ryan,West,Furniture,Chairs,883.84,99.43,4,0.2
HR-14830,Harold Ryan,West,Office Supplies,Binders,12.1,4.23,7,0.2
HR-14830,Harold Ryan,West,Office Supplies,Paper,25.92,12.44,4,0
HR-14830,Harold Ryan,West,Office Supplies,Storage,683.46,63.06,8,0
HR-14830,Harold Ryan,West,Technology,Copiers,,839.99,5,0.2
HW-14935,Helen Wasserman,Central,Furniture,Bookcases,825.17,-117.88,,0.3
HW-14935,Helen Wasserman,Central,Furniture,Chairs,2294.85,620.42,9,0
HW-14935,Helen Wasserman,Central,Office Supplies,Appliances,2405.2,793.72,8,0
HW-14935,Helen Wasserman,Central,Office Supplies,Art,35.7,9.09,11,0.07
HW-14935,Helen Wasserman,Central,Office Supplies,Binders,17.38,8.69,2,0
HW-14935,Helen Wasserman,Central,Office Supplies,Paper,43.68,17.99,7,0.1
HW-14935,Helen Wasserman,Central,Office Supplies,Storage,332.94,9.99,3,0
HW-14935,Helen Wasserman,Central,Office Supplies,Supplies,21.96,6.15,2,0
HW-14935,Helen Wasserman,Central,Technology,,123.86,30.71,4,0
HW-14935,Helen Wasserman,East,Office Supplies,Appliances,355.32,,9,0
HW-14935,Helen Wasserman,West,Furniture,,22.23,7.34,1,0
HW-14935,Helen Wasserman,West,Technology,Accessories,2605.99,659.56,18,0
HW-14935,Helen Wasserman,West,Technology,Phones,215.97,18.9,2,0.2
HZ-14950,Henia Zydlo,Central,Furniture,Furnishings,65.42,,,0.6
HZ-14950,Henia Zydlo,Central,Technology,Phones,55.18,-12.41,3,0.2
HZ-14950,Henia Zydlo,East,Furniture,Furnishings,21.88,6.29,5,0.2
HZ-14950,Henia Zydlo,East,Office Supplies,Paper,20.12,,4,0
HZ-14950,Henia Zydlo,South,Furniture,Bookcases,723.92,-81.44,5,
IG-15085,Ivan Gibson,East,Office Supplies,Appliances,370.14,144.35,3,0
IG-15085,Ivan Gibson,South,,,13.36,,4,0
IG-15085,Ivan Gibson,South,Office Supplies,Binders,145.85,,5,0
IG-15085,Ivan Gibson,South,Office Supplies,Paper,39.96,18.78,,0
IG-15085,Ivan Gibson,West,Office Supplies,Binders,1.34,0.47,1,0.2
IG-15085,Ivan Gibson,West,,Paper,173.92,82.74,4,0
IL-15100,Ivan Liston,Central,,Furnishings,,25.47,2,0
IL-15100,Ivan Liston,Central,Office Supplies,Art,66.29,8.04,4,0.2
IL-15100,Ivan Liston,Central,Office Supplies,Envelopes,70.08,35.04,6,0
IL-15100,Ivan Liston,Central,Technology,Phones,1569.63,389.68,17,0.1
IL-15100,Ivan Liston,East,Furniture,Bookcases,283.92,,,0
IL-15100,Ivan Liston,East,Furniture,Chairs,,266.45,,0
IL-15100,Ivan Liston,East,Office Supplies,Art,,,2,0
IL-15100,Ivan Liston,East,Technology,Accessories,288,57.6,4,0.2
IL-15100,Ivan Liston,West,Office Supplies,Binders,19.75,6.91,3,0.2
IL-15100,Ivan Liston,West,Office Supplies,,14.94,,3,0
IL-15100,Ivan Liston,West,Office Supplies,Paper,6.48,3.11,,0
IL-15100,Ivan Liston,West,Office Supplies,Storage,1325.85,238.65,5,0
IM-15055,Ionia McGrath,West,Furniture,Furnishings,24.27,8.74,3,0
IM-15055,Ionia McGrath,West,Office Supplies,Binders,8.32,2.81,5,0.2
IM-15055,Ionia McGrath,West,Office Supplies,Paper,40.08,19.24,6,0
IM-15055,Ionia McGrath,West,Technology,Copiers,,944.99,5,0.2
IM-15070,Irene Maddox,Central,,Phones,1099.96,285.99,4,0
IM-15070,Irene Maddox,East,Office Supplies,Binders,11.61,-9.29,2,0.7
IM-15070,Irene Maddox,East,Office Supplies,Fasteners,3.96,1.47,2,0
IM-15070,Irene Maddox,East,Office Supplies,Labels,,64.85,9,0
IM-15070,Irene Maddox,East,Office Supplies,Paper,146.73,68.96,3,0
IM-15070,Irene Maddox,East,Office Supplies,Storage,324.9,38.99,5,0
IM-15070,Irene Maddox,South,Furniture,Chairs,1819.86,163.79,14,0
IM-15070,Irene Maddox,South,,Binders,152.76,74.85,6,0
IM-15070,Irene Maddox,South,Office Supplies,Supplies,7.27,1.96,1,0
IM-15070,Irene Maddox,West,Furniture,Bookcases,69.58,,4,
IM-15070,Irene Maddox,West,Furniture,Furnishings,107.34,26.05,14,0.2
IM-15070,Irene Maddox,West,Furniture,Tables,364.95,-248.17,,0.5
IM-15070,Irene Maddox,West,Office Supplies,,17.34,1.62,8,0.2
IM-15070,Irene Maddox,West,Office Supplies,,,132.59,3,0.2
IM-15070,Irene Maddox,West,Office Supplies,Paper,112.75,38.4,6,0.2
IM-15070,Irene Maddox,West,Office Supplies,Storage,84.84,22.91,3,
IM-15070,Irene Maddox,West,Technology,Accessories,,-6.53,4,0.2
JA-15970,Joseph Airdo,Central,Office Supplies,Appliances,376.74,,4,0.1
JA-15970,Joseph Airdo,Central,Office Supplies,Art,11.96,2.99,2,0
JA-15970,Joseph Airdo,Central,Office Supplies,Binders,,38.22,14,0
JA-15970,Joseph Airdo,Central,Technology,Phones,,2.28,1,0
JA-15970,Joseph Airdo,East,Office Supplies,Binders,24.14,-16.65,5,0.7
JA-15970,Joseph Airdo,East,Office Supplies,Envelopes,23.34,10.97,3,0
JA-15970,Joseph Airdo,East,Office Supplies,Paper,51.55,24.23,5,
JA-15970,Joseph Airdo,East,Office Supplies,Supplies,4663.74,,7,0.2
JA-15970,Joseph Airdo,East,Technology,Accessories,79.98,23,2,0.2
JA-15970,Joseph Airdo,West,Furniture,Chairs,161.57,,2,0.2
JA-15970,Joseph Airdo,West,Furniture,Tables,629.06,31.45,,0.2
JA-15970,Joseph Airdo,West,Office Supplies,Art,43.5,5.24,5,0.2
JA-15970,Joseph Airdo,West,Office Supplies,Binders,4.75,,,0.7
JA-15970,Joseph Airdo,West,Office Supplies,Paper,216.46,71.05,16,0.15
JA-15970,Joseph Airdo,West,Technology,Accessories,,16.78,10,0.2
JA-15970,Joseph Airdo,West,Technology,,29.92,,5,0.7
JA-15970,Joseph Airdo,West,Technology,Phones,29.59,,1,0.2
JB-15400,Jennifer Braxton,Central,Office Supplies,Appliances,52.45,,2,0.8
JB-15400,Jennifer Braxton,Central,Office Supplies,Binders,74.56,7.78,15,0.27
JB-15400,Jennifer Braxton,Central,Office Supplies,Labels,20.16,6.55,4,0.2
JB-15400,Jennifer Braxton,Central,Office Supplies,Paper,175.87,63.75,4,0.2
JB-15400,Jennifer Braxton,East,,Appliances,137.62,60.55,2,0
JB-15400,Jennifer Braxton,East,Office Supplies,Binders,426.87,201.02,7,0
JB-15400,Jennifer Braxton,East,Office Supplies,,120.33,31.29,1,0
JB-15400,Jennifer Braxton,East,Technology,Phones,,25.12,1,
JB-15400,Jennifer Braxton,South,Office Supplies,Appliances,23.7,6.52,2,0.2
JB-15400,Jennifer Braxton,South,,Art,35.22,2.64,2,0.2
JB-15400,Jennifer Braxton,South,,Machines,265.48,-111.5,,0.5
JB-15400,Jennifer Braxton,West,Furniture,Chairs,215.98,-2.7,3,0.2
JB-15400,Jennifer Braxton,West,Office Supplies,Storage,93.02,3.72,2,0
JB-15400,Jennifer Braxton,West,,Phones,88.75,11.09,3,0.2
JB-15925,Joni Blumstein,Central,Technology,Accessories,22.37,6.43,,0.2
JB-15925,Joni Blumstein,East,Furniture,Furnishings,,19.08,4,0.2
JB-15925,Joni Blumstein,East,Office Supplies,Art,,2.72,2,0.2
JB-15925,Joni Blumstein,East,Office Supplies,Binders,19.78,-13.84,4,
JB-15925,Joni Blumstein,East,Office Supplies,Fasteners,5.58,1.81,2,
JB-15925,Joni Blumstein,East,Office Supplies,Paper,22.7,8.23,6,0.2
JB-15925,Joni Blumstein,East,Technology,Machines,479.99,,4,0.7
JB-15925,Joni Blumstein,West,Office Supplies,Appliances,250.26,72.58,6,0
JB-16000,Joy Bell-,Central,Furniture,Bookcases,327.73,-14.46,2,0.32
JB-16000,Joy Bell-,Central,Office Supplies,Envelopes,17.48,8.22,,0
JB-16000,Joy Bell-,East,Office Supplies,Binders,174.3,81.92,3,0
JB-16000,Joy Bell-,East,Office Supplies,Labels,23.62,,8,0.2
JB-16000,Joy Bell-,West,Furniture,Furnishings,24.85,7.7,5,0
JB-16000,Joy Bell-,West,Office Supplies,Labels,,26.08,9,0
JB-16000,Joy Bell-,West,Office Supplies,Paper,19.44,,3,0
JB-16045,Julia Barnett,East,Furniture,Furnishings,27.46,9.89,,0
JB-16045,Julia Barnett,East,,Binders,2.04,-1.5,1,0.7
JB-16045,Julia Barnett,East,,Paper,10.58,3.44,3,
JB-16045,Julia Barnett,East,,Phones,500.18,-84.5,5,0.4
JB-16045,Julia Barnett,South,Furniture,Furnishings,24.96,6.24,4,0
JB-16045,Julia Barnett,South,Office Supplies,Paper,19.36,,2,0
JB-16045,Julia Barnett,South,Office Supplies,Storage,1267.65,152.12,9,0
JB-16045,Julia Barnett,West,Furniture,Furnishings,,106.54,,0
JC-15340,Jasper Cacioppo,East,Office Supplies,Binders,13.48,-6,6,0.45
JC-15340,Jasper Cacioppo,West,Furniture,Furnishings,47.94,2.4,3,0
JC-15340,Jasper Cacioppo,West,,Art,9.84,3.25,3,0
JC-15385,Jenna Caffey,West,Furniture,Furnishings,,99.23,2,0
JC-15385,Jenna Caffey,West,Office Supplies,Binders,23.17,7.82,2,0.2
JC-15385,Jenna Caffey,West,Office Supplies,Labels,786.48,385.38,8,0
JC-15385,Jenna Caffey,West,Technology,Accessories,,10.5,2,0
JC-15775,John Castell,Central,Technology,Phones,470.38,47.04,3,0.2
JC-15775,John Castell,East,Furniture,Furnishings,20.1,3.01,4,0.2
JC-15775,John Castell,East,Furniture,Tables,138.59,-34.65,1,0.4
JC-15775,John Castell,East,Office Supplies,Labels,17.28,,6,0
JC-15775,John Castell,East,Office Supplies,Paper,63.67,26.58,13,0.1
JC-15775,John Castell,East,,,259.92,,5,0.2
JC-15775,John Castell,East,,Supplies,,4.25,3,0.2
JC-15775,John Castell,South,Furniture,,,52.69,5,0
JC-15775,John Castell,South,Office Supplies,Binders,7.16,3.44,2,0
JC-15775,John Castell,South,Office Supplies,Paper,195.64,91.95,4,
JC-15775,John Castell,South,Technology,Phones,705.54,,7,0.2
JC-15775,John Castell,West,Furniture,Bookcases,436,,3,0.15
JC-15775,John Castell,West,Furniture,Furnishings,10.11,3.24,,0
JC-15775,John Castell,West,Office Supplies,Paper,,8.79,3,0
JC-15775,John Castell,West,Technology,Phones,249.58,15.6,2,0.2
JC-16105,Julie Creighton,Central,Office Supplies,Storage,67.15,16.79,5,0
JC-16105,Julie Creighton,East,Furniture,Furnishings,69.08,29.01,11,0
JC-16105,Julie Creighton,East,Office Supplies,Paper,37.96,17.54,7,0
JC-16105,Julie Creighton,East,Technology,Phones,35.88,10.05,3,0
JC-16105,Julie Creighton,South,Office Supplies,Envelopes,200.98,62.81,7,0.2
JC-16105,Julie Creighton,South,Office Supplies,Labels,12.39,5.7,3,0
JC-16105,Julie Creighton,West,Furniture,Chairs,292.27,,6,0.2
JC-16105,Julie Creighton,West,Office Supplies,Storage,142.86,41.43,1,0
JD-15790,John Dryer,Central,,Art,23.31,6.96,12,0.2
JD-15790,John Dryer,Central,Office Supplies,Paper,10.69,3.74,2,
JD-15790,John Dryer,Central,Office Supplies,Storage,16.78,-0.21,1,0.2
JD-15790,John Dryer,East,Furniture,Chairs,227.96,36.47,2,0
JD-15790,John Dryer,South,,Storage,1801.63,-337.81,6,0.2
JD-15790,John Dryer,West,Technology,Machines,71.98,24.29,3,0.2
JD-15895,Jonathan Doherty,East,Furniture,Chairs,408.01,72.53,2,
JD-15895,Jonathan Doherty,East,Furniture,Furnishings,371.66,71.07,11,0.05
JD-15895,Jonathan Doherty,East,Furniture,Tables,313.72,-99.35,,
JD-15895,Jonathan Doherty,East,Office Supplies,Art,17.86,1.12,4,0.2
JD-15895,Jonathan Doherty,East,Office Supplies,,567.37,-386.32,16,0.3
JD-15895,Jonathan Doherty,East,Office Supplies,Fasteners,30.99,10.07,13,0.2
JD-15895,Jonathan Doherty,East,Office Supplies,Paper,89.31,42.87,,0
JD-15895,Jonathan Doherty,East,Office Supplies,Storage,1511.16,10.82,15,0
JD-15895,Jonathan Doherty,East,Technology,Phones,71.93,8.39,12,0.4
JD-15895,Jonathan Doherty,South,Office Supplies,Appliances,2104.55,694.5,7,0
JD-15895,Jonathan Doherty,South,,Art,22.32,5.58,3,0
JD-15895,Jonathan Doherty,South,Office Supplies,Binders,30.56,14.25,7,0
JD-15895,Jonathan Doherty,South,Office Supplies,Envelopes,10.2,4.79,5,0
JD-15895,Jonathan Doherty,South,Office Supplies,Paper,60.12,28.86,9,0
JD-15895,Jonathan Doherty,South,Office Supplies,Supplies,40.7,11.8,5,0
JD-15895,Jonathan Doherty,South,Technology,Accessories,75.98,18.24,2,0
JD-15895,Jonathan Doherty,West,Office Supplies,Art,13.12,3.8,4,0
JD-15895,Jonathan Doherty,West,Office Supplies,Paper,142.24,70.68,,
JD-15895,Jonathan Doherty,West,,Storage,1620.83,442.83,10,0
JD-15895,Jonathan Doherty,West,Technology,,108.24,23.72,5,0
JD-16015,Joy Daniels,Central,,Binders,5.1,-8.68,4,0.8
JD-16015,Joy Daniels,Central,Office Supplies,Fasteners,2.9,0.47,2,
JD-16015,Joy Daniels,Central,Office Supplies,Paper,56.7,,2,0.2
JD-16015,Joy Daniels,Central,Technology,Accessories,35.02,-2.19,3,0.2
JD-16015,Joy Daniels,Central,Technology,Phones,11.12,3.48,2,0.2
JD-16015,Joy Daniels,East,Office Supplies,Binders,11.12,-8.78,,
JD-16015,Joy Daniels,East,Office Supplies,Labels,17.71,5.98,6,0.2
JD-16015,Joy Daniels,East,Office Supplies,Storage,83.92,-13.64,5,0.2
JD-16015,Joy Daniels,East,Technology,Accessories,,17.24,6,0
JD-16015,Joy Daniels,West,Office Supplies,Labels,29.24,13.74,,0
JD-16060,Julia Dunbar,Central,Furniture,Chairs,107.77,,,0.3
JD-16060,Julia Dunbar,Central,Office Supplies,,146.65,71.86,5,0
JD-16060,Julia Dunbar,Central,Office Supplies,Fasteners,7.9,2.53,2,0
JD-16060,Julia Dunbar,Central,Office Supplies,,221.16,57.5,4,0
JD-16060,Julia Dunbar,West,Office Supplies,Storage,211.96,8.48,4,0
JD-16150,Justin Deggeller,Central,Furniture,Chairs,1986.52,482.58,11,0
JD-16150,Justin Deggeller,Central,Furniture,,18.84,6.03,3,0
JD-16150,Justin Deggeller,East,Furniture,Furnishings,547.14,-68.39,4,0.2
JD-16150,Justin Deggeller,East,Office Supplies,Appliances,2504.74,626.18,7,0
JD-16150,Justin Deggeller,East,Office Supplies,Envelopes,16.74,8.37,3,0
JD-16150,Justin Deggeller,East,Technology,Accessories,104.97,7.35,3,0
JD-16150,Justin Deggeller,East,Technology,Phones,83.97,23.51,,0
JD-16150,Justin Deggeller,West,Furniture,Bookcases,,25.2,3,0.15
JD-16150,Justin Deggeller,West,,Furnishings,91.96,15.63,2,0
JD-16150,Justin Deggeller,West,Furniture,Tables,,259.53,3,0
JD-16150,Justin Deggeller,West,Office Supplies,Binders,20.42,6.64,4,0.2
JD-16150,Justin Deggeller,West,Office Supplies,Paper,105.52,48.54,4,0
JD-16150,Justin Deggeller,West,,Storage,344.91,,3,0
JD-16150,Justin Deggeller,West,Technology,Phones,1567.94,168,7,0.2
JE-15475,Jeremy Ellison,Central,,Art,23.62,2.66,9,0.2
JE-15475,Jeremy Ellison,Central,Office Supplies,Binders,10.7,-16.37,,0.8
JE-15475,Jeremy Ellison,Central,Office Supplies,Labels,2.09,0.68,1,
JE-15475,Jeremy Ellison,Central,Technology,Accessories,,-0.6,2,0.2
JE-15475,Jeremy Ellison,East,Furniture,Furnishings,40.2,19.3,3,0
JE-15475,Jeremy Ellison,East,Office Supplies,Art,29.79,12.51,3,0
JE-15475,Jeremy Ellison,East,Office Supplies,,51.31,18.6,3,0.2
JE-15475,Jeremy Ellison,East,Technology,Accessories,149.95,14.99,5,0
JE-15475,Jeremy Ellison,West,Furniture,Furnishings,39.92,11.18,4,0
JE-15475,Jeremy Ellison,West,Furniture,Tables,171.96,44.71,2,0
JE-15475,Jeremy Ellison,West,Technology,Accessories,845.11,168.56,5,0
JE-15610,Jim Epp,Central,Office Supplies,Binders,33.04,15.53,8,0
JE-15610,Jim Epp,Central,Office Supplies,Paper,219.84,107.72,4,0
JE-15610,Jim Epp,Central,Technology,,98.16,9.82,6,0
JE-15610,Jim Epp,Central,Technology,Phones,86.97,25.22,3,0
JE-15610,Jim Epp,East,,Binders,22.92,11,4,0
JE-15610,Jim Epp,East,Office Supplies,Storage,269.9,16.19,5,0
JE-15610,Jim Epp,South,Furniture,Chairs,1123.92,-182.64,5,0.2
JE-15610,Jim Epp,South,Furniture,Furnishings,48.67,7.3,3,0.2
JE-15610,Jim Epp,South,Office Supplies,Art,60.77,7.6,2,0.2
JE-15610,Jim Epp,South,Office Supplies,Binders,181.03,-17.97,12,0.35
JE-15610,Jim Epp,South,Office Supplies,,1600.43,72.97,6,0.2
JE-15610,Jim Epp,South,Technology,Copiers,2999.95,1439.98,,0
JE-15610,Jim Epp,South,Technology,Phones,249.58,,2,0.2
JE-15610,Jim Epp,West,Furniture,,,52.34,3,0.2
JE-15610,Jim Epp,West,Office Supplies,Binders,14.02,4.91,4,0.2
JE-15610,Jim Epp,West,Technology,Phones,222.38,22.24,2,0.2
JE-15715,Joe Elijah,Central,Furniture,Chairs,710.5,,6,0.2
JE-15715,Joe Elijah,Central,Office Supplies,Binders,1038.4,38.36,22,0.57
JE-15715,Joe Elijah,Central,Office Supplies,Paper,36.29,,,0.2
JE-15715,Joe Elijah,Central,Office Supplies,Storage,52.79,4.77,10,0.2
JE-15715,Joe Elijah,Central,Technology,Phones,150.38,15.04,2,
JE-15715,Joe Elijah,East,Furniture,Chairs,2563.06,313.26,8,0.1
JE-15715,Joe Elijah,East,Office Supplies,Storage,25.7,1.93,2,0.2
JE-15715,Joe Elijah,South,Furniture,Bookcases,77.73,-3.89,,0.2
JE-15715,Joe Elijah,South,Furniture,Chairs,698.35,52.38,3,0.2
JE-15715,Joe Elijah,South,Furniture,Tables,472.52,-149.63,3,0.4
JE-15715,Joe Elijah,South,Office Supplies,Appliances,309.46,34.81,9,0.2
JE-15715,Joe Elijah,South,Office Supplies,,19.46,3.4,4,0.2
JE-15715,Joe Elijah,South,Office Supplies,Binders,40.13,-30.19,12,0.7
JE-15715,Joe Elijah,South,Technology,Accessories,1012.68,303.8,3,0.2
JE-15715,Joe Elijah,West,Furniture,Chairs,,126.95,6,0.2
JE-15715,Joe Elijah,West,Furniture,Tables,1747.25,629.01,5,0
JE-15715,Joe Elijah,West,Office Supplies,Art,34.24,9.93,,0
JE-15715,Joe Elijah,West,Office Supplies,Binders,28.7,-19.43,6,0.7
JE-15715,Joe Elijah,West,Office Supplies,Paper,49.12,23.09,4,0
JE-15715,Joe Elijah,West,Office Supplies,Storage,33.49,,7,0.2
JE-15745,Joel Eaton,Central,Furniture,Chairs,2453.43,-350.49,5,
JE-15745,Joel Eaton,Central,Furniture,Furnishings,19.3,-14.48,5,
JE-15745,Joel Eaton,Central,Office Supplies,Appliances,20.77,-52.96,8,0.8
JE-15745,Joel Eaton,Central,Technology,Accessories,263.88,,3,0.2
JE-15745,Joel Eaton,East,Furniture,Chairs,569.3,,9,0.15
JE-15745,Joel Eaton,East,Office Supplies,Supplies,15.88,-3.77,5,
JE-15745,Joel Eaton,East,Technology,Phones,179.97,44.99,3,0
JE-15745,Joel Eaton,South,Furniture,Chairs,1133.9,-23.8,10,
JE-15745,Joel Eaton,South,Furniture,Furnishings,97.04,1.21,2,0.2
JE-15745,Joel Eaton,South,Office Supplies,Appliances,180.66,50.58,,
JE-15745,Joel Eaton,South,Office Supplies,Binders,691.96,318.3,,0
JE-15745,Joel Eaton,South,Office Supplies,Storage,72.78,-18.2,1,0.2
JE-15745,Joel Eaton,South,Technology,Accessories,34.95,15.38,5,0
JE-15745,Joel Eaton,South,Technology,Phones,257.97,68.99,3,0
JE-15745,Joel Eaton,West,Furniture,Bookcases,102.83,,1,
JE-15745,Joel Eaton,West,Furniture,Furnishings,47.12,20.73,,0
JE-15745,Joel Eaton,West,Office Supplies,Paper,61.96,27.88,2,0
JE-15745,Joel Eaton,West,Office Supplies,Storage,360.36,3.6,7,0
JE-15745,Joel Eaton,West,Technology,Accessories,196.75,56.57,6,0.2
JE-16165,Justin Ellison,Central,Furniture,Chairs,,585.55,,
JE-16165,Justin Ellison,Central,,Binders,171.55,,,0
JE-16165,Justin Ellison,Central,Technology,Phones,534.42,109.8,14,0
JE-16165,Justin Ellison,South,Furniture,Furnishings,14.76,4.28,2,0
JE-16165,Justin Ellison,West,Office Supplies,Binders,20.93,7.59,4,0.2
JE-16165,Justin Ellison,West,Office Supplies,Labels,3.75,1.8,1,0
JF-15190,Jamie Frazer,East,Office Supplies,Art,119.04,48.81,,0
JF-15190,Jamie Frazer,East,Office Supplies,,483.69,118.65,9,0.37
JF-15190,Jamie Frazer,East,Office Supplies,Envelopes,39.98,17.99,1,0
JF-15190,Jamie Frazer,East,Office Supplies,Labels,,,5,0.2
JF-15190,Jamie Frazer,East,Office Supplies,Paper,,,6,0
JF-15190,Jamie Frazer,East,Office Supplies,Storage,195.64,3.91,,0
JF-15190,Jamie Frazer,East,Technology,Phones,376.63,94.59,7,0.2
JF-15190,Jamie Frazer,South,,Appliances,333.06,29.14,2,0.2
JF-15190,Jamie Frazer,South,Office Supplies,,4.22,0.48,3,0.2
JF-15190,Jamie Frazer,South,Office Supplies,Paper,24.9,7.78,4,0.2
JF-15190,Jamie Frazer,West,Furniture,Furnishings,25.11,6.53,3,0
JF-15190,Jamie Frazer,West,Office Supplies,Fasteners,7.89,3.55,1,0
JF-15190,Jamie Frazer,West,Office Supplies,Storage,214.8,45.21,14,0
JF-15190,Jamie Frazer,West,Office Supplies,,110.11,31.93,7,0
JF-15295,Jason Fortune-,Central,Office Supplies,Art,11.68,3.5,2,0
JF-15295,Jason Fortune-,Central,,Labels,13.22,4.3,4,0.2
JF-15295,Jason Fortune-,Central,Technology,Phones,95.99,9.6,1,0.2
JF-15295,Jason Fortune-,West,,Chairs,457.94,-7.32,6,0.2
JF-15295,Jason Fortune-,West,Furniture,Furnishings,,17.18,2,
JF-15295,Jason Fortune-,West,Office Supplies,,131.76,45.07,9,0.2
JF-15295,Jason Fortune-,West,Office Supplies,Paper,19.44,9.33,3,0
JF-15295,Jason Fortune-,West,Office Supplies,Storage,102.34,9.01,3,0
JF-15295,Jason Fortune-,West,,Accessories,82.8,6.62,,
JF-15355,Jay Fein,Central,Office Supplies,Envelopes,17.57,6.37,2,
JF-15355,Jay Fein,Central,Technology,,55.99,5.6,,0.2
JF-15355,Jay Fein,East,Office Supplies,Appliances,32.67,,3,0
JF-15355,Jay Fein,East,,Phones,89.95,,5,0
JF-15355,Jay Fein,South,Office Supplies,Binders,72.54,,4,0
JF-15355,Jay Fein,South,Office Supplies,Paper,12.96,6.22,2,
JF-15355,Jay Fein,West,,Chairs,1275.1,86,11,0.2
JF-15355,Jay Fein,West,,Furnishings,,,9,0
JF-15355,Jay Fein,West,,Binders,92.88,,6,0.2
JF-15355,Jay Fein,West,Office Supplies,Envelopes,11.8,5.66,4,0
JF-15355,Jay Fein,West,Office Supplies,Paper,11.56,5.66,2,0
JF-15355,Jay Fein,West,Technology,Accessories,148.32,63.78,9,
JF-15415,Jennifer Ferguson,Central,Office Supplies,Paper,73.58,28.15,4,0.1
JF-15415,Jennifer Ferguson,East,Office Supplies,Binders,33.26,11.23,7,0.2
JF-15415,Jennifer Ferguson,East,Office Supplies,Fasteners,13.96,6.42,4,0
JF-15415,Jennifer Ferguson,East,Office Supplies,Labels,72.45,34.78,7,0
JF-15415,Jennifer Ferguson,East,Technology,Phones,,4.01,3,
JF-15415,Jennifer Ferguson,West,Furniture,Chairs,177.57,8.88,2,0.2
JF-15415,Jennifer Ferguson,West,Office Supplies,Art,103.2,30.24,,0
JF-15415,Jennifer Ferguson,West,Office Supplies,Binders,1471.96,459.99,5,0.2
JF-15415,Jennifer Ferguson,West,Office Supplies,Paper,90.72,43.55,14,
JF-15415,Jennifer Ferguson,West,Technology,Accessories,239.94,26.39,6,0
JF-15415,Jennifer Ferguson,West,Technology,,,-17.99,5,0.2
JF-15490,Jeremy Farry,Central,Technology,Accessories,191.97,28.8,4,0.2
JF-15490,Jeremy Farry,East,,Chairs,205.16,13.68,2,0.1
JF-15490,Jeremy Farry,East,Office Supplies,Art,3.52,,2,0
JF-15490,Jeremy Farry,East,,Paper,10.37,3.63,2,0.2
JF-15490,Jeremy Farry,South,Office Supplies,Labels,14.73,7.22,3,0
JF-15490,Jeremy Farry,West,Furniture,Bookcases,66.29,-103.86,1,0.7
JF-15490,Jeremy Farry,West,Furniture,Chairs,521.45,8.47,,
JF-15490,Jeremy Farry,West,Office Supplies,Binders,17.46,,2,0.2
JF-15490,Jeremy Farry,West,Office Supplies,Fasteners,12.34,2.72,5,0.1
JF-15490,Jeremy Farry,West,,Labels,2.61,1.2,1,0
JF-15490,Jeremy Farry,West,Office Supplies,Paper,26.28,12.36,6,0
JF-15490,Jeremy Farry,West,Office Supplies,Storage,10.74,0.81,1,0.2
JF-15565,Jill Fjeld,Central,Office Supplies,Fasteners,11.17,3.63,4,0.2
JF-15565,Jill Fjeld,Central,Office Supplies,Paper,53.95,17.53,3,0.2
JF-15565,Jill Fjeld,Central,Technology,Accessories,586.03,80.71,12,0.2
JF-15565,Jill Fjeld,East,Furniture,Chairs,326.65,39.92,3,0.1
JF-15565,Jill Fjeld,East,,Envelopes,201.43,67.98,3,0.2
JF-15565,Jill Fjeld,East,Office Supplies,Storage,281.9,10.57,2,0.2
JF-15565,Jill Fjeld,East,Technology,Accessories,,39.59,3,0
JF-15565,Jill Fjeld,South,Furniture,Furnishings,28.27,6.36,,0.2
JF-15565,Jill Fjeld,South,Office Supplies,Appliances,499.58,43.71,3,0.2
JF-15565,Jill Fjeld,South,Office Supplies,Binders,13.27,-10.62,,
JF-15565,Jill Fjeld,South,Office Supplies,Envelopes,,5.43,1,
JF-15565,Jill Fjeld,South,,Paper,31.1,10.89,,
JF-15565,Jill Fjeld,South,Office Supplies,Storage,259.14,-51.83,4,0.2
JF-15565,Jill Fjeld,South,Technology,Copiers,1599.92,751.96,8,0
JF-15565,Jill Fjeld,West,Furniture,Furnishings,204.85,57.36,5,
JG-15115,Jack Garza,South,Furniture,Furnishings,77.95,12.67,3,0.2
JG-15115,Jack Garza,South,Office Supplies,Art,9.34,1.17,2,0.2
JG-15115,Jack Garza,South,Office Supplies,Binders,95.97,-73.58,5,0.7
JG-15115,Jack Garza,South,Technology,Accessories,23.47,4.99,3,0.2
JG-15115,Jack Garza,South,Technology,Phones,105.58,,2,0.2
JG-15115,Jack Garza,West,Technology,Copiers,1799.97,701.99,3,0
JG-15115,Jack Garza,West,Technology,Phones,246.38,27.72,2,
JG-15160,James Galang,Central,Furniture,,21.97,-15.93,4,0.6
JG-15160,James Galang,Central,Office Supplies,Paper,127.9,41.57,,0.2
JG-15160,James Galang,Central,Technology,Phones,,69.65,,0.2
JG-15160,James Galang,East,Office Supplies,Appliances,97.84,25.44,2,0
JG-15160,James Galang,East,,Binders,70.37,26.39,4,
JG-15160,James Galang,East,Office Supplies,Storage,465.18,120.95,3,0
JG-15160,James Galang,East,Technology,,1214.85,352.31,3,
JG-15160,James Galang,South,Furniture,Furnishings,,74.81,3,0
JG-15160,James Galang,South,Office Supplies,Art,87.09,25.81,,0
JG-15160,James Galang,South,Office Supplies,,17.94,8.79,,0
JG-15160,James Galang,West,Furniture,Chairs,393.57,-44.28,4,0.2
JG-15160,James Galang,West,Furniture,,35,14.7,4,
JG-15160,James Galang,West,Office Supplies,Storage,477.15,28.63,5,0
JG-15160,James Galang,West,,Accessories,1265.85,556.97,3,0
JG-15160,James Galang,West,Technology,Phones,,129.85,11,0.2
JG-15310,Jason Gross,Central,,Chairs,563.43,-56.34,5,0.3
JG-15310,Jason Gross,Central,Office Supplies,Appliances,13.76,-24.77,1,0.8
JG-15310,Jason Gross,Central,Office Supplies,Paper,42.78,15.51,7,0.2
JG-15310,Jason Gross,East,Furniture,Bookcases,220.98,50.83,,0
JG-15310,Jason Gross,East,Office Supplies,,18.66,1.4,2,0.2
JG-15310,Jason Gross,East,Office Supplies,Binders,,-8.13,7,0.7
JG-15310,Jason Gross,East,Office Supplies,Storage,166.18,12.87,3,0.2
JG-15310,Jason Gross,East,Office Supplies,Supplies,695.16,34.76,,0
JG-15310,Jason Gross,West,Furniture,Chairs,340.7,-34.07,6,0.2
JG-15310,Jason Gross,West,Furniture,,167.84,,8,
JG-15805,John Grady,Central,Office Supplies,Storage,209.17,18.37,18,0.2
JG-15805,John Grady,East,Furniture,Furnishings,520.05,72.81,5,0
JG-15805,John Grady,East,Office Supplies,Art,32.67,11.83,8,0
JG-15805,John Grady,East,Office Supplies,Storage,704.25,84.51,5,0
JG-15805,John Grady,West,Office Supplies,Labels,18.9,,3,0
JG-15805,John Grady,West,Office Supplies,Paper,21.98,9.89,7,0
JH-15430,Jennifer Halladay,East,Office Supplies,Binders,59.91,-45.93,7,
JH-15430,Jennifer Halladay,South,Furniture,Furnishings,21,5.78,3,0.2
JH-15430,Jennifer Halladay,South,Office Supplies,Art,52.7,4.49,10,0.2
JH-15430,Jennifer Halladay,South,Technology,Machines,120,-7.2,2,0.5
JH-15430,Jennifer Halladay,West,Office Supplies,Paper,55.67,18.79,7,0.2
JH-15820,John Huston,Central,Office Supplies,Binders,57.42,26.41,9,0
JH-15820,John Huston,Central,Office Supplies,Labels,7.5,3.6,2,0
JH-15820,John Huston,Central,Office Supplies,Storage,228.92,14.31,,0.2
JH-15820,John Huston,East,Office Supplies,Art,14.02,1.75,3,0.2
JH-15820,John Huston,East,Office Supplies,Envelopes,22.92,11.23,3,0
JH-15820,John Huston,East,Technology,Accessories,71.98,-9,3,0.2
JH-15820,John Huston,East,Technology,Phones,107.98,-27,3,0.4
JH-15820,John Huston,South,Furniture,Furnishings,18.18,4.77,1,0.2
JH-15910,Jonathan Howell,Central,,Tables,219.08,-131.45,3,0.5
JH-15910,Jonathan Howell,Central,Office Supplies,Binders,28.85,14.42,5,0
JH-15910,Jonathan Howell,Central,Technology,,54.37,4.08,4,0.2
JH-15910,Jonathan Howell,East,Office Supplies,Labels,5.9,,2,0.2
JH-15910,Jonathan Howell,South,Furniture,Furnishings,,,3,0
JH-15910,Jonathan Howell,South,Office Supplies,Paper,69.93,31.47,7,
JH-15910,Jonathan Howell,South,Technology,,,4.2,,0.2
JH-15910,Jonathan Howell,West,Office Supplies,Storage,93.06,26.06,,0
JH-15910,Jonathan Howell,West,Technology,Phones,302.38,22.68,3,0.2
JH-15985,Joseph Holt,Central,Office Supplies,Binders,15.92,7.48,4,0
JH-15985,Joseph Holt,Central,Office Supplies,Fasteners,,16.21,9,0
JH-15985,Joseph Holt,Central,Office Supplies,Storage,175.91,9.55,5,0
JH-15985,Joseph Holt,Central,,Phones,131.98,35.63,2,0
JH-15985,Joseph Holt,South,Furniture,Tables,4297.64,-1862.31,13,0.4
JH-15985,Joseph Holt,West,Office Supplies,Appliances,103.92,36.37,4,0
JH-15985,Joseph Holt,West,Office Supplies,Binders,2176.98,686.49,14,0.2
JH-15985,Joseph Holt,West,Office Supplies,Fasteners,4.36,1.79,,0
JH-15985,Joseph Holt,West,Office Supplies,Paper,96.08,46.12,2,0
JH-15985,Joseph Holt,West,Technology,Accessories,899.91,377.96,9,0
JH-16180,Justin Hirsh,East,Furniture,Chairs,327.56,21.84,4,0.1
JH-16180,Justin Hirsh,East,Office Supplies,,,-163.45,4,0.2
JH-16180,Justin Hirsh,East,Technology,Phones,118.78,-27.72,3,
JH-16180,Justin Hirsh,West,,Chairs,195.14,-12.2,4,0.2
JH-16180,Justin Hirsh,West,Office Supplies,Appliances,,84.57,13,0.2
JJ-15445,Jennifer Jackson,Central,Office Supplies,Fasteners,7.1,2.49,,0.2
JJ-15445,Jennifer Jackson,Central,,,54.5,14.17,5,0
JJ-15445,Jennifer Jackson,East,,Appliances,293.52,76.32,6,0
JJ-15445,Jennifer Jackson,East,Office Supplies,Labels,9.45,4.54,3,0
JJ-15445,Jennifer Jackson,East,Technology,Phones,307.98,89.31,2,0
JJ-15445,Jennifer Jackson,West,Office Supplies,Binders,36.62,13.73,3,0.2
JJ-15760,Joel Jenkins,Central,Technology,Phones,119.96,12,5,0.2
JJ-15760,Joel Jenkins,South,Office Supplies,Appliances,28.84,9.52,2,0
JJ-15760,Joel Jenkins,South,Office Supplies,Art,46.2,12.94,4,0
JK-15205,Jamie Kunitz,East,Furniture,Furnishings,63.82,9.57,2,0.2
JK-15205,Jamie Kunitz,East,Office Supplies,Storage,141.55,-26.54,3,0.2
JK-15205,Jamie Kunitz,East,Technology,,164.85,47.81,3,0
JK-15205,Jamie Kunitz,South,Office Supplies,Art,30.98,5.03,8,0.2
JK-15205,Jamie Kunitz,South,Office Supplies,Binders,5.39,-4.49,,0.7
JK-15205,Jamie Kunitz,South,Office Supplies,Paper,154.9,69.7,5,0
JK-15205,Jamie Kunitz,South,Technology,,1871.88,561.56,12,0
JK-15205,Jamie Kunitz,West,,Chairs,71.99,-0.9,1,
JK-15205,Jamie Kunitz,West,Office Supplies,Appliances,1702.12,510.64,14,0
JK-15205,Jamie Kunitz,West,Office Supplies,Art,19.9,6.57,5,0
JK-15205,Jamie Kunitz,West,Office Supplies,Labels,43.86,20.61,6,0
JK-15205,Jamie Kunitz,West,Office Supplies,Paper,7.42,3.71,2,0
JK-15205,Jamie Kunitz,West,,Phones,148.48,16.7,2,0.2
JK-15325,Jason Klamczynski,Central,,Envelopes,1.63,0.55,1,0.2
JK-15325,Jason Klamczynski,Central,Technology,Phones,267.96,16.75,5,0.2
JK-15325,Jason Klamczynski,East,Office Supplies,Envelopes,23.36,11.68,2,0
JK-15325,Jason Klamczynski,West,Office Supplies,Appliances,90.86,26.35,7,0
JK-15370,Jay Kimmel,East,Furniture,Chairs,573.17,63.69,7,0.1
JK-15370,Jay Kimmel,East,Office Supplies,Appliances,526.74,51.65,9,0.2
JK-15370,Jay Kimmel,South,Office Supplies,,6.91,,3,0.2
JK-15370,Jay Kimmel,South,Office Supplies,Paper,10.37,3.63,2,0.2
JK-15370,Jay Kimmel,South,,Storage,,19.81,7,0
JK-15370,Jay Kimmel,South,Technology,,719.92,123.59,10,0.2
JK-15370,Jay Kimmel,West,Furniture,Tables,369.91,-13.87,3,0.2
JK-15370,Jay Kimmel,West,Office Supplies,,83.79,,7,0
JK-15370,Jay Kimmel,West,Office Supplies,Art,59.52,15.48,3,0
JK-15370,Jay Kimmel,West,Office Supplies,Binders,13.76,4.64,2,0.2
JK-15370,Jay Kimmel,West,Office Supplies,Storage,80.3,,10,
JK-15370,Jay Kimmel,West,Office Supplies,Supplies,31.92,9.26,,0
JK-15370,Jay Kimmel,West,Technology,Phones,159.96,18,5,0.2
JK-15625,Jim Karlsson,East,Furniture,Bookcases,449.57,56.2,,0.2
JK-15625,Jim Karlsson,East,Office Supplies,Art,117.52,,12,0.2
JK-15625,Jim Karlsson,East,Office Supplies,Binders,13.92,4.87,,0.2
JK-15625,Jim Karlsson,East,Technology,Accessories,843.9,371.32,2,0
JK-15625,Jim Karlsson,South,Technology,Phones,773.7,230.97,,0
JK-15625,Jim Karlsson,West,Furniture,Bookcases,199.98,38,2,
JK-15625,Jim Karlsson,West,Furniture,Chairs,1315.76,16.16,15,0.2
JK-15625,Jim Karlsson,West,,,45.68,21.01,2,0
JK-15640,Jim Kriz,East,Office Supplies,,414.96,124.49,2,0
JK-15640,Jim Kriz,East,Office Supplies,Art,20.8,7.72,4,0
JK-15640,Jim Kriz,East,Office Supplies,Paper,57.5,20.23,15,0.2
JK-15640,Jim Kriz,West,Office Supplies,Binders,,38.68,4,0.2
JK-15640,Jim Kriz,West,Office Supplies,Fasteners,5.67,0.11,3,0
JK-15640,Jim Kriz,West,Technology,Accessories,1747.78,769.02,6,0
JK-15640,Jim Kriz,West,,Machines,2395.2,209.58,6,0.2
JK-15640,Jim Kriz,West,,Phones,7.99,2.7,1,0.2
JK-15730,Joe Kamberova,Central,Furniture,Bookcases,424.12,-30.29,6,
JK-15730,Joe Kamberova,Central,Furniture,Furnishings,8.54,-7.48,2,0.6
JK-15730,Joe Kamberova,Central,Furniture,Tables,,-175.26,4,0.5
JK-15730,Joe Kamberova,Central,Office Supplies,Binders,,,,0.8
JK-15730,Joe Kamberova,Central,Office Supplies,Fasteners,18.86,6.13,9,0.2
JK-15730,Joe Kamberova,Central,Office Supplies,Storage,381.72,-66.8,5,0.2
JK-15730,Joe Kamberova,East,Furniture,Chairs,909.72,-51.98,6,
JK-15730,Joe Kamberova,East,,,8.13,1.42,2,0.2
JK-15730,Joe Kamberova,East,Office Supplies,Paper,36.29,12.7,7,
JK-15730,Joe Kamberova,East,Technology,Copiers,659.99,,2,0.4
JK-15730,Joe Kamberova,South,Office Supplies,Art,25.92,7.78,9,0
JK-15730,Joe Kamberova,South,Office Supplies,Binders,62.94,30.21,3,0
JK-15730,Joe Kamberova,South,Office Supplies,Paper,115.3,40.35,3,0.2
JK-15730,Joe Kamberova,South,Technology,Accessories,209.97,71.39,3,
JK-15730,Joe Kamberova,South,,Phones,1363.96,85.25,5,0.2
JK-15730,Joe Kamberova,West,Furniture,,239.67,14.1,2,0.15
JK-15730,Joe Kamberova,West,Office Supplies,Supplies,97.3,28.22,,0
JK-16090,Juliana Krohn,Central,,Phones,2479.96,743.99,4,0
JK-16090,Juliana Krohn,South,Furniture,Chairs,,,,0
JK-16090,Juliana Krohn,South,Furniture,Furnishings,209.88,35.68,3,0
JK-16090,Juliana Krohn,South,Office Supplies,Binders,21.3,9.8,,0
JK-16090,Juliana Krohn,South,Technology,Phones,469.95,131.59,5,0
JK-16090,Juliana Krohn,West,,,217.76,-384.72,6,0.7
JK-16090,Juliana Krohn,West,Office Supplies,Art,95.14,10.7,7,0.2
JK-16090,Juliana Krohn,West,Office Supplies,Binders,22.64,-16.6,7,0.7
JK-16090,Juliana Krohn,West,Office Supplies,,39.07,4.4,,0.2
JK-16120,Julie Kriz,Central,Furniture,Furnishings,91.95,-97.24,4,0.6
JK-16120,Julie Kriz,Central,Furniture,Tables,480.96,-269.34,3,0.5
JK-16120,Julie Kriz,Central,Office Supplies,Art,65.42,16.9,6,0.13
JK-16120,Julie Kriz,Central,Office Supplies,,45.15,21.67,5,0
JK-16120,Julie Kriz,Central,Office Supplies,Paper,6.85,2.14,2,0.2
JK-16120,Julie Kriz,Central,Office Supplies,Storage,74.42,-14.88,2,0.2
JK-16120,Julie Kriz,Central,Technology,Phones,124.79,10.92,,0.2
JK-16120,Julie Kriz,East,Furniture,Bookcases,113.57,12.78,2,0.2
JK-16120,Julie Kriz,East,Furniture,Furnishings,64.94,6.49,,
JK-16120,Julie Kriz,East,,Paper,20.74,7.26,4,0.2
JK-16120,Julie Kriz,East,Office Supplies,Storage,900.08,117.01,4,0
JK-16120,Julie Kriz,South,Technology,Accessories,,,10,
JK-16120,Julie Kriz,West,,Paper,143.7,68.98,3,0
JL-15130,Jack Lebron,Central,Office Supplies,Binders,3.65,-6.02,,0.8
JL-15130,Jack Lebron,Central,Office Supplies,,31.1,,6,0.2
JL-15130,Jack Lebron,East,Office Supplies,Binders,13.9,4.52,2,0.2
JL-15130,Jack Lebron,East,Office Supplies,Storage,16.77,1.47,2,0.2
JL-15130,Jack Lebron,East,Technology,Accessories,27.12,-4.75,2,0.2
JL-15130,Jack Lebron,South,Furniture,Tables,934.96,,6,0.4
JL-15130,Jack Lebron,South,Office Supplies,Appliances,,21.56,,0.2
JL-15130,Jack Lebron,South,Office Supplies,Art,23.13,2.89,7,0.2
JL-15130,Jack Lebron,South,Office Supplies,Storage,26.16,1.96,,0.2
JL-15130,Jack Lebron,South,Technology,Accessories,46.86,7.62,2,0.2
JL-15130,Jack Lebron,West,Office Supplies,Binders,3.98,1.39,1,0.2
JL-15175,James Lanier,South,Office Supplies,Paper,9.66,3.26,,0.2
JL-15175,James Lanier,South,,Machines,91.48,-1.83,1,0.5
JL-15175,James Lanier,West,Furniture,Chairs,842.38,105.3,3,0.2
JL-15175,James Lanier,West,Furniture,Furnishings,,1.92,4,0.2
JL-15175,James Lanier,West,Office Supplies,Appliances,87.36,23.59,6,0
JL-15175,James Lanier,West,Office Supplies,Binders,56.16,17.55,6,0.2
JL-15175,James Lanier,West,Technology,Phones,475.94,59.49,7,0.2
JL-15235,Janet Lee,Central,Furniture,,29.32,,2,0.6
JL-15235,Janet Lee,Central,Office Supplies,Appliances,75.6,-166.32,2,
JL-15235,Janet Lee,East,Furniture,Bookcases,681.41,42.59,12,0.2
JL-15235,Janet Lee,East,Office Supplies,Art,11.16,2.79,2,0
JL-15235,Janet Lee,East,,Labels,14.94,6.87,3,0
JL-15235,Janet Lee,East,Office Supplies,Paper,23.66,,7,0
JL-15235,Janet Lee,East,Office Supplies,Storage,360.38,93.7,2,0
JL-15235,Janet Lee,South,Technology,Phones,751.98,84.6,2,0.2
JL-15235,Janet Lee,West,Furniture,,236.53,-2.96,2,0.2
JL-15235,Janet Lee,West,,Binders,18.72,6.55,5,0.2
JL-15505,Jeremy Lonsdale,Central,Office Supplies,Binders,24.24,12,7,0
JL-15505,Jeremy Lonsdale,Central,Office Supplies,Storage,50.14,-11.28,3,0.2
JL-15505,Jeremy Lonsdale,Central,Office Supplies,Supplies,25.5,6.63,,0
JL-15505,Jeremy Lonsdale,East,,Bookcases,388.7,-4.86,6,0.2
JL-15505,Jeremy Lonsdale,East,Office Supplies,Art,17.04,6.99,,0
JL-15505,Jeremy Lonsdale,East,Office Supplies,Envelopes,70.54,33.07,,0
JL-15505,Jeremy Lonsdale,East,Office Supplies,,34.4,15.82,5,0
JL-15505,Jeremy Lonsdale,West,Furniture,Chairs,,,1,0.2
JL-15505,Jeremy Lonsdale,West,Furniture,Furnishings,51.75,15.52,1,0
JL-15505,Jeremy Lonsdale,West,Office Supplies,Appliances,1473.1,412.47,5,0
JL-15505,Jeremy Lonsdale,West,Office Supplies,Binders,43.08,15.86,6,
JL-15505,Jeremy Lonsdale,West,Office Supplies,Paper,24.56,11.54,2,0
JL-15505,Jeremy Lonsdale,West,,Accessories,,,4,0
JL-15505,Jeremy Lonsdale,West,Technology,Phones,707.88,44.24,3,0.2
JL-15835,John Lee,Central,Furniture,Chairs,991.96,223.57,,0
JL-15835,John Lee,Central,Furniture,Furnishings,212.13,14.85,3,0
JL-15835,John Lee,Central,Office Supplies,Binders,,14.46,4,0
JL-15835,John Lee,East,Furniture,Chairs,172.19,-46.74,2,0.3
JL-15835,John Lee,East,Furniture,Furnishings,,,7,0.2
JL-15835,John Lee,East,Office Supplies,Art,24.17,5.12,10,
JL-15835,John Lee,East,Office Supplies,Binders,7.71,2.8,2,
JL-15835,John Lee,East,Office Supplies,Paper,9.25,3.35,2,
JL-15835,John Lee,East,,,301.5,22.61,12,0.2
JL-15835,John Lee,East,Technology,Phones,,-377.99,9,0.4
JL-15835,John Lee,South,Office Supplies,,,62.32,5,0
JL-15835,John Lee,South,Office Supplies,Binders,45.28,20.99,6,0
JL-15835,John Lee,South,Office Supplies,Labels,5.76,2.65,2,0
JL-15835,John Lee,South,Office Supplies,Storage,82.48,8.18,7,0.1
JL-15835,John Lee,South,Technology,Accessories,146.45,48.33,5,0
JL-15835,John Lee,South,Technology,Copiers,1399.98,629.99,2,0
JL-15835,John Lee,South,Technology,Machines,2624.98,-944.99,3,0.5
JL-15835,John Lee,West,Furniture,Furnishings,86.26,,2,0
JL-15835,John Lee,West,Office Supplies,Appliances,46.8,16.38,4,
JL-15835,John Lee,West,,Art,23.87,7.35,9,0
JL-15835,John Lee,West,Office Supplies,,11.62,3.6,2,0
JL-15835,John Lee,West,,Labels,26.25,12.6,7,0
JL-15835,John Lee,West,Office Supplies,Storage,469.44,124.84,6,0
JL-15835,John Lee,West,Technology,Accessories,223.58,87.2,,0
JL-15835,John Lee,West,Technology,Machines,287.97,97.19,4,0.2
JL-15850,John Lucas,Central,Office Supplies,Storage,26.63,1.33,1,0.2
JL-15850,John Lucas,East,,Appliances,206.43,90.83,3,0
JL-15850,John Lucas,East,Office Supplies,Binders,25.62,-17.24,5,0.7
JL-15850,John Lucas,East,Technology,Phones,82.8,-20.7,2,0.4
JL-15850,John Lucas,West,,Furnishings,435.26,95.76,7,0
JL-15850,John Lucas,West,Office Supplies,Binders,167.76,62.91,5,0.2
JL-15850,John Lucas,West,,Paper,32.4,15.55,5,0
JL-15850,John Lucas,West,Office Supplies,Storage,540.57,140.55,3,0
JL-15850,John Lucas,West,Technology,Copiers,1119.98,,2,0.2
JL-15850,John Lucas,West,Technology,Phones,87.8,32.92,5,0.2
JM-15250,Janet Martin,Central,Furniture,Chairs,310.74,-26.64,4,0.3
JM-15250,Janet Martin,Central,Furniture,Furnishings,141.42,,5,
JM-15250,Janet Martin,Central,,Appliances,15.22,-38.82,2,0.8
JM-15250,Janet Martin,Central,Office Supplies,Art,12.74,2.23,4,0.2
JM-15250,Janet Martin,Central,,Binders,20.22,-32.39,19,0.8
JM-15250,Janet Martin,Central,Office Supplies,Storage,,-107.96,5,0.2
JM-15250,Janet Martin,East,Furniture,Chairs,,227.21,9,0
JM-15250,Janet Martin,East,Furniture,Furnishings,414,124.2,8,0
JM-15250,Janet Martin,East,,Binders,71.13,24.29,12,0.2
JM-15250,Janet Martin,East,Office Supplies,Paper,13.48,6.74,2,0
JM-15250,Janet Martin,South,Furniture,Furnishings,77.95,15.59,3,0.2
JM-15250,Janet Martin,South,Office Supplies,Art,3.3,1.07,1,0.2
JM-15250,Janet Martin,South,Office Supplies,Paper,47.95,16.18,,0.2
JM-15250,Janet Martin,South,Office Supplies,Storage,147.18,,2,0.2
JM-15250,Janet Martin,South,Technology,,74.11,17.6,8,0.2
JM-15250,Janet Martin,South,Technology,Phones,27.99,2.1,1,0.2
JM-15250,Janet Martin,West,Furniture,Tables,418.3,,3,0.2
JM-15265,Janet Molinari,Central,Furniture,Furnishings,79.96,-50.8,4,0.3
JM-15265,Janet Molinari,Central,Office Supplies,Binders,291.48,131.96,11,0.4
JM-15265,Janet Molinari,Central,Office Supplies,Labels,5.9,1.99,2,0.2
JM-15265,Janet Molinari,Central,Office Supplies,Paper,173.49,54.21,7,0.2
JM-15265,Janet Molinari,East,Office Supplies,Fasteners,15.26,6.26,,0
JM-15265,Janet Molinari,East,Technology,,1029.95,298.69,5,0
JM-15265,Janet Molinari,West,Furniture,Furnishings,38.24,4.24,3,0
JM-15265,Janet Molinari,West,Office Supplies,,25.92,,4,0
JM-15265,Janet Molinari,West,Office Supplies,Storage,48.84,13.19,4,
JM-15265,Janet Molinari,West,Technology,Accessories,95.1,30.43,5,
JM-15535,Jessica Myrick,East,Furniture,Furnishings,799.56,207.89,9,0
JM-15535,Jessica Myrick,East,Office Supplies,Art,10.71,2.78,3,0
JM-15535,Jessica Myrick,East,Office Supplies,Binders,62.3,21.02,13,0.2
JM-15535,Jessica Myrick,East,Office Supplies,Paper,47.95,21,8,0.1
JM-15535,Jessica Myrick,East,Technology,Accessories,351.6,90.4,6,0.1
JM-15535,Jessica Myrick,West,Furniture,Bookcases,789.58,48.52,13,0.18
JM-15535,Jessica Myrick,West,Furniture,Furnishings,,3.01,2,0
JM-15580,Jill Matthias,East,Office Supplies,Binders,25.06,11.78,2,0
JM-15580,Jill Matthias,South,Office Supplies,Paper,64.7,23.46,3,0.2
JM-15580,Jill Matthias,South,Technology,Accessories,35.17,,4,0.2
JM-15580,Jill Matthias,West,Office Supplies,Envelopes,54.9,26.9,5,0
JM-15580,Jill Matthias,West,Office Supplies,Fasteners,3.02,-0.6,3,0.2
JM-15580,Jill Matthias,West,,Paper,15.54,7.61,3,0
JM-15580,Jill Matthias,West,Technology,,105.55,35.62,6,0.2
JM-15655,Jim Mitchum,East,,Appliances,11.67,3.03,3,0
JM-15655,Jim Mitchum,East,Office Supplies,,18.69,-14.33,3,0.7
JM-15655,Jim Mitchum,East,,Storage,40.74,0.41,3,0
JM-15655,Jim Mitchum,East,,Accessories,383.95,76.79,6,0.2
JM-15655,Jim Mitchum,West,,Tables,,9.48,,0.2
JM-15655,Jim Mitchum,West,Office Supplies,Art,4.17,1.08,3,0
JM-15655,Jim Mitchum,West,Office Supplies,,2.37,,2,0.2
JM-15655,Jim Mitchum,West,Office Supplies,Labels,18.45,8.67,5,0
JM-15655,Jim Mitchum,West,Office Supplies,Paper,19.01,,3,
JM-15655,Jim Mitchum,West,Office Supplies,Storage,37.32,10.45,3,0
JM-15655,Jim Mitchum,West,Technology,Phones,139,13.9,9,0.2
JM-15865,John Murray,Central,Furniture,Chairs,,,7,0.3
JM-15865,John Murray,Central,Office Supplies,Appliances,11.65,,4,0.8
JM-15865,John Murray,East,Office Supplies,Storage,221.02,-55.26,2,0.2
JM-15865,John Murray,East,Technology,Phones,4548.81,1228.18,7,0
JM-15865,John Murray,South,Office Supplies,,36.27,10.88,3,0
JM-15865,John Murray,West,Furniture,Furnishings,80.96,29.15,4,0
JM-15865,John Murray,West,Office Supplies,Art,2.3,0.26,1,0.2
JM-15865,John Murray,West,Office Supplies,Labels,5.04,1.76,2,0.2
JM-15865,John Murray,West,,Paper,505.38,,15,0.07
JM-15865,John Murray,West,Technology,,1879.96,211.5,5,0.2
JM-16195,Justin MacKendrick,East,Furniture,Furnishings,90.63,11.52,5,0
JM-16195,Justin MacKendrick,East,Office Supplies,Appliances,,18.25,6,0.1
JM-16195,Justin MacKendrick,East,Office Supplies,Paper,,7.57,5,0
JM-16195,Justin MacKendrick,South,Office Supplies,Art,174.95,45.49,5,0
JM-16195,Justin MacKendrick,South,Office Supplies,,16.27,5.29,3,0.2
JM-16195,Justin MacKendrick,South,Office Supplies,Storage,826,214.76,5,0
JM-16195,Justin MacKendrick,West,Furniture,Furnishings,80.08,30.34,6,0
JM-16195,Justin MacKendrick,West,Office Supplies,Appliances,1084.38,309.04,9,0
JM-16195,Justin MacKendrick,West,Office Supplies,Binders,53.24,17.21,10,0.2
JM-16195,Justin MacKendrick,West,Office Supplies,Paper,,,5,0
JM-16195,Justin MacKendrick,West,Office Supplies,Storage,,15.7,4,0
JM-16195,Justin MacKendrick,West,Technology,Phones,252.5,63.2,,0.2
JO-15145,Jack O'Briant,Central,Furniture,Bookcases,1565.88,407.13,6,0
JO-15145,Jack O'Briant,Central,Office Supplies,Binders,106.05,49.84,7,0
JO-15145,Jack O'Briant,East,Furniture,Furnishings,199.9,39.98,5,0
JO-15145,Jack O'Briant,East,Office Supplies,,,,2,0.2
JO-15145,Jack O'Briant,South,Office Supplies,Art,18.42,6.88,6,
JO-15145,Jack O'Briant,South,Office Supplies,Storage,69.52,19.47,2,0
JO-15145,Jack O'Briant,West,Furniture,Bookcases,556.66,6.55,5,
JO-15145,Jack O'Briant,West,Furniture,Furnishings,27.92,8.1,4,0
JO-15145,Jack O'Briant,West,Furniture,,399.67,,7,0.2
JO-15145,Jack O'Briant,West,,Binders,18.37,5.97,,0.2
JO-15145,Jack O'Briant,West,Technology,Accessories,111.93,,7,0
JO-15145,Jack O'Briant,West,Technology,Phones,95.84,34.74,4,0.2
JO-15280,Jas O'Carroll,East,Office Supplies,Binders,0.85,-0.6,1,0.7
JO-15280,Jas O'Carroll,South,Office Supplies,Storage,243.92,-54.88,5,0.2
JO-15280,Jas O'Carroll,West,Furniture,Furnishings,6.16,1.97,,0
JO-15280,Jas O'Carroll,West,,Tables,1038.84,51.94,5,
JO-15280,Jas O'Carroll,West,Office Supplies,Art,78.66,22.76,8,
JO-15280,Jas O'Carroll,West,Office Supplies,Binders,503.16,157.73,6,0.2
JO-15280,Jas O'Carroll,West,Office Supplies,Paper,22.72,10.22,4,
JO-15280,Jas O'Carroll,West,Technology,Phones,39.96,12.99,5,0.2
JO-15550,Jesus Ocampo,Central,Office Supplies,Fasteners,23.55,1.18,5,0
JO-15550,Jesus Ocampo,East,Office Supplies,Art,200.97,,,0.2
JO-15550,Jesus Ocampo,East,Office Supplies,Binders,23.48,-17.06,5,0.7
JO-15550,Jesus Ocampo,East,Office Supplies,Envelopes,200.98,62.81,7,0.2
JO-15550,Jesus Ocampo,East,Office Supplies,Labels,145.06,49.51,8,0.2
JO-15550,Jesus Ocampo,West,Office Supplies,Appliances,40.74,12.22,3,0
JO-15550,Jesus Ocampo,West,Office Supplies,Fasteners,2.48,,2,0
JO-15550,Jesus Ocampo,West,,Phones,,39.69,3,
JP-11135,James Peterman,East,Furniture,Furnishings,515.2,186.68,45,0
JP-15460,Jennifer Patt,Central,Furniture,,127.78,-31.03,1,0.3
JP-15460,Jennifer Patt,Central,,Binders,6.1,-9.16,2,0.8
JP-15460,Jennifer Patt,Central,Office Supplies,Paper,130.14,,12,0.2
JP-15460,Jennifer Patt,East,,Furnishings,13.28,6.37,2,0
JP-15460,Jennifer Patt,East,Office Supplies,Appliances,,281.02,,0
JP-15460,Jennifer Patt,East,Office Supplies,,50.64,,11,0
JP-15460,Jennifer Patt,East,Office Supplies,Binders,12.67,4.44,3,0.2
JP-15460,Jennifer Patt,East,Office Supplies,Envelopes,51.12,23,4,
JP-15460,Jennifer Patt,East,Office Supplies,Paper,,54.32,8,0
JP-15460,Jennifer Patt,East,Technology,Accessories,90,32.4,1,0
JP-15460,Jennifer Patt,West,Office Supplies,Supplies,33.8,4.22,5,0.2
JP-15520,Jeremy Pistek,Central,Furniture,Bookcases,459.92,41.39,4,0
JP-15520,Jeremy Pistek,Central,Office Supplies,Appliances,1089.75,305.13,3,0
JP-15520,Jeremy Pistek,Central,,Labels,,28.09,2,
JP-15520,Jeremy Pistek,Central,Office Supplies,Paper,41.82,17.67,10,0.1
JP-15520,Jeremy Pistek,Central,Technology,Accessories,178.11,32.06,3,
JP-15520,Jeremy Pistek,South,Office Supplies,Envelopes,7.82,2.93,1,0.2
JP-15520,Jeremy Pistek,South,Office Supplies,Paper,,114.96,5,0
JP-15520,Jeremy Pistek,South,Office Supplies,Supplies,7.63,,,0.2
JP-15520,Jeremy Pistek,West,Furniture,Bookcases,222.67,,2,0.15
JP-15520,Jeremy Pistek,West,Office Supplies,Paper,189.9,89.9,17,0
JP-15520,Jeremy Pistek,West,Office Supplies,Storage,433.44,28.39,9,0
JP-15520,Jeremy Pistek,West,Technology,Phones,703.97,88,4,
JP-16135,Julie Prescott,Central,Office Supplies,Appliances,13.11,,3,0
JP-16135,Julie Prescott,Central,Office Supplies,Art,6.56,1.9,2,0
JP-16135,Julie Prescott,East,Furniture,Chairs,470.16,-13.43,7,0.3
JP-16135,Julie Prescott,East,Office Supplies,Art,10.27,1.16,3,0.2
JP-16135,Julie Prescott,East,Office Supplies,,31.42,-2.58,,0.45
JP-16135,Julie Prescott,East,Technology,Accessories,72,14.4,1,0.2
JP-16135,Julie Prescott,South,Furniture,Furnishings,76.92,31.54,4,0
JP-16135,Julie Prescott,South,Office Supplies,Art,35.4,13.45,5,0
JP-16135,Julie Prescott,South,Office Supplies,Storage,481.32,125.14,4,0
JP-16135,Julie Prescott,West,Office Supplies,Binders,29.23,,3,0.2
JP-16135,Julie Prescott,West,Office Supplies,Storage,481.32,125.14,4,0
JR-15670,Jim Radford,East,,Storage,552.56,,4,0
JR-15670,Jim Radford,West,Furniture,Bookcases,590.06,-786.74,7,0.7
JR-15670,Jim Radford,West,Office Supplies,Art,14.04,1.58,,0.2
JR-15700,Jocasta Rupert,South,Technology,Phones,,107.98,3,0.2
JR-16210,Justin Ritter,Central,,Binders,497.94,,3,0
JR-16210,Justin Ritter,Central,Office Supplies,Paper,158.28,72.81,6,0
JR-16210,Justin Ritter,East,Office Supplies,Binders,8.9,-6.53,2,0.7
JR-16210,Justin Ritter,South,Technology,Accessories,717.12,152.39,9,0.2
JR-16210,Justin Ritter,West,Furniture,,72.59,,2,0.7
JR-16210,Justin Ritter,West,,Furnishings,409.22,61.38,8,0.2
JR-16210,Justin Ritter,West,Office Supplies,Art,23.83,6.55,3,0.2
JR-16210,Justin Ritter,West,,Accessories,121.83,50.74,5,0
JR-16210,Justin Ritter,West,Technology,Phones,191.98,19.2,3,0.2
JS-13215,Jennifer Sheldon,East,Office Supplies,Paper,19.98,8.99,2,0
JS-15595,Jill Stevenson,Central,,Appliances,5.59,-15.09,2,0.8
JS-15595,Jill Stevenson,Central,Office Supplies,Fasteners,16,5.6,4,0.2
JS-15595,Jill Stevenson,Central,Office Supplies,Storage,235.92,-44.24,5,0.2
JS-15595,Jill Stevenson,East,Furniture,Bookcases,302.45,-199.62,5,0.5
JS-15595,Jill Stevenson,East,,Labels,15.12,4.91,,0.2
JS-15595,Jill Stevenson,East,Office Supplies,Storage,44.67,-10.05,8,0.2
JS-15595,Jill Stevenson,South,Technology,Phones,783.96,78.4,5,0.2
JS-15595,Jill Stevenson,West,Office Supplies,Binders,,,,0.2
JS-15685,Jim Sink,East,Furniture,,337.18,-118.01,2,0.4
JS-15685,Jim Sink,East,Office Supplies,Binders,11.57,3.76,3,0.2
JS-15685,Jim Sink,East,Office Supplies,Storage,129.3,6.46,,0
JS-15685,Jim Sink,South,Office Supplies,Appliances,389.06,48.63,4,
JS-15685,Jim Sink,South,Office Supplies,Binders,20.23,-16.19,8,0.7
JS-15685,Jim Sink,South,Office Supplies,Paper,62.21,21.77,,0.2
JS-15685,Jim Sink,South,Office Supplies,Storage,81.36,-19.32,5,0.2
JS-15685,Jim Sink,West,Office Supplies,Art,20.1,6.63,3,0
JS-15685,Jim Sink,West,Office Supplies,Paper,6.48,3.11,1,0
JS-15685,Jim Sink,West,Technology,Phones,73.58,8.28,2,0.2
JS-15880,John Stevenson,Central,Furniture,Bookcases,241.33,-14.2,5,0.32
JS-15880,John Stevenson,Central,Office Supplies,,,16.37,7,0.2
JS-15880,John Stevenson,Central,,Paper,225.02,,6,0.2
JS-15880,John Stevenson,East,Furniture,Tables,172.11,-94.66,1,0.4
JS-15880,John Stevenson,South,Office Supplies,Binders,15.92,7.48,4,0
JS-15880,John Stevenson,South,Office Supplies,Storage,1350.12,175.52,6,0
JS-15880,John Stevenson,West,Furniture,Tables,1618.37,356.04,13,0
JS-15880,John Stevenson,West,Technology,,99.6,36.85,1,0
JS-15940,Joni Sundaresam,Central,Furniture,Furnishings,263.29,-319.54,9,0.6
JS-15940,Joni Sundaresam,Central,Office Supplies,Labels,21.56,10.35,7,0
JS-15940,Joni Sundaresam,East,Furniture,Furnishings,,7.7,4,0.2
JS-15940,Joni Sundaresam,East,Office Supplies,Binders,12.2,,,0.7
JS-15940,Joni Sundaresam,East,Office Supplies,Labels,7.56,2.65,,0.2
JS-15940,Joni Sundaresam,East,Office Supplies,Paper,11.95,4.03,,0.2
JS-15940,Joni Sundaresam,East,Office Supplies,Storage,124.61,,4,0.2
JS-16030,Joy Smith,Central,Furniture,Chairs,600.56,-8.58,3,
JS-16030,Joy Smith,Central,Furniture,Furnishings,16.44,-7.37,5,0.6
JS-16030,Joy Smith,Central,Office Supplies,Appliances,294.62,-766.01,5,0.8
JS-16030,Joy Smith,Central,Office Supplies,Art,28.03,3.5,6,0.2
JS-16030,Joy Smith,Central,Office Supplies,Fasteners,18.37,6.2,2,0.2
JS-16030,Joy Smith,Central,Office Supplies,Storage,,-6.72,10,0.1
JS-16030,Joy Smith,Central,Technology,Phones,317.68,87.03,8,
JS-16030,Joy Smith,East,Office Supplies,Art,19.46,3.4,4,0.2
JS-16030,Joy Smith,South,Furniture,Bookcases,504.9,126.23,5,0
JS-16030,Joy Smith,South,Furniture,Furnishings,185.58,76.09,6,0
JS-16030,Joy Smith,South,Office Supplies,Binders,86.16,39.72,3,0
JS-16030,Joy Smith,South,Office Supplies,Paper,245.94,,6,
JS-16030,Joy Smith,South,,Storage,87.92,0.88,4,
JS-16030,Joy Smith,West,Office Supplies,Binders,39.62,13.87,3,0.2
JT-12540,Jill Trafton,East,Furniture,Bookcases,144.59,-197.6,,0.7
JW-15220,Jane Waco,East,Furniture,Furnishings,325.9,137.15,55,0
JW-15220,Jane Waco,East,Office Supplies,Art,,7.77,7,0.2
JW-15220,Jane Waco,East,Office Supplies,Paper,32.4,15.55,5,0
JW-15220,Jane Waco,East,Technology,Phones,1047.5,293.3,50,0
JW-15220,Jane Waco,South,Furniture,Furnishings,10.16,3.45,2,0
JW-15220,Jane Waco,West,Furniture,Chairs,1687.1,-49.52,11,0.2
JW-15220,Jane Waco,West,Furniture,Furnishings,9.64,3.66,2,0
JW-15220,Jane Waco,West,Office Supplies,Binders,5083.96,1906.48,5,0.2
JW-15220,Jane Waco,West,Office Supplies,Paper,368.91,180.77,9,0
JW-15220,Jane Waco,West,Technology,Accessories,209.94,,6,0
JW-15220,Jane Waco,West,,Phones,31.98,-8,2,0.2
JW-15955,Joni Wasserman,East,Furniture,Bookcases,301.47,-205,3,0.5
JW-15955,Joni Wasserman,East,Office Supplies,Art,116.48,31.69,12,0
JW-15955,Joni Wasserman,East,,,44.69,3.35,7,0.2
JW-15955,Joni Wasserman,South,,Chairs,499.3,88.29,9,0.1
JW-15955,Joni Wasserman,South,Office Supplies,Labels,2.61,1.2,1,0
JW-15955,Joni Wasserman,South,,Storage,95.94,9.59,3,0
JW-15955,Joni Wasserman,West,Furniture,Furnishings,172.06,37.84,,0
JW-15955,Joni Wasserman,West,Technology,Accessories,11.54,3.46,1,0
JW-16075,Julia West,Central,Office Supplies,Appliances,53.09,,7,0.8
JW-16075,Julia West,East,Office Supplies,Art,79.36,9.92,5,0.2
JW-16075,Julia West,East,Office Supplies,Envelopes,9.34,3.5,,
JW-16075,Julia West,South,,Appliances,,156.34,4,0.2
JW-16075,Julia West,South,,Binders,12.84,-9.85,3,0.7
JW-16075,Julia West,South,Office Supplies,,295.46,96.02,14,0.2
JW-16075,Julia West,West,,Art,16.56,6.96,4,
KA-16525,Kelly Andreada,Central,Office Supplies,,186.05,67.44,6,0.2
KA-16525,Kelly Andreada,East,Furniture,Bookcases,321.57,,2,0.2
KA-16525,Kelly Andreada,East,Office Supplies,Art,303.17,81.94,16,0
KA-16525,Kelly Andreada,East,,Envelopes,167.96,78.94,2,0
KA-16525,Kelly Andreada,East,Office Supplies,Paper,121.88,55.23,,0
KA-16525,Kelly Andreada,West,Furniture,Chairs,283.92,,5,0.2
KA-16525,Kelly Andreada,West,Office Supplies,Art,35.1,10.18,6,0
KA-16525,Kelly Andreada,West,Office Supplies,Storage,81.96,0,2,
KA-16525,Kelly Andreada,West,Technology,Accessories,17.9,3.4,2,0
KB-16240,Karen Bern,Central,Furniture,Chairs,603.92,181.18,4,0
KB-16240,Karen Bern,Central,Office Supplies,,16.03,5.61,,0.2
KB-16240,Karen Bern,Central,Technology,Accessories,727.9,288.44,9,0
KB-16240,Karen Bern,East,Office Supplies,Envelopes,24.4,7.93,2,0.2
KB-16240,Karen Bern,South,Furniture,Furnishings,132.22,-18.18,4,0.2
KB-16240,Karen Bern,South,Office Supplies,Binders,1.87,-1.31,1,0.7
KB-16240,Karen Bern,West,Furniture,Chairs,190.72,11.92,1,0.2
KB-16240,Karen Bern,West,Office Supplies,Appliances,168.1,43.71,5,
KB-16240,Karen Bern,West,Technology,Accessories,1287.45,244.62,5,0
KB-16315,Karl Braun,Central,Furniture,Furnishings,53.34,16.54,3,0
KB-16315,Karl Braun,Central,,Binders,,16.15,2,0
KB-16315,Karl Braun,Central,Office Supplies,Labels,12.39,5.7,3,0
KB-16315,Karl Braun,Central,Office Supplies,Paper,12.96,6.22,,
KB-16315,Karl Braun,East,Furniture,,193.03,-14.18,7,0.1
KB-16315,Karl Braun,East,Office Supplies,,62.17,15.24,6,
KB-16315,Karl Braun,East,Office Supplies,Binders,,-13.64,4,
KB-16315,Karl Braun,East,Office Supplies,Labels,13.05,6,5,0
KB-16315,Karl Braun,East,Office Supplies,Paper,20.72,,4,0
KB-16315,Karl Braun,East,Office Supplies,Storage,,-25.11,2,0.2
KB-16315,Karl Braun,East,Technology,,71.98,,3,0.2
KB-16315,Karl Braun,East,Technology,Phones,323.98,-81,3,0.4
KB-16315,Karl Braun,South,Office Supplies,Binders,3.2,-2.46,2,
KB-16315,Karl Braun,South,Office Supplies,,95.95,29.98,3,0.2
KB-16315,Karl Braun,South,Office Supplies,Paper,27.5,,6,0.2
KB-16315,Karl Braun,West,Office Supplies,Binders,30.84,9.64,5,0.2
KB-16315,Karl Braun,West,Technology,,479.98,60,2,0.2
KB-16405,Katrina Bavinger,East,Furniture,Chairs,272.56,6.05,3,0.1
KB-16405,Katrina Bavinger,East,Office Supplies,Art,5.56,,2,0
KB-16405,Katrina Bavinger,East,Office Supplies,Paper,419.4,201.31,4,0
KB-16405,Katrina Bavinger,West,Furniture,Furnishings,22.14,6.42,3,0
KB-16405,Katrina Bavinger,West,Office Supplies,Art,119.04,,6,0
KB-16405,Katrina Bavinger,West,Office Supplies,Paper,12.96,6.22,2,0
KB-16405,Katrina Bavinger,West,Technology,Accessories,13.98,6.01,2,0
KB-16405,Katrina Bavinger,West,,Phones,43.18,15.11,3,
KB-16585,Ken Black,Central,Office Supplies,Appliances,60.34,15.69,7,0
KB-16585,Ken Black,Central,Office Supplies,Art,,11.22,9,0.1
KB-16585,Ken Black,Central,,Paper,15.55,5.44,3,0.2
KB-16585,Ken Black,Central,Technology,Phones,59.96,21.74,5,0.2
KB-16585,Ken Black,East,,Storage,89.82,25.15,6,0
KB-16585,Ken Black,East,Technology,Phones,69.93,32.17,7,
KB-16585,Ken Black,South,Furniture,Chairs,1013.83,101.38,,
KB-16585,Ken Black,South,Office Supplies,Fasteners,1.98,,,0.2
KB-16585,Ken Black,South,Office Supplies,Paper,32.4,15.68,5,0
KB-16585,Ken Black,South,Office Supplies,Storage,232.55,9.3,5,0
KB-16585,Ken Black,South,Technology,Accessories,99.98,42.99,2,0
KB-16585,Ken Black,West,Furniture,Furnishings,79.92,34.37,4,0
KB-16585,Ken Black,West,Office Supplies,Art,34.65,9.7,3,0
KB-16585,Ken Black,West,Office Supplies,Binders,9.76,-6.83,2,0.7
KB-16585,Ken Black,West,Office Supplies,Fasteners,8.72,2.29,5,0.2
KB-16585,Ken Black,West,Office Supplies,Paper,440.19,206.89,9,0
KB-16585,Ken Black,West,Office Supplies,Supplies,64.4,1.93,5,0
KB-16585,Ken Black,West,,Accessories,321.12,47.85,9,0.13
KB-16585,Ken Black,West,Technology,Phones,19.8,1.73,5,0.2
KB-16600,Ken Brennan,Central,Furniture,,9.71,-5.82,3,0.6
KB-16600,Ken Brennan,Central,Office Supplies,Art,9.84,2.85,3,0
KB-16600,Ken Brennan,Central,Office Supplies,Binders,2.08,-3.27,4,
KB-16600,Ken Brennan,Central,Office Supplies,Paper,,117.33,5,
KB-16600,Ken Brennan,Central,Office Supplies,Storage,27.24,2.72,3,0.2
KB-16600,Ken Brennan,East,Technology,Phones,629.95,163.79,5,0
KB-16600,Ken Brennan,West,Office Supplies,Supplies,61.38,15.96,6,0
KC-16255,Karen Carlisle,East,,Art,5.76,1.61,2,0
KC-16255,Karen Carlisle,East,Office Supplies,Storage,64.78,-12.96,1,0.2
KC-16255,Karen Carlisle,South,Office Supplies,Binders,596.48,278.38,24,0
KC-16255,Karen Carlisle,South,,Accessories,1436.81,571.04,11,0
KC-16255,Karen Carlisle,West,Office Supplies,Paper,17.12,8.05,2,0
KC-16540,Kelly Collister,Central,Office Supplies,Binders,2.3,-3.9,2,0.8
KC-16540,Kelly Collister,East,Furniture,Furnishings,103.06,24.48,,0.2
KC-16540,Kelly Collister,West,Office Supplies,,7.61,3.58,1,0
KC-16540,Kelly Collister,West,Technology,Accessories,3795.3,685.27,22,0
KC-16675,Kimberly Carter,South,,Chairs,390.27,-24.39,8,0.2
KC-16675,Kimberly Carter,South,Office Supplies,Appliances,208.44,62.53,3,0
KC-16675,Kimberly Carter,South,Office Supplies,,12.39,,3,0
KC-16675,Kimberly Carter,South,Office Supplies,Paper,62.19,19.43,13,0.2
KC-16675,Kimberly Carter,South,Office Supplies,Supplies,25.76,0.77,2,0
KC-16675,Kimberly Carter,West,Furniture,Chairs,307.14,26.87,,0.2
KC-16675,Kimberly Carter,West,Office Supplies,Paper,139.86,,7,
KD-16270,Karen Daniels,Central,Office Supplies,Art,,6.76,3,0.2
KD-16270,Karen Daniels,Central,,Binders,898.22,-1482.01,6,0.8
KD-16270,Karen Daniels,Central,,Paper,,102.97,13,0.2
KD-16270,Karen Daniels,Central,Technology,Phones,389.66,31.78,,0.2
KD-16270,Karen Daniels,East,Furniture,Furnishings,,9.99,2,0
KD-16270,Karen Daniels,East,Furniture,Tables,836.59,-264.92,8,0.4
KD-16270,Karen Daniels,East,Office Supplies,Art,75.48,19.62,2,0
KD-16270,Karen Daniels,East,Office Supplies,Paper,26.38,12.13,1,0
KD-16270,Karen Daniels,East,Office Supplies,Storage,362.92,105.25,2,0
KD-16270,Karen Daniels,East,Technology,Machines,4899.93,2400.97,,
KD-16270,Karen Daniels,South,Office Supplies,Paper,75.88,35.66,2,0
KD-16270,Karen Daniels,West,Office Supplies,Supplies,25.76,0.52,7,0
KD-16270,Karen Daniels,West,Technology,Accessories,299.94,128.97,6,0
KD-16345,Katherine Ducich,Central,Furniture,Bookcases,359.06,-71.81,3,0.3
KD-16345,Katherine Ducich,Central,,,255.97,51.19,,0.2
KD-16345,Katherine Ducich,Central,Technology,Phones,159.98,12,2,0.2
KD-16345,Katherine Ducich,East,Office Supplies,Art,57.75,16.17,5,0
KD-16345,Katherine Ducich,East,Office Supplies,Binders,5.98,2.24,2,
KD-16345,Katherine Ducich,East,Office Supplies,Paper,14.94,7.02,3,0
KD-16345,Katherine Ducich,East,Technology,Phones,861.76,249.91,4,0
KD-16345,Katherine Ducich,West,Office Supplies,Binders,51.31,17.96,3,0.2
KD-16345,Katherine Ducich,West,Office Supplies,Paper,90.24,41.51,6,0
KD-16345,Katherine Ducich,West,Technology,Phones,31.97,2.4,4,0.2
KD-16495,Keith Dawkins,Central,Furniture,Chairs,191.96,32.63,2,0
KD-16495,Keith Dawkins,Central,Furniture,Tables,801.96,,2,0
KD-16495,Keith Dawkins,Central,Office Supplies,Art,3.9,1.52,2,0
KD-16495,Keith Dawkins,Central,Office Supplies,Binders,6.92,-10.39,6,0.8
KD-16495,Keith Dawkins,Central,Office Supplies,,2.61,1.2,1,0
KD-16495,Keith Dawkins,East,Furniture,Chairs,577.76,115.55,2,0.1
KD-16495,Keith Dawkins,East,Furniture,Furnishings,,4.73,3,
KD-16495,Keith Dawkins,East,Office Supplies,Fasteners,3.68,1.8,,0
KD-16495,Keith Dawkins,East,Office Supplies,,17.54,5.92,3,0.2
KD-16495,Keith Dawkins,East,Office Supplies,Storage,67.15,16.79,5,0
KD-16495,Keith Dawkins,East,Technology,Machines,4643.8,2229.02,4,0
KD-16495,Keith Dawkins,East,Technology,Phones,549.98,142.99,2,0
KD-16495,Keith Dawkins,South,Furniture,Furnishings,6.16,1.97,2,0
KD-16495,Keith Dawkins,South,Office Supplies,Art,56.3,,2,0
KD-16495,Keith Dawkins,South,Office Supplies,Binders,,30.7,4,0
KD-16495,Keith Dawkins,South,Office Supplies,Paper,106.94,35.02,10,0.2
KD-16495,Keith Dawkins,South,Office Supplies,Storage,61.68,,4,0
KD-16495,Keith Dawkins,West,Furniture,,273.67,-12.88,2,0.15
KD-16495,Keith Dawkins,West,,,14.52,,,0
KD-16495,Keith Dawkins,West,Office Supplies,,103.04,38.13,10,
KD-16495,Keith Dawkins,West,Office Supplies,Binders,405.67,133.08,7,0.2
KD-16495,Keith Dawkins,West,Office Supplies,Storage,99.87,23.97,3,0
KD-16495,Keith Dawkins,West,Technology,Phones,,8.28,3,
KD-16615,Ken Dana,East,Office Supplies,Binders,,45.84,8,0.2
KD-16615,Ken Dana,West,Furniture,Chairs,717.72,71.77,3,0.2
KD-16615,Ken Dana,West,Furniture,Furnishings,495.79,114.71,22,0.05
KD-16615,Ken Dana,West,Office Supplies,Appliances,140.67,54.86,3,0
KD-16615,Ken Dana,West,Office Supplies,Binders,222.82,71.25,16,0.2
KD-16615,Ken Dana,West,Office Supplies,Paper,209.7,100.66,2,0
KD-16615,Ken Dana,West,Office Supplies,Storage,310.12,80.63,2,0
KE-16420,Katrina Edelman,Central,Furniture,Bookcases,206,-27.26,3,0.32
KE-16420,Katrina Edelman,Central,Office Supplies,Binders,5.73,-9.16,8,0.8
KE-16420,Katrina Edelman,Central,Office Supplies,Paper,42.24,13.2,10,0.2
KE-16420,Katrina Edelman,Central,Office Supplies,Storage,61.79,6.18,,0.2
KE-16420,Katrina Edelman,East,Furniture,Furnishings,11.35,2.7,3,0.2
KE-16420,Katrina Edelman,East,Office Supplies,Paper,80.88,39.63,3,0
KE-16420,Katrina Edelman,East,Technology,Accessories,599.9,191.97,10,0
KE-16420,Katrina Edelman,South,Furniture,Chairs,,10.65,3,0.2
KE-16420,Katrina Edelman,West,Office Supplies,,32.43,3.24,2,0.2
KE-16420,Katrina Edelman,West,Office Supplies,,5.02,-3.52,1,0.7
KE-16420,Katrina Edelman,West,Office Supplies,Envelopes,11.16,5.58,2,0
KE-16420,Katrina Edelman,West,Office Supplies,,237.58,84.66,13,0.2
KE-16420,Katrina Edelman,West,Technology,,222.29,80.02,5,0
KF-16285,Karen Ferguson,Central,Office Supplies,Binders,169.99,78.2,1,
KF-16285,Karen Ferguson,Central,Office Supplies,Paper,25.92,12.44,4,0
KF-16285,Karen Ferguson,Central,Office Supplies,Storage,443.92,13.32,4,0
KF-16285,Karen Ferguson,East,Office Supplies,Appliances,,10.49,5,
KF-16285,Karen Ferguson,East,Office Supplies,Storage,2591.56,621.97,4,0
KF-16285,Karen Ferguson,South,Office Supplies,Art,27,8.67,7,0
KF-16285,Karen Ferguson,South,Office Supplies,Labels,15.75,7.56,5,0
KF-16285,Karen Ferguson,South,Office Supplies,Storage,,3.88,1,0
KF-16285,Karen Ferguson,South,Technology,Phones,89.9,25.17,2,0
KF-16285,Karen Ferguson,West,Furniture,Chairs,2639.82,329.98,11,0.2
KF-16285,Karen Ferguson,West,Office Supplies,Envelopes,22.18,10.87,2,0
KF-16285,Karen Ferguson,West,Office Supplies,Paper,361.85,173.69,13,0
KF-16285,Karen Ferguson,West,Technology,Phones,,363.9,8,0.2
KH-16330,Katharine Harms,Central,Furniture,Chairs,539.66,-7.71,3,0.3
KH-16330,Katharine Harms,Central,Office Supplies,Paper,37.46,12.18,,0.2
KH-16330,Katharine Harms,Central,Office Supplies,Storage,45.25,3.96,2,0.2
KH-16330,Katharine Harms,East,Furniture,Chairs,760.12,-43.44,6,0.3
KH-16330,Katharine Harms,East,Furniture,Furnishings,,16.45,6,
KH-16330,Katharine Harms,East,Office Supplies,Binders,,,5,0.1
KH-16330,Katharine Harms,East,Office Supplies,Envelopes,34.74,17.37,3,0
KH-16330,Katharine Harms,East,Office Supplies,Paper,,12.44,4,0
KH-16330,Katharine Harms,East,Office Supplies,Storage,66.96,2.68,4,
KH-16330,Katharine Harms,East,Technology,Accessories,,2.87,12,0.1
KH-16330,Katharine Harms,East,Technology,Phones,1403.93,387.82,7,0
KH-16330,Katharine Harms,South,Furniture,Chairs,140.81,39.43,1,0
KH-16330,Katharine Harms,West,Office Supplies,Binders,4.16,-3.46,,
KH-16330,Katharine Harms,West,Office Supplies,Paper,19.61,6.62,3,0.2
KH-16360,Katherine Hughes,Central,Furniture,Chairs,107.77,,,0.3
KH-16360,Katherine Hughes,Central,Office Supplies,Binders,18.24,-31.01,3,0.8
KH-16360,Katherine Hughes,Central,Office Supplies,Envelopes,56.06,21.02,6,0.2
KH-16360,Katherine Hughes,Central,Office Supplies,Labels,9.25,3.12,4,0.2
KH-16360,Katherine Hughes,Central,Office Supplies,Paper,4.83,,1,
KH-16360,Katherine Hughes,Central,,Storage,1036.62,51.83,,0.2
KH-16360,Katherine Hughes,East,Furniture,Furnishings,25.47,7.64,4,0.2
KH-16360,Katherine Hughes,East,Technology,,19.98,5.19,2,0
KH-16360,Katherine Hughes,South,,Chairs,1767.57,478.95,12,0
KH-16360,Katherine Hughes,South,Office Supplies,Art,42.28,13.19,3,0
KH-16360,Katherine Hughes,South,Office Supplies,Binders,12.53,5.89,1,0
KH-16510,Keith Herrera,Central,,Binders,30.96,-52.63,8,0.8
KH-16510,Keith Herrera,Central,Office Supplies,Paper,15.55,5.44,3,0.2
KH-16510,Keith Herrera,Central,Technology,,50.18,,4,0.2
KH-16510,Keith Herrera,South,Furniture,Furnishings,60.84,19.47,3,0
KH-16510,Keith Herrera,South,Office Supplies,Binders,67.62,32.46,4,0
KH-16510,Keith Herrera,South,Office Supplies,Storage,450.04,,2,
KH-16510,Keith Herrera,South,Technology,Phones,467.97,140.39,3,0
KH-16510,Keith Herrera,West,Furniture,Bookcases,2020.16,-8.74,,0.15
KH-16510,Keith Herrera,West,Furniture,,113.57,-18.45,2,0.2
KH-16510,Keith Herrera,West,Furniture,Tables,1004.02,-112.95,7,0.2
KH-16510,Keith Herrera,West,Office Supplies,Binders,9.87,3.46,2,0.2
KH-16510,Keith Herrera,West,Office Supplies,,59.4,28.51,12,0
KH-16510,Keith Herrera,West,Office Supplies,,122.77,58.86,14,
KH-16510,Keith Herrera,West,Technology,Accessories,279.93,72.78,7,0
KH-16510,Keith Herrera,West,Technology,Copiers,1199.98,434.99,3,0.2
KH-16630,Ken Heidel,Central,Office Supplies,Art,6.67,0.5,,0.2
KH-16630,Ken Heidel,Central,Office Supplies,Labels,15.71,5.7,4,0.2
KH-16630,Ken Heidel,Central,Technology,Accessories,63.88,24.91,4,0
KH-16630,Ken Heidel,East,Office Supplies,Binders,65.08,31.89,4,
KH-16630,Ken Heidel,East,Office Supplies,Paper,85.06,28.71,3,0.2
KH-16630,Ken Heidel,East,Office Supplies,Storage,678.82,7.97,9,0
KH-16630,Ken Heidel,East,,,1759.92,457.58,8,0
KH-16630,Ken Heidel,South,Office Supplies,Art,10.27,0.9,3,0.2
KH-16630,Ken Heidel,South,Office Supplies,Fasteners,7.52,,5,
KH-16630,Ken Heidel,South,Office Supplies,Labels,47.81,15.54,12,0.2
KH-16630,Ken Heidel,South,Technology,,978.84,110.12,,0.2
KH-16630,Ken Heidel,West,Office Supplies,Binders,12.14,4.1,3,0.2
KH-16630,Ken Heidel,West,Office Supplies,Paper,43.29,20.06,8,0
KH-16630,Ken Heidel,West,Technology,,143.95,17.99,6,0.2
KH-16690,Kristen Hastings,East,Office Supplies,Storage,51.45,13.89,3,0
KH-16690,Kristen Hastings,South,Office Supplies,Art,9.32,2.7,4,0
KH-16690,Kristen Hastings,South,Office Supplies,Binders,122.94,59.01,3,0
KH-16690,Kristen Hastings,South,Office Supplies,Labels,14.4,,5,0
KH-16690,Kristen Hastings,South,Office Supplies,Paper,,60.26,3,0
KH-16690,Kristen Hastings,South,,,3499.93,909.98,7,0
KH-16690,Kristen Hastings,West,Office Supplies,Appliances,203.88,,5,
KH-16690,Kristen Hastings,West,Office Supplies,Binders,14.3,-10.49,7,0.7
KH-16690,Kristen Hastings,West,,Labels,146.54,47.63,6,0.2
KH-16690,Kristen Hastings,West,Office Supplies,,144.86,54.04,5,0.1
KH-16690,Kristen Hastings,West,Office Supplies,Storage,1444.48,48.8,14,0.1
KH-16690,Kristen Hastings,West,,,215.72,14.68,,0.2
KL-16555,Kelly Lampkin,Central,Furniture,Chairs,797.94,-57,4,0.3
KL-16555,Kelly Lampkin,Central,Furniture,Tables,99.92,-18.56,2,0.3
KL-16555,Kelly Lampkin,Central,Office Supplies,Binders,105.62,-183.98,,0.8
KL-16555,Kelly Lampkin,East,Furniture,Furnishings,,-26.64,6,0.2
KL-16555,Kelly Lampkin,East,Office Supplies,Art,4.91,0.31,2,0.2
KL-16555,Kelly Lampkin,South,Furniture,Chairs,207.98,,2,0.2
KL-16555,Kelly Lampkin,South,Furniture,Furnishings,,5.78,2,0.2
KL-16555,Kelly Lampkin,South,Furniture,Tables,523.76,-192.05,3,0.4
KL-16555,Kelly Lampkin,South,Office Supplies,Paper,124.88,43.71,4,
KL-16555,Kelly Lampkin,South,Technology,Accessories,204.55,,9,0
KL-16555,Kelly Lampkin,South,Technology,Phones,1359.96,119,5,
KL-16555,Kelly Lampkin,West,Furniture,Chairs,230.35,20.16,,0.2
KL-16555,Kelly Lampkin,West,Furniture,Furnishings,518.77,54.29,,
KL-16555,Kelly Lampkin,West,Office Supplies,Art,3.64,1.64,2,0
KL-16555,Kelly Lampkin,West,Office Supplies,Binders,238.37,-8.96,12,0.45
KL-16555,Kelly Lampkin,West,,Fasteners,,9.3,3,0.2
KL-16645,Ken Lonsdale,Central,Furniture,Furnishings,708.35,-334.21,14,0.45
KL-16645,Ken Lonsdale,Central,Furniture,Tables,177.22,-120.51,5,0.5
KL-16645,Ken Lonsdale,Central,,Appliances,301.46,25.64,9,
KL-16645,Ken Lonsdale,Central,Office Supplies,Art,7.41,1.2,2,
KL-16645,Ken Lonsdale,Central,Office Supplies,,479.43,218.03,9,0.4
KL-16645,Ken Lonsdale,Central,Office Supplies,Fasteners,1.82,0.62,2,0.2
KL-16645,Ken Lonsdale,Central,Office Supplies,Paper,25.92,9.4,5,0.2
KL-16645,Ken Lonsdale,Central,Office Supplies,Storage,48.82,-11.59,3,
KL-16645,Ken Lonsdale,Central,Technology,Phones,2766.86,358.36,16,0.1
KL-16645,Ken Lonsdale,East,Furniture,Bookcases,,56.99,3,0
KL-16645,Ken Lonsdale,East,Office Supplies,Paper,42.28,19.87,7,
KL-16645,Ken Lonsdale,East,Office Supplies,Storage,375.34,18.77,1,0
KL-16645,Ken Lonsdale,East,Technology,Phones,467.95,137.68,,0
KL-16645,Ken Lonsdale,West,Furniture,Furnishings,,34.28,8,0
KL-16645,Ken Lonsdale,West,Office Supplies,Binders,98.35,35.65,3,0.2
KL-16645,Ken Lonsdale,West,Office Supplies,Envelopes,27.79,10.42,3,0.2
KL-16645,Ken Lonsdale,West,Office Supplies,,4.96,2.33,4,
KL-16645,Ken Lonsdale,West,Office Supplies,Storage,53.72,15.04,4,0
KL-16645,Ken Lonsdale,West,Office Supplies,Supplies,8187.65,,5,0
KL-16645,Ken Lonsdale,West,Technology,Phones,22,1.38,,0.2
KM-16225,Kalyca Meade,Central,Furniture,Furnishings,37.3,17.16,2,0
KM-16225,Kalyca Meade,Central,Office Supplies,Art,27.78,9.17,6,0
KM-16225,Kalyca Meade,Central,Office Supplies,Binders,81.96,39.34,2,0
KM-16225,Kalyca Meade,Central,Office Supplies,Fasteners,18.24,9.12,3,0
KM-16225,Kalyca Meade,East,,Chairs,542.94,141.16,3,0
KM-16225,Kalyca Meade,East,Furniture,Furnishings,169.78,70.59,5,0
KM-16225,Kalyca Meade,East,Office Supplies,Art,29.98,9.73,10,0.1
KM-16225,Kalyca Meade,East,Office Supplies,Paper,71.15,33.26,10,0
KM-16225,Kalyca Meade,East,Office Supplies,Storage,601.65,156.43,5,0
KM-16225,Kalyca Meade,East,Technology,Phones,259.94,,6,0
KM-16225,Kalyca Meade,West,Office Supplies,,29.95,8.69,5,
KM-16225,Kalyca Meade,West,Office Supplies,Binders,5.98,2.24,,0.2
KM-16225,Kalyca Meade,West,Office Supplies,Labels,44.4,22.2,3,
KM-16225,Kalyca Meade,West,Technology,Accessories,339.9,77.08,10,0
KM-16375,Katherine Murray,Central,Furniture,Chairs,981.37,-140.2,2,0.3
KM-16375,Katherine Murray,Central,Furniture,Furnishings,16.74,-14.23,5,0.6
KM-16375,Katherine Murray,Central,Office Supplies,Storage,571.78,52.88,8,0.2
KM-16375,Katherine Murray,East,Furniture,Bookcases,341.96,78.65,2,0
KM-16375,Katherine Murray,East,Furniture,Chairs,605.88,151.47,,0
KM-16375,Katherine Murray,East,Office Supplies,Paper,210.58,98.97,7,0
KM-16375,Katherine Murray,East,Technology,Accessories,1687.8,,4,0
KM-16375,Katherine Murray,South,Office Supplies,Art,4.3,,2,0
KM-16375,Katherine Murray,South,Office Supplies,Binders,10.44,4.8,1,0
KM-16375,Katherine Murray,South,Office Supplies,Envelopes,251.79,118.34,3,0
KM-16375,Katherine Murray,South,Technology,Phones,21.8,6.1,2,0
KM-16375,Katherine Murray,West,Furniture,Furnishings,68.7,16.32,2,0.2
KM-16375,Katherine Murray,West,Furniture,Tables,386.91,-185.72,9,
KM-16375,Katherine Murray,West,Office Supplies,Envelopes,10.64,3.86,,0.2
KM-16375,Katherine Murray,West,Office Supplies,Paper,32.75,15.06,5,0
KM-16375,Katherine Murray,West,Office Supplies,Storage,51.17,-6.4,2,0.2
KM-16375,Katherine Murray,West,Technology,Accessories,31.99,,1,0.2
KM-16375,Katherine Murray,West,Technology,Phones,,25.02,3,0.2
KM-16660,Khloe Miller,East,Furniture,Furnishings,19.31,3.14,2,0.2
KM-16660,Khloe Miller,South,Office Supplies,Art,,0.5,1,0
KM-16660,Khloe Miller,South,Office Supplies,Paper,25.92,,4,0
KM-16660,Khloe Miller,South,Technology,Accessories,101.94,21.41,6,0
KM-16660,Khloe Miller,West,,Appliances,54.32,16.3,4,0
KM-16660,Khloe Miller,West,Office Supplies,Art,11.76,3.18,4,0
KM-16660,Khloe Miller,West,Office Supplies,Labels,18.9,,3,0
KM-16660,Khloe Miller,West,Office Supplies,Paper,22.83,10.73,3,0
KM-16660,Khloe Miller,West,Technology,Phones,,14.76,3,0.2
KM-16720,Kunst Miller,Central,Furniture,Chairs,317.06,-18.12,,0.3
KM-16720,Kunst Miller,Central,Office Supplies,Art,2.69,1.01,2,0.2
KM-16720,Kunst Miller,Central,Office Supplies,,149.35,50.41,3,0.2
KM-16720,Kunst Miller,Central,Technology,Accessories,227.98,,,0.2
KM-16720,Kunst Miller,East,Office Supplies,,286.86,80.32,7,
KM-16720,Kunst Miller,East,Office Supplies,Art,124.89,40.32,9,0
KM-16720,Kunst Miller,East,Office Supplies,Binders,9.28,3.25,2,0.2
KM-16720,Kunst Miller,East,Office Supplies,Storage,459.88,13.8,4,0
KM-16720,Kunst Miller,East,Office Supplies,Supplies,67.02,17.8,9,0
KM-16720,Kunst Miller,East,Technology,Phones,1005.93,284.96,7,0
KM-16720,Kunst Miller,West,Furniture,Chairs,674.35,-109.58,3,0.2
KM-16720,Kunst Miller,West,Furniture,Furnishings,213.77,58.52,13,0
KM-16720,Kunst Miller,West,Office Supplies,,31.04,4.22,9,0.2
KM-16720,Kunst Miller,West,,,42.91,,10,0.2
KM-16720,Kunst Miller,West,,Labels,29.6,14.8,2,
KM-16720,Kunst Miller,West,Office Supplies,Paper,146.73,68.96,3,0
KM-16720,Kunst Miller,West,Technology,Accessories,208.15,77.7,7,0.07
KM-16720,Kunst Miller,West,Technology,Phones,,,2,0.2
KN-16390,Katherine Nockton,Central,Office Supplies,,20.74,7.26,4,0.2
KN-16390,Katherine Nockton,Central,Technology,Accessories,47.98,8.4,3,0.2
KN-16390,Katherine Nockton,East,Furniture,Chairs,871.43,0.93,6,0.15
KN-16390,Katherine Nockton,East,Furniture,Furnishings,25.98,,1,0.2
KN-16390,Katherine Nockton,East,Furniture,Tables,384.77,-115.43,2,0.4
KN-16390,Katherine Nockton,East,Office Supplies,Binders,15.38,-10.77,5,0.7
KN-16390,Katherine Nockton,East,Office Supplies,Paper,45.36,22.23,4,0
KN-16390,Katherine Nockton,East,Technology,Accessories,130.11,28.66,6,0.2
KN-16390,Katherine Nockton,East,Technology,Machines,78.66,36.18,6,0
KN-16390,Katherine Nockton,East,Technology,,595.01,-89.37,10,0.2
KN-16390,Katherine Nockton,West,Furniture,Chairs,,-54.32,3,0.2
KN-16390,Katherine Nockton,West,Office Supplies,Labels,39.72,18.98,6,0
KN-16450,Kean Nguyen,Central,Office Supplies,Appliances,48.63,-121.58,2,0.8
KN-16450,Kean Nguyen,East,Furniture,Furnishings,,112.42,10,0
KN-16450,Kean Nguyen,South,Office Supplies,,1.17,-0.86,1,0.7
KN-16450,Kean Nguyen,West,,Bookcases,308.5,-18.15,3,0.15
KN-16450,Kean Nguyen,West,Office Supplies,Binders,18.09,6.56,7,0.2
KN-16450,Kean Nguyen,West,Technology,Accessories,,3.48,8,0
KN-16450,Kean Nguyen,West,,Phones,1513.46,132.43,18,0.2
KN-16705,Kristina Nunn,Central,Office Supplies,Appliances,73.16,-186.57,6,0.8
KN-16705,Kristina Nunn,Central,Technology,Accessories,,3.46,3,0.2
KN-16705,Kristina Nunn,East,Office Supplies,Envelopes,11.36,5.34,2,0
KN-16705,Kristina Nunn,East,,Paper,306.67,148.98,14,0
KN-16705,Kristina Nunn,East,,Supplies,7.3,2.19,,0
KN-16705,Kristina Nunn,South,Office Supplies,Art,3.76,1.09,2,0
KN-16705,Kristina Nunn,South,Technology,Phones,471.92,29.5,2,0.2
KN-16705,Kristina Nunn,West,Furniture,Tables,1137.75,250.31,5,0
KN-16705,Kristina Nunn,West,Office Supplies,Art,5.56,,2,0
KN-16705,Kristina Nunn,West,,Binders,,32.4,5,0.2
KN-16705,Kristina Nunn,West,Office Supplies,,14.35,5.2,3,0.2
KN-16705,Kristina Nunn,West,Office Supplies,Supplies,86.2,25,5,
KN-16705,Kristina Nunn,West,Technology,Phones,35.17,11.43,4,0.2
KS-16300,Karen Seio,South,Office Supplies,,48.78,3.66,1,0.2
KS-16300,Karen Seio,South,Office Supplies,Binders,13.09,-10.04,4,
KS-16300,Karen Seio,South,,,9.82,4.81,2,0
KS-16300,Karen Seio,West,Technology,Phones,16.78,1.68,,0.2
KT-16465,Kean Takahito,Central,Furniture,Chairs,1495.13,-13.81,10,0.3
KT-16465,Kean Takahito,Central,Office Supplies,Art,13.39,1.51,3,0.2
KT-16465,Kean Takahito,Central,Office Supplies,Binders,,-4.75,,
KT-16465,Kean Takahito,Central,Office Supplies,Paper,200.02,67.73,8,0.2
KT-16465,Kean Takahito,South,,Paper,4.62,1.68,1,0.2
KT-16465,Kean Takahito,South,Technology,Accessories,47.98,13.2,2,0.2
KT-16465,Kean Takahito,West,Furniture,Chairs,,105.02,6,0.2
KT-16465,Kean Takahito,West,Office Supplies,Binders,19.94,7.23,4,
KT-16465,Kean Takahito,West,Office Supplies,Fasteners,45.92,21.58,4,0
KT-16465,Kean Takahito,West,,Paper,104.85,50.33,1,
KT-16465,Kean Takahito,West,Office Supplies,Storage,42.98,4.3,4,0.2
KT-16480,Kean Thornton,Central,Furniture,Bookcases,204.67,-6.02,1,0.32
KT-16480,Kean Thornton,Central,Furniture,Tables,300.93,-34.39,5,0.3
KT-16480,Kean Thornton,Central,Technology,Phones,719.96,54,5,0.2
KT-16480,Kean Thornton,East,Furniture,Tables,700.06,-130.01,3,
KT-16480,Kean Thornton,East,,Art,2.78,0.72,2,0
KT-16480,Kean Thornton,East,Office Supplies,,79.96,35.98,2,0
KT-16480,Kean Thornton,East,Office Supplies,Labels,4.91,2.41,1,0
KT-16480,Kean Thornton,East,Technology,Copiers,1799.97,240,5,
KT-16480,Kean Thornton,South,Office Supplies,Appliances,80.48,24.14,1,0
KT-16480,Kean Thornton,West,Office Supplies,Art,83.17,9.36,,0.2
KT-16480,Kean Thornton,West,Office Supplies,Fasteners,2.88,1.35,1,
KT-16480,Kean Thornton,West,Office Supplies,Paper,25.92,12.44,4,
KT-16480,Kean Thornton,West,Office Supplies,,636.41,-15.91,3,0.2
KW-16435,Katrina Willman,Central,,Furnishings,67,32.16,,0
KW-16435,Katrina Willman,Central,Office Supplies,Binders,2.77,-4.85,7,0.8
KW-16435,Katrina Willman,Central,Technology,Phones,36.79,4.14,1,0.2
KW-16435,Katrina Willman,East,Furniture,Chairs,488.65,86.87,3,
KW-16435,Katrina Willman,East,Furniture,,47.12,20.73,8,0
KW-16435,Katrina Willman,East,Office Supplies,Art,5.56,1.45,2,0
KW-16435,Katrina Willman,East,Office Supplies,Labels,20.7,9.94,2,0
KW-16435,Katrina Willman,South,Technology,Accessories,,18.39,4,0
KW-16435,Katrina Willman,South,Technology,Machines,3080,,7,0
KW-16435,Katrina Willman,South,Technology,Phones,587.97,170.51,3,0
KW-16570,Kelly Williams,Central,Furniture,Furnishings,212.94,34.07,3,0
KW-16570,Kelly Williams,Central,Office Supplies,Binders,28.4,,4,0
KW-16570,Kelly Williams,South,Office Supplies,Appliances,69.22,11.25,6,0.2
KW-16570,Kelly Williams,South,Technology,Accessories,106.5,41.54,,0
KW-16570,Kelly Williams,West,Furniture,Furnishings,32.04,8.01,3,0
LA-16780,Laura Armstrong,Central,Furniture,Chairs,3504.9,700.98,5,0
LA-16780,Laura Armstrong,Central,Furniture,Furnishings,24.62,-9.67,9,0.6
LA-16780,Laura Armstrong,Central,Office Supplies,Fasteners,,,,0.2
LA-16780,Laura Armstrong,Central,Office Supplies,Labels,45.36,14.74,9,0.2
LA-16780,Laura Armstrong,Central,Office Supplies,Paper,458.67,220.16,6,0
LA-16780,Laura Armstrong,Central,Technology,Accessories,41.9,8.8,2,0
LA-16780,Laura Armstrong,Central,Technology,Phones,998.13,106.11,10,0.2
LA-16780,Laura Armstrong,East,Furniture,Chairs,854.94,213.74,,0
LA-16780,Laura Armstrong,East,Furniture,Furnishings,441.35,171.25,15,0
LA-16780,Laura Armstrong,East,Office Supplies,Labels,14.4,7.06,5,0
LA-16780,Laura Armstrong,East,Office Supplies,Paper,177.2,83.28,5,0
LA-16780,Laura Armstrong,East,Technology,Phones,635.82,188.77,6,0
LA-16780,Laura Armstrong,South,Furniture,Chairs,561.58,70.2,2,0.2
LA-16780,Laura Armstrong,South,Office Supplies,Storage,99.92,-1.25,,0.2
LA-16780,Laura Armstrong,West,Office Supplies,Paper,41.7,20.85,5,0
LA-16780,Laura Armstrong,West,Office Supplies,Storage,41.96,,,0
LA-16780,Laura Armstrong,West,Technology,Accessories,349.95,118.98,5,0
LA-16780,Laura Armstrong,West,Technology,Phones,377.93,141.72,,
LB-16735,Larry Blacks,Central,,Furnishings,1.99,-1.44,1,0.6
LB-16735,Larry Blacks,South,Office Supplies,Paper,,9.35,5,0.2
LB-16735,Larry Blacks,West,Office Supplies,Fasteners,21.48,10.74,6,0
LB-16795,Laurel Beltran,Central,Office Supplies,Binders,3.14,-4.7,2,0.8
LB-16795,Laurel Beltran,East,Furniture,Chairs,562.74,-24.12,4,0.3
LB-16795,Laurel Beltran,East,Furniture,Furnishings,22.34,7.82,4,0.2
LB-16795,Laurel Beltran,East,Office Supplies,Binders,868.45,391.13,16,0.23
LB-16795,Laurel Beltran,East,Office Supplies,Paper,11.54,5.54,1,0
LB-16795,Laurel Beltran,South,Office Supplies,Appliances,671.54,50.37,,0.2
LB-16795,Laurel Beltran,South,Office Supplies,Binders,9.89,-6.92,2,
LB-16795,Laurel Beltran,West,Furniture,Furnishings,31.96,1.6,2,0
LB-16795,Laurel Beltran,West,Furniture,Tables,286.85,63.11,1,0
LB-16795,Laurel Beltran,West,Office Supplies,Binders,,22.12,13,0.53
LB-16795,Laurel Beltran,West,Office Supplies,Envelopes,35.7,,,0
LB-16795,Laurel Beltran,West,Office Supplies,Paper,47.9,22.99,1,0
LB-16795,Laurel Beltran,West,,Storage,1284.18,251.34,10,0
LB-16795,Laurel Beltran,West,Technology,Accessories,267.94,88.84,7,0.1
LB-16795,Laurel Beltran,West,,Machines,703.71,-938.28,6,
LC-16870,Lena Cacioppo,Central,Furniture,Furnishings,159.04,-194.82,5,
LC-16870,Lena Cacioppo,Central,Furniture,Tables,,-99.27,2,0.5
LC-16870,Lena Cacioppo,Central,Office Supplies,Appliances,75.51,-203.88,9,
LC-16870,Lena Cacioppo,Central,Office Supplies,Binders,1.73,-2.76,4,0.8
LC-16870,Lena Cacioppo,Central,Office Supplies,Paper,27.22,10.37,5,0.1
LC-16870,Lena Cacioppo,Central,Technology,Phones,39.98,,2,0.2
LC-16870,Lena Cacioppo,East,Office Supplies,Art,111.1,8.33,,0.2
LC-16870,Lena Cacioppo,South,Furniture,Tables,292.1,58.42,2,0
LC-16870,Lena Cacioppo,South,Office Supplies,Binders,17.76,8.88,2,
LC-16870,Lena Cacioppo,South,Office Supplies,Labels,8.26,3.8,2,
LC-16870,Lena Cacioppo,South,Office Supplies,Paper,17.64,8.11,4,0
LC-16870,Lena Cacioppo,South,Office Supplies,Storage,332.94,9.99,3,0
LC-16870,Lena Cacioppo,South,Technology,Phones,206.1,55.65,5,0
LC-16870,Lena Cacioppo,West,Furniture,Furnishings,158.65,11.17,12,0.2
LC-16870,Lena Cacioppo,West,Office Supplies,Art,22.16,3.56,9,0.1
LC-16870,Lena Cacioppo,West,Office Supplies,Binders,148.95,13.4,7,0.37
LC-16870,Lena Cacioppo,West,Office Supplies,Paper,10.32,3.74,2,0.2
LC-16870,Lena Cacioppo,West,Office Supplies,Supplies,47.32,5.91,7,0.2
LC-16870,Lena Cacioppo,West,Technology,Accessories,,120.13,24,0.15
LC-16885,Lena Creighton,Central,Furniture,Furnishings,151.96,-182.35,5,0.6
LC-16885,Lena Creighton,Central,Furniture,,974.99,-97.5,4,0.3
LC-16885,Lena Creighton,East,Office Supplies,Binders,3086.29,1145.27,8,0.37
LC-16885,Lena Creighton,East,Technology,Phones,133.98,33.5,2,0
LC-16885,Lena Creighton,South,,Furnishings,17.09,,2,0.2
LC-16885,Lena Creighton,South,Technology,Phones,,37.8,3,0.2
LC-16885,Lena Creighton,West,Furniture,Chairs,1055.3,90.11,7,0.2
LC-16885,Lena Creighton,West,,Furnishings,441.83,35.84,23,0.05
LC-16885,Lena Creighton,West,Office Supplies,Art,11.52,3.46,4,0
LC-16885,Lena Creighton,West,Office Supplies,Binders,,26.66,3,0.2
LC-16885,Lena Creighton,West,Office Supplies,Fasteners,4.02,1.97,2,0
LC-16885,Lena Creighton,West,Office Supplies,Paper,55.48,26.28,4,0
LC-16885,Lena Creighton,West,Office Supplies,Supplies,65.88,18.45,6,0
LC-16885,Lena Creighton,West,Technology,Accessories,99.99,38,1,0
LC-16885,Lena Creighton,West,Technology,Phones,1186.25,109.81,19,0.2
LC-16930,Linda Cazamias,Central,Furniture,Chairs,1330.03,-38,,0.3
LC-16930,Linda Cazamias,Central,Furniture,Furnishings,20.32,6.91,4,0
LC-16930,Linda Cazamias,Central,Technology,Accessories,222.29,66.43,5,0.1
LC-16930,Linda Cazamias,Central,Technology,Phones,147.17,16.56,4,0.2
LC-16930,Linda Cazamias,East,Office Supplies,Art,,4.2,,0
LC-16930,Linda Cazamias,West,Office Supplies,Art,2.91,0.91,,0.2
LC-16930,Linda Cazamias,West,Office Supplies,Binders,32.74,11.05,6,0.2
LC-16930,Linda Cazamias,West,Office Supplies,,30.3,10.25,,0.2
LC-16930,Linda Cazamias,West,Technology,Machines,2396.4,,10,
LC-16930,Linda Cazamias,West,Technology,Phones,302.38,30.24,,0.2
LC-16960,Lindsay Castell,East,Office Supplies,Appliances,26.88,6.72,,0
LC-16960,Lindsay Castell,East,Office Supplies,Binders,10.9,3.81,2,0.2
LC-16960,Lindsay Castell,South,Furniture,Furnishings,61.1,18.33,5,0
LC-16960,Lindsay Castell,South,Office Supplies,Binders,38.62,-29.48,5,0.7
LC-16960,Lindsay Castell,South,Office Supplies,Storage,432.46,32.43,3,0.2
LC-16960,Lindsay Castell,West,Furniture,Chairs,2676.67,267.67,9,0.2
LC-17050,Liz Carlisle,Central,Furniture,Furnishings,,-19.86,5,0.6
LC-17050,Liz Carlisle,East,Office Supplies,Binders,19.24,-13.47,3,0.7
LC-17050,Liz Carlisle,East,Technology,Phones,590.2,-118.04,13,0.4
LC-17050,Liz Carlisle,South,Furniture,Chairs,866.4,,,0
LC-17050,Liz Carlisle,West,Furniture,Bookcases,290.67,3.42,,0.15
LC-17050,Liz Carlisle,West,Furniture,Chairs,243.92,-15.25,5,0.2
LC-17050,Liz Carlisle,West,Office Supplies,,6.56,1.9,2,0
LC-17050,Liz Carlisle,West,Office Supplies,Paper,47.52,22.81,9,0
LC-17140,Logan Currie,Central,Furniture,Chairs,85.25,-6.09,2,0.3
LC-17140,Logan Currie,Central,Furniture,Furnishings,,-26.17,2,0.6
LC-17140,Logan Currie,Central,Office Supplies,Appliances,66.28,,2,0.8
LC-17140,Logan Currie,East,Furniture,Furnishings,95.65,-0.08,,0.13
LC-17140,Logan Currie,East,Office Supplies,Art,25.92,3.89,5,
LC-17140,Logan Currie,East,,Paper,15.55,5.44,3,
LC-17140,Logan Currie,East,Technology,Accessories,1135.7,,15,
LC-17140,Logan Currie,East,Technology,Phones,135.52,,1,
LC-17140,Logan Currie,South,Furniture,Furnishings,859.14,249.15,9,0
LC-17140,Logan Currie,West,Office Supplies,Binders,70.66,24.54,7,0.2
LC-17140,Logan Currie,West,Office Supplies,,,21.93,8,0
LC-17140,Logan Currie,West,Office Supplies,Storage,64.96,2.6,2,0
LD-16855,Lela Donovan,Central,Office Supplies,Art,5.3,0.46,3,0.2
LD-17005,Lisa DeCherney,Central,Technology,Phones,257.98,74.81,2,0
LD-17005,Lisa DeCherney,East,Furniture,Furnishings,117.36,36.38,4,0
LD-17005,Lisa DeCherney,East,Office Supplies,,18.9,8.69,3,0
LD-17005,Lisa DeCherney,East,Office Supplies,Paper,77.52,37.98,2,0
LD-17005,Lisa DeCherney,East,Office Supplies,Storage,1395.54,362.84,9,0
LD-17005,Lisa DeCherney,West,Furniture,Furnishings,37.05,16.3,3,0
LD-17005,Lisa DeCherney,West,,Binders,,20.15,,0.2
LE-16810,Laurel Elliston,Central,Furniture,Chairs,,,,
LE-16810,Laurel Elliston,Central,Office Supplies,Binders,19.05,-33.18,8,0.8
LE-16810,Laurel Elliston,Central,Office Supplies,Supplies,22.34,2.51,3,0.2
LE-16810,Laurel Elliston,East,Office Supplies,Storage,29.9,5.08,5,0
LE-16810,Laurel Elliston,South,Furniture,Chairs,641.96,179.75,2,0
LE-16810,Laurel Elliston,South,Furniture,Furnishings,29.46,9.72,6,0
LE-16810,Laurel Elliston,South,,Accessories,99.98,8,2,0
LE-16810,Laurel Elliston,West,Technology,Phones,444.77,44.48,4,0.2
LF-17185,Luke Foster,Central,Furniture,Furnishings,41.47,-24.45,,0.6
LF-17185,Luke Foster,Central,Office Supplies,Appliances,4.84,,2,0.8
LF-17185,Luke Foster,Central,,Binders,2203.25,-3742.07,17,0.8
LF-17185,Luke Foster,Central,,Accessories,431.14,-26.95,9,0.2
LF-17185,Luke Foster,East,,,,63.93,7,0.1
LF-17185,Luke Foster,East,Office Supplies,Art,7.15,0.72,3,0.2
LF-17185,Luke Foster,East,Office Supplies,Envelopes,29.34,14.67,3,0
LF-17185,Luke Foster,East,,Paper,37.94,18.21,2,0
LF-17185,Luke Foster,East,Office Supplies,Storage,563.4,67.61,4,0
LF-17185,Luke Foster,South,Office Supplies,,9.57,3.47,2,0.2
LF-17185,Luke Foster,West,Furniture,Furnishings,128.9,15.47,2,0
LF-17185,Luke Foster,West,Office Supplies,Paper,60.12,28.86,9,0
LF-17185,Luke Foster,West,Office Supplies,Storage,29.79,8.64,3,0
LH-16750,Larry Hughes,East,Office Supplies,Binders,6.57,-5.04,3,0.7
LH-16750,Larry Hughes,South,Technology,Phones,,17,5,0.2
LH-16750,Larry Hughes,West,,Art,8.9,,4,0.2
LH-16900,Lena Hernandez,Central,,Art,11.68,5.49,2,0
LH-16900,Lena Hernandez,Central,Office Supplies,Paper,143.86,,9,0.2
LH-16900,Lena Hernandez,Central,Technology,Accessories,159.75,11.18,5,0
LH-16900,Lena Hernandez,East,Office Supplies,Binders,26.25,6.31,5,0.45
LH-16900,Lena Hernandez,East,,Accessories,402,62.07,6,0
LH-16900,Lena Hernandez,East,Technology,Phones,21.8,6.1,2,0
LH-16900,Lena Hernandez,South,Furniture,Bookcases,638.82,172.48,9,0
LH-16900,Lena Hernandez,South,Furniture,Furnishings,275.88,46.9,6,0
LH-16900,Lena Hernandez,South,Office Supplies,Binders,157.9,74.21,5,0
LH-16900,Lena Hernandez,South,,Accessories,84.67,15.4,6,0.2
LH-16900,Lena Hernandez,South,Technology,Phones,249.58,,2,0.2
LH-16900,Lena Hernandez,West,Office Supplies,Binders,123.14,46.18,7,0.2
LH-17020,Lisa Hazard,Central,Office Supplies,Binders,51.18,-79.34,4,0.8
LH-17020,Lisa Hazard,East,Technology,Phones,107.98,,3,
LH-17020,Lisa Hazard,West,Furniture,Bookcases,89.99,-152.98,,0.7
LH-17020,Lisa Hazard,West,Furniture,Furnishings,38.29,16.46,7,0
LH-17020,Lisa Hazard,West,Office Supplies,Binders,9.55,-7.32,8,0.7
LH-17020,Lisa Hazard,West,Office Supplies,Envelopes,21.24,7.43,9,0.2
LH-17155,Logan Haushalter,Central,Office Supplies,Appliances,61.93,23.4,1,0.1
LH-17155,Logan Haushalter,Central,Office Supplies,Art,154.24,17.35,4,0.2
LH-17155,Logan Haushalter,Central,,,338.04,-33.8,3,0.2
LH-17155,Logan Haushalter,Central,Technology,Accessories,59.98,25.19,2,0
LH-17155,Logan Haushalter,Central,Technology,Phones,10.9,3.05,1,
LH-17155,Logan Haushalter,East,Furniture,Furnishings,79.38,29.77,1,0.2
LH-17155,Logan Haushalter,West,Furniture,Chairs,435.46,38.1,4,0.2
LH-17155,Logan Haushalter,West,Furniture,Furnishings,34.34,12.97,8,
LH-17155,Logan Haushalter,West,Office Supplies,,11.74,3.82,1,0.2
LH-17155,Logan Haushalter,West,Office Supplies,Envelopes,344.82,165.23,,0
LH-17155,Logan Haushalter,West,,Paper,6.48,3.11,1,0
LH-17155,Logan Haushalter,West,Office Supplies,Storage,8.94,0.63,3,0
LH-17155,Logan Haushalter,West,Technology,,138.26,40.13,6,0
LH-17155,Logan Haushalter,West,Technology,Phones,55.18,-12.41,3,0.2
LL-16840,Lauren Leatherbury,East,Furniture,Furnishings,17.46,5.94,2,0
LL-16840,Lauren Leatherbury,South,Furniture,Bookcases,523.26,125.58,9,0
LL-16840,Lauren Leatherbury,South,Furniture,Furnishings,1196.86,119.69,7,
LL-16840,Lauren Leatherbury,South,Office Supplies,Binders,,,4,0
LL-16840,Lauren Leatherbury,South,Technology,Accessories,,98.14,13,0
LL-16840,Lauren Leatherbury,South,Technology,Phones,598.8,156.56,5,0
LL-16840,Lauren Leatherbury,West,,Art,9.26,3.06,2,0
LL-16840,Lauren Leatherbury,West,Office Supplies,Binders,73.34,27.5,,0.2
LL-16840,Lauren Leatherbury,West,,Labels,7.38,3.47,2,0
LL-16840,Lauren Leatherbury,West,Office Supplies,Paper,19.05,8.76,3,0
LM-17065,Liz MacKendrick,East,Office Supplies,Art,38.34,15.72,9,0
LM-17065,Liz MacKendrick,East,Office Supplies,Binders,15.53,5.82,3,0.2
LM-17065,Liz MacKendrick,East,Office Supplies,,646.78,-145.52,9,0.2
LM-17065,Liz MacKendrick,South,Furniture,Tables,85.98,22.35,1,0
LM-17065,Liz MacKendrick,South,Office Supplies,Storage,306.2,0,5,0
LM-17065,Liz MacKendrick,South,Technology,Accessories,253.95,56.75,5,
LO-17170,Lori Olson,Central,Furniture,Chairs,113.37,-3.24,2,0.3
LO-17170,Lori Olson,Central,,Furnishings,10.93,-3.8,5,0.6
LO-17170,Lori Olson,Central,Office Supplies,Binders,,-2.69,5,0.8
LO-17170,Lori Olson,East,Furniture,Furnishings,247.44,101.45,8,0
LO-17170,Lori Olson,East,Office Supplies,Envelopes,47.98,23.99,2,0
LO-17170,Lori Olson,South,Office Supplies,Paper,29.9,13.45,5,
LO-17170,Lori Olson,South,Office Supplies,Storage,146.73,2.93,,0
LO-17170,Lori Olson,West,Technology,Accessories,46.32,18.06,4,0
LP-17080,Liz Pelletier,West,Furniture,Chairs,451.15,0,3,0.2
LP-17080,Liz Pelletier,West,,Furnishings,88.83,28.48,7,0.07
LP-17080,Liz Pelletier,West,Office Supplies,Binders,,47.78,20,0.2
LP-17080,Liz Pelletier,West,Office Supplies,Labels,,17.67,3,0
LP-17080,Liz Pelletier,West,Office Supplies,Paper,37.44,16.85,6,0
LP-17095,Liz Preis,Central,Furniture,Tables,,,1,0.5
LP-17095,Liz Preis,Central,,,9.34,,2,0.2
LP-17095,Liz Preis,Central,Office Supplies,,375.34,18.77,1,0
LP-17095,Liz Preis,Central,Office Supplies,Supplies,,2.77,,0.2
LP-17095,Liz Preis,Central,Technology,Phones,2003.17,250.4,4,0.2
LP-17095,Liz Preis,East,Furniture,Furnishings,548.96,34.97,5,
LP-17095,Liz Preis,South,Office Supplies,Appliances,72.8,19.66,5,
LP-17095,Liz Preis,South,Office Supplies,Art,71.96,7.2,5,0.2
LP-17095,Liz Preis,South,Office Supplies,Paper,15.55,5.44,3,0.2
LP-17095,Liz Preis,South,Technology,Accessories,89.57,-1.12,4,0.2
LP-17095,Liz Preis,West,Office Supplies,Art,14.88,3.72,2,0
LP-17095,Liz Preis,West,Office Supplies,Binders,54.79,-40.18,6,0.7
LP-17095,Liz Preis,West,,Paper,34.24,,8,0
LP-17095,Liz Preis,West,Office Supplies,Storage,261.74,65.44,2,0
LR-16915,Lena Radford,South,Furniture,Furnishings,335.74,25.18,2,0.2
LR-16915,Lena Radford,South,Office Supplies,Appliances,98.35,9.84,3,0.2
LR-16915,Lena Radford,South,Office Supplies,Binders,6.05,-4.23,7,0.7
LR-16915,Lena Radford,South,Office Supplies,Storage,85.22,,3,0.2
LR-16915,Lena Radford,South,Technology,Machines,649,-272.58,2,0.5
LR-16915,Lena Radford,West,Furniture,Furnishings,422.44,123.02,17,0
LR-16915,Lena Radford,West,Furniture,Tables,568.73,28.44,3,0.2
LR-16915,Lena Radford,West,Office Supplies,Appliances,76.12,22.07,2,0
LR-16915,Lena Radford,West,Office Supplies,Art,18.69,5.23,7,0
LR-16915,Lena Radford,West,Office Supplies,,7.31,2.56,1,0.2
LR-16915,Lena Radford,West,,Storage,138.13,29.56,5,0
LR-16915,Lena Radford,West,Technology,Copiers,1199.98,434.99,3,0.2
LR-16915,Lena Radford,West,Technology,Phones,1537.13,123.94,9,0.2
LR-17035,Lisa Ryan,Central,Furniture,Chairs,,-136.49,5,0.3
LR-17035,Lisa Ryan,Central,Office Supplies,,93.03,-251.19,2,0.8
LR-17035,Lisa Ryan,East,Office Supplies,Binders,14.44,-10.92,4,0.7
LR-17035,Lisa Ryan,East,Office Supplies,Labels,41.4,19.87,4,0
LR-17035,Lisa Ryan,East,Technology,Phones,791.96,-131.99,6,
LR-17035,Lisa Ryan,West,Office Supplies,Binders,83.92,31.47,5,0.2
LR-17035,Lisa Ryan,West,Office Supplies,,20.56,9.66,2,0
LR-17035,Lisa Ryan,West,Office Supplies,Storage,226.56,63.44,6,0
LR-17035,Lisa Ryan,West,Office Supplies,,44.58,12.55,7,0
LR-17035,Lisa Ryan,West,Technology,Phones,107.88,10.79,3,0.2
LS-16945,Linda Southworth,Central,Furniture,Furnishings,332.03,-348.63,9,0.6
LS-16945,Linda Southworth,Central,Office Supplies,Binders,17.71,-28.08,10,0.8
LS-16945,Linda Southworth,Central,Office Supplies,Paper,46.66,16.91,9,0.2
LS-16945,Linda Southworth,East,Office Supplies,Labels,15.94,5.18,4,0.2
LS-16945,Linda Southworth,East,Technology,Accessories,69.98,4.9,2,0
LS-16945,Linda Southworth,West,Furniture,Chairs,1398.36,51.48,6,0.2
LS-16945,Linda Southworth,West,,Binders,1.87,,3,0.7
LS-16945,Linda Southworth,West,Office Supplies,,31.12,14.71,3,0
LS-16945,Linda Southworth,West,Office Supplies,Storage,931.61,-33.8,5,0.2
LS-16975,Lindsay Shagiari,Central,Furniture,Furnishings,22.85,-17.71,3,0.6
LS-16975,Lindsay Shagiari,Central,Office Supplies,Binders,86.97,-65.9,22,0.64
LS-16975,Lindsay Shagiari,Central,Office Supplies,,,6.11,3,0.2
LS-16975,Lindsay Shagiari,Central,Office Supplies,Labels,24.42,,1,
LS-16975,Lindsay Shagiari,Central,Office Supplies,Paper,3.81,1.24,1,0.2
LS-16975,Lindsay Shagiari,Central,Office Supplies,Storage,583.27,15.99,6,0.2
LS-16975,Lindsay Shagiari,Central,Technology,Accessories,,71.43,6,0.2
LS-16975,Lindsay Shagiari,Central,Technology,Phones,,8.5,,
LS-16975,Lindsay Shagiari,East,Furniture,Furnishings,1070.1,280.32,10,
LS-16975,Lindsay Shagiari,East,Furniture,Tables,344.22,-103.27,2,
LS-16975,Lindsay Shagiari,East,Office Supplies,Art,1.64,0.74,1,0
LS-16975,Lindsay Shagiari,West,Furniture,Chairs,81.42,-9.16,2,0.2
LS-16975,Lindsay Shagiari,West,Furniture,Furnishings,238.56,26.24,3,
LS-16975,Lindsay Shagiari,West,Office Supplies,Paper,,40.17,2,
LS-17200,Luke Schmidt,Central,Office Supplies,,155.88,54.56,6,0
LS-17200,Luke Schmidt,Central,Office Supplies,Binders,29.18,-11.54,12,0.53
LS-17200,Luke Schmidt,Central,Office Supplies,Paper,12.22,4.43,2,0.2
LS-17200,Luke Schmidt,East,,Furnishings,84.82,16.28,9,0.2
LS-17200,Luke Schmidt,East,Office Supplies,Fasteners,15.8,2.37,5,0.2
LS-17200,Luke Schmidt,South,Furniture,,605.34,145.28,6,0
LS-17200,Luke Schmidt,West,Office Supplies,Appliances,40.54,11.35,2,
LS-17200,Luke Schmidt,West,Office Supplies,,11.63,4.07,4,0.2
LS-17200,Luke Schmidt,West,Office Supplies,Paper,14.94,7.02,3,0
LS-17200,Luke Schmidt,West,Office Supplies,Storage,39.9,10.37,5,0
LS-17230,Lycoris Saunders,Central,Furniture,Chairs,197.37,-25.38,2,0.3
LS-17230,Lycoris Saunders,Central,Office Supplies,Envelopes,28.75,,3,0.2
LS-17230,Lycoris Saunders,Central,Office Supplies,Paper,27.22,9.87,3,0.2
LS-17230,Lycoris Saunders,East,,Furnishings,76.14,26.65,3,0
LS-17230,Lycoris Saunders,East,Office Supplies,Binders,19.96,9.38,2,0
LS-17230,Lycoris Saunders,West,Office Supplies,Paper,19.44,,3,0
LS-17245,Lynn Smith,Central,Furniture,Furnishings,126.3,40.42,3,0
LS-17245,Lynn Smith,Central,Office Supplies,Paper,173.49,54.21,7,0.2
LS-17245,Lynn Smith,Central,Technology,Accessories,38.04,12.17,2,
LS-17245,Lynn Smith,East,Office Supplies,Binders,30,10.45,7,0.2
LS-17245,Lynn Smith,East,Office Supplies,Labels,104.67,50.36,13,0
LS-17245,Lynn Smith,East,Technology,Phones,279.96,78.39,4,
LS-17245,Lynn Smith,South,Technology,Phones,47.98,4.8,3,0.2
LS-17245,Lynn Smith,West,Office Supplies,Binders,,5.02,3,0.2
LS-17245,Lynn Smith,West,Office Supplies,Paper,13.38,6.15,2,0
LS-17245,Lynn Smith,West,Technology,Accessories,179.97,86.39,3,0
LT-16765,Larry Tron,East,Office Supplies,Paper,74.35,23.23,3,0.2
LT-16765,Larry Tron,West,Office Supplies,Art,53.94,15.64,3,0
LT-16765,Larry Tron,West,Technology,Phones,201.58,,2,0.2
LT-17110,Liz Thompson,Central,Furniture,Tables,557.58,0,5,0.3
LT-17110,Liz Thompson,Central,Office Supplies,Binders,6.45,-9.93,6,0.8
LT-17110,Liz Thompson,Central,Office Supplies,,70.08,24.53,5,0.2
LT-17110,Liz Thompson,East,Office Supplies,Art,70.95,18.45,3,
LT-17110,Liz Thompson,East,Technology,Phones,220.75,-40.47,8,0.4
LT-17110,Liz Thompson,South,Furniture,Furnishings,22.2,9.1,6,0
LT-17110,Liz Thompson,South,,,18.48,6.01,2,0.2
LT-17110,Liz Thompson,South,Technology,Phones,881.93,229.3,7,0
LT-17110,Liz Thompson,West,Furniture,,,-30.15,3,0.15
LT-17110,Liz Thompson,West,Furniture,Chairs,348.93,34.89,2,0.2
LT-17110,Liz Thompson,West,Furniture,Furnishings,96.96,33.94,6,0
LT-17110,Liz Thompson,West,Office Supplies,Binders,129.44,45.3,10,0.2
LW-16825,Laurel Workman,Central,Office Supplies,Art,20.64,2.32,5,0.2
LW-16825,Laurel Workman,East,Office Supplies,Appliances,235.95,77.86,3,0
LW-16825,Laurel Workman,East,Office Supplies,Binders,25.58,8.95,,0.2
LW-16825,Laurel Workman,East,Office Supplies,Paper,39.96,17.98,4,0
LW-16825,Laurel Workman,East,Technology,Phones,464,134.56,5,0
LW-16825,Laurel Workman,South,Office Supplies,Binders,5.18,,6,0.7
LW-16825,Laurel Workman,South,Technology,,575.92,71.99,2,0.2
LW-16825,Laurel Workman,West,Furniture,Chairs,47.97,4.2,2,0.2
LW-16825,Laurel Workman,West,,Furnishings,23.88,10.51,3,0
LW-16825,Laurel Workman,West,Furniture,Tables,35.44,-24.1,1,0.5
LW-16825,Laurel Workman,West,Office Supplies,Appliances,320.88,,,0
LW-16825,Laurel Workman,West,Office Supplies,Paper,26.76,12.31,4,0
LW-16825,Laurel Workman,West,Technology,,145.92,13.52,5,0.2
LW-16825,Laurel Workman,West,Technology,Machines,269.97,-386.96,2,0.7
LW-16990,Lindsay Williams,South,Furniture,,31.98,2,2,0.2
LW-16990,Lindsay Williams,South,,Phones,71.98,25.19,2,0.2
LW-16990,Lindsay Williams,West,Furniture,Chairs,321.57,28.14,2,0.2
LW-16990,Lindsay Williams,West,,Tables,1986.78,,7,
LW-16990,Lindsay Williams,West,Office Supplies,Binders,5.73,,2,0.2
LW-16990,Lindsay Williams,West,,Paper,262.16,123.39,,0
LW-16990,Lindsay Williams,West,Technology,Accessories,366.14,129.81,10,0
LW-16990,Lindsay Williams,West,Technology,Phones,183.96,20.7,,0.2
LW-17125,Liz Willingham,East,Office Supplies,Binders,10.36,5.08,,0
LW-17125,Liz Willingham,South,Furniture,Furnishings,1030.76,146.91,7,0
LW-17125,Liz Willingham,South,Technology,Accessories,89.97,18.89,3,0
LW-17125,Liz Willingham,West,Furniture,,,21.75,3,0
LW-17215,Luke Weiss,Central,Furniture,Furnishings,22.61,-10.17,3,0.6
LW-17215,Luke Weiss,Central,Office Supplies,Binders,57.79,22.13,6,0.4
LW-17215,Luke Weiss,Central,Office Supplies,Fasteners,7.9,2.47,3,0.2
LW-17215,Luke Weiss,Central,Office Supplies,Paper,30.53,9.54,,0.2
LW-17215,Luke Weiss,East,Furniture,Chairs,3785.29,420.59,6,0.1
LW-17215,Luke Weiss,East,Office Supplies,Binders,509.18,168.39,7,0.2
LW-17215,Luke Weiss,East,Office Supplies,Paper,12.96,6.22,2,0
LW-17215,Luke Weiss,East,,Storage,116.82,5.84,3,0
LW-17215,Luke Weiss,East,,Phones,623.93,172.06,7,0
LW-17215,Luke Weiss,West,Office Supplies,Art,41.86,14.23,7,0
LW-17215,Luke Weiss,West,Office Supplies,Labels,11.7,3.95,2,0.2
LW-17215,Luke Weiss,West,,Accessories,199.95,,5,0
MA-17560,Matt Abelman,Central,Furniture,Furnishings,68.78,,13,0.4
MA-17560,Matt Abelman,Central,Office Supplies,Appliances,167.54,37.23,3,0.1
MA-17560,Matt Abelman,Central,Office Supplies,,10.7,3.22,5,
MA-17560,Matt Abelman,Central,Office Supplies,Envelopes,38.34,17.25,3,0
MA-17560,Matt Abelman,Central,Office Supplies,Labels,62.79,29.26,7,0
MA-17560,Matt Abelman,Central,,Paper,,27.99,8,0.07
MA-17560,Matt Abelman,Central,Office Supplies,Storage,14.97,4.19,1,0
MA-17560,Matt Abelman,Central,Technology,Accessories,1.98,0.89,,0
MA-17560,Matt Abelman,Central,Technology,Copiers,549.99,275,1,0
MA-17560,Matt Abelman,Central,Technology,Phones,327.16,,4,
MA-17560,Matt Abelman,East,Furniture,,170.98,32.49,1,0
MA-17560,Matt Abelman,East,Furniture,Furnishings,38.97,4.68,3,0
MA-17560,Matt Abelman,East,Furniture,Tables,446.07,,4,0.3
MA-17560,Matt Abelman,East,Office Supplies,Labels,28.12,10.46,10,0.1
MA-17560,Matt Abelman,East,Office Supplies,Paper,537.74,241.1,33,0.06
MA-17560,Matt Abelman,East,Technology,Accessories,259.98,88.39,2,0
MA-17560,Matt Abelman,East,Technology,Copiers,799.98,250,,0.2
MA-17560,Matt Abelman,West,Office Supplies,Appliances,7.78,2.02,,0
MA-17560,Matt Abelman,West,Office Supplies,Paper,123.92,55.76,,0
MA-17560,Matt Abelman,West,Technology,Phones,575.93,57.59,9,0.2
MA-17995,Michelle Arnett,Central,Office Supplies,Art,39.68,16.27,2,0
MA-17995,Michelle Arnett,Central,Office Supplies,Binders,104.9,50.35,5,0
MA-17995,Michelle Arnett,Central,Office Supplies,Labels,51.75,24.84,5,
MA-17995,Michelle Arnett,East,Furniture,Chairs,191.65,31.94,3,0.1
MA-17995,Michelle Arnett,South,Office Supplies,,,7.13,3,0
MA-17995,Michelle Arnett,South,Office Supplies,Envelopes,,17.47,5,0
MA-17995,Michelle Arnett,South,Office Supplies,Storage,315.2,6.3,4,0
MA-17995,Michelle Arnett,South,Technology,Accessories,22.96,4.36,2,0
MA-17995,Michelle Arnett,West,Furniture,,1603.14,100.2,4,0.2
MA-17995,Michelle Arnett,West,Office Supplies,Appliances,,11.86,4,
MA-17995,Michelle Arnett,West,,Art,8.28,3.48,2,0
MA-17995,Michelle Arnett,West,Office Supplies,Binders,20.23,6.58,,0.2
MB-17305,Maria Bertelson,Central,Furniture,,254.06,-32.66,3,0.3
MB-17305,Maria Bertelson,Central,Office Supplies,Art,67.14,5.88,7,0.2
MB-17305,Maria Bertelson,East,Furniture,,408.01,72.53,2,0.1
MB-17305,Maria Bertelson,East,Office Supplies,Art,17.12,1.93,,0.2
MB-17305,Maria Bertelson,East,Office Supplies,Binders,6.73,-4.49,6,0.7
MB-17305,Maria Bertelson,East,Office Supplies,,15.84,5.54,2,0.2
MB-17305,Maria Bertelson,East,Office Supplies,Labels,24.42,7.94,1,0.2
MB-17305,Maria Bertelson,East,Office Supplies,,21.74,,3,0.2
MB-17305,Maria Bertelson,East,,,74.01,12.19,5,
MB-17305,Maria Bertelson,East,Technology,Accessories,53.04,-4.64,3,0.2
MB-17305,Maria Bertelson,South,Office Supplies,Labels,9.22,3.34,4,0.2
MB-17305,Maria Bertelson,South,Office Supplies,Paper,10.37,3.63,2,0.2
MB-17305,Maria Bertelson,West,Furniture,Furnishings,396.67,114.05,12,
MB-17305,Maria Bertelson,West,Office Supplies,Appliances,76.12,22.07,2,
MB-17305,Maria Bertelson,West,,Fasteners,18.24,9.12,,0
MB-17305,Maria Bertelson,West,Technology,Accessories,95.98,-10.8,3,0.2
MB-18085,Mick Brown,Central,Office Supplies,Envelopes,16.56,7.78,,0
MB-18085,Mick Brown,Central,Technology,,279.95,67.19,5,0
MB-18085,Mick Brown,Central,Technology,Phones,19.14,1.91,,0.2
MB-18085,Mick Brown,East,Furniture,Tables,244.01,-31.37,2,0.3
MB-18085,Mick Brown,East,Office Supplies,Art,19.54,4.88,3,0.2
MB-18085,Mick Brown,South,Office Supplies,Binders,68.54,-52.55,,0.7
MB-18085,Mick Brown,South,,Labels,122.12,39.69,5,0.2
MB-18085,Mick Brown,South,,Phones,,70.56,4,0.2
MB-18085,Mick Brown,West,Furniture,Furnishings,17.31,5.19,3,0
MB-18085,Mick Brown,West,Office Supplies,Binders,13.9,4.52,2,0.2
MC-17275,Marc Crier,East,Furniture,Tables,27.41,,3,0.4
MC-17275,Marc Crier,East,Office Supplies,Storage,,0.28,2,0
MC-17275,Marc Crier,South,Furniture,,,155.25,6,0
MC-17275,Marc Crier,South,Office Supplies,Binders,2.95,-2.06,2,0.7
MC-17275,Marc Crier,South,Office Supplies,Fasteners,55.1,18.6,6,0.2
MC-17275,Marc Crier,West,Furniture,,141.96,39.75,,
MC-17275,Marc Crier,West,Furniture,Chairs,1143.81,136.68,12,0.2
MC-17275,Marc Crier,West,Office Supplies,Art,309.72,93.8,10,0
MC-17275,Marc Crier,West,Office Supplies,Labels,14.73,7.22,3,0
MC-17275,Marc Crier,West,Office Supplies,,12.96,6.22,2,
MC-17275,Marc Crier,West,Office Supplies,Storage,485.88,19.44,6,0
MC-17425,Mark Cousins,Central,Furniture,Furnishings,9.55,,,0.6
MC-17425,Mark Cousins,Central,Technology,Copiers,719.98,135,3,0.2
MC-17425,Mark Cousins,East,Furniture,Furnishings,68.16,27.95,3,0
MC-17425,Mark Cousins,East,Office Supplies,Envelopes,62.24,29.25,8,0
MC-17425,Mark Cousins,South,Office Supplies,Binders,125.43,62.72,8,0
MC-17425,Mark Cousins,South,Office Supplies,Paper,70.98,34.78,7,0
MC-17425,Mark Cousins,South,Technology,Machines,3040,1459.2,8,0
MC-17425,Mark Cousins,West,Furniture,Chairs,230.28,,3,0.2
MC-17425,Mark Cousins,West,Office Supplies,,105.52,,5,0.2
MC-17575,Matt Collins,Central,,Appliances,2.39,-6.34,1,0.8
MC-17575,Matt Collins,Central,Office Supplies,Paper,33.9,15.59,5,
MC-17575,Matt Collins,East,Office Supplies,Binders,5.23,-4.18,3,0.7
MC-17575,Matt Collins,East,Office Supplies,Storage,285.55,,2,0.2
MC-17575,Matt Collins,East,Technology,Phones,269.98,40.5,3,0.4
MC-17575,Matt Collins,South,,Appliances,45.22,,3,0.2
MC-17575,Matt Collins,South,Office Supplies,Binders,28.78,-21.11,6,0.7
MC-17575,Matt Collins,South,Office Supplies,Paper,24.45,8.86,4,0.2
MC-17575,Matt Collins,West,Office Supplies,Labels,9.96,4.58,2,0
MC-17575,Matt Collins,West,Office Supplies,Paper,244.55,,5,0
MC-17575,Matt Collins,West,Office Supplies,Storage,353.88,17.69,6,0
MC-17590,Matt Collister,Central,Furniture,Furnishings,16.43,-9.9,6,0.6
MC-17590,Matt Collister,Central,Furniture,Tables,1218.73,-121.87,5,0.3
MC-17590,Matt Collister,Central,Office Supplies,Fasteners,24.85,11.68,7,0
MC-17590,Matt Collister,Central,Office Supplies,Labels,,2.87,3,
MC-17590,Matt Collister,Central,Office Supplies,Paper,,8.73,5,0.2
MC-17590,Matt Collister,Central,Office Supplies,Storage,66.96,-13.39,5,0.2
MC-17590,Matt Collister,Central,Technology,Accessories,45.46,-3.64,5,0.2
MC-17590,Matt Collister,East,Furniture,Furnishings,40.48,14.57,2,0
MC-17590,Matt Collister,East,Office Supplies,Appliances,162.64,45.54,2,
MC-17590,Matt Collister,East,Office Supplies,Paper,,26.63,1,
MC-17590,Matt Collister,East,Technology,Phones,597,280.59,3,0
MC-17590,Matt Collister,West,Office Supplies,Storage,63.56,3.18,2,0
MC-17590,Matt Collister,West,Technology,Accessories,99.99,44,1,0
MC-17605,Matt Connell,Central,Furniture,Chairs,674.06,-19.26,3,
MC-17605,Matt Connell,Central,Furniture,,34.5,-15.53,2,0.6
MC-17605,Matt Connell,Central,,Tables,210.98,21.1,2,
MC-17605,Matt Connell,Central,,Storage,21.49,1.61,2,0.2
MC-17605,Matt Connell,Central,Technology,Phones,239.98,27,3,0.2
MC-17605,Matt Connell,East,Office Supplies,Art,6.85,0.77,2,
MC-17605,Matt Connell,East,Office Supplies,Storage,8.38,0.73,1,0.2
MC-17605,Matt Connell,South,Furniture,Chairs,207,25.87,3,
MC-17605,Matt Connell,South,Furniture,Furnishings,25.01,6.88,6,0.2
MC-17605,Matt Connell,South,Office Supplies,Binders,33.57,-25.74,5,
MC-17605,Matt Connell,South,Office Supplies,Envelopes,,,3,0.2
MC-17605,Matt Connell,South,Office Supplies,Labels,11.81,3.99,4,0.2
MC-17605,Matt Connell,South,Office Supplies,Storage,26.16,1.96,3,0.2
MC-17605,Matt Connell,South,Technology,Accessories,170.24,53.2,2,0.2
MC-17605,Matt Connell,South,Technology,Phones,,28.35,3,0.2
MC-17605,Matt Connell,West,Office Supplies,Appliances,,11.31,12,0
MC-17605,Matt Connell,West,,Accessories,159.96,51.19,,0
MC-17635,Matthew Clasen,Central,Office Supplies,Binders,182.99,,3,0.8
MC-17635,Matthew Clasen,Central,Office Supplies,Envelopes,64.02,,6,0
MC-17635,Matthew Clasen,Central,Office Supplies,Paper,36.19,15.65,7,0.1
MC-17635,Matthew Clasen,West,Office Supplies,Binders,,17.43,11,0.2
MC-17635,Matthew Clasen,West,Office Supplies,Storage,449.15,8.98,5,0
MC-17635,Matthew Clasen,West,,Accessories,,0.78,1,0
MC-17845,Michael Chen,Central,Furniture,Furnishings,44.46,-17.78,5,0.6
MC-17845,Michael Chen,Central,Office Supplies,Storage,314.09,19.63,3,0.2
MC-17845,Michael Chen,East,,Fasteners,6.03,2.95,3,0
MC-17845,Michael Chen,South,Furniture,,133.38,,6,0
MC-17845,Michael Chen,South,Office Supplies,Labels,14.62,6.87,2,0
MC-17845,Michael Chen,South,Office Supplies,,19.44,9.33,3,0
MC-17845,Michael Chen,South,,Accessories,479.97,163.19,3,0
MC-17845,Michael Chen,West,Furniture,Tables,1669.6,116.87,4,0
MC-17845,Michael Chen,West,Office Supplies,Appliances,400.8,,5,0
MC-17845,Michael Chen,West,Office Supplies,Art,51.43,13.45,3,0
MC-17845,Michael Chen,West,Office Supplies,Binders,671.9,212.99,,0.2
MC-18100,Mick Crebagga,Central,Furniture,,763.28,-21.81,5,0.3
MC-18100,Mick Crebagga,Central,Furniture,Furnishings,69.54,,9,
MC-18100,Mick Crebagga,Central,Office Supplies,,13.12,1.48,5,0.2
MC-18100,Mick Crebagga,Central,Office Supplies,,3.8,-6.08,1,0.8
MC-18100,Mick Crebagga,Central,Office Supplies,Storage,180.02,,1,0.2
MC-18100,Mick Crebagga,Central,Technology,Accessories,40.68,-7.12,3,0.2
MC-18100,Mick Crebagga,Central,Technology,Phones,40.68,-9.15,3,0.2
MC-18100,Mick Crebagga,East,Furniture,Furnishings,7.17,0.99,,0.2
MC-18100,Mick Crebagga,East,Furniture,Tables,51.59,-15.48,1,0.4
MC-18100,Mick Crebagga,East,Office Supplies,Paper,20.74,7.26,,0.2
MC-18100,Mick Crebagga,East,Office Supplies,Storage,,0.54,5,0.1
MC-18100,Mick Crebagga,East,Technology,Accessories,442.4,-55.3,7,0.2
MC-18100,Mick Crebagga,West,Furniture,Furnishings,18.7,7.11,1,
MC-18100,Mick Crebagga,West,Office Supplies,Fasteners,93.36,0.93,12,0
MC-18100,Mick Crebagga,West,Office Supplies,Storage,305.01,76.25,9,0
MC-18100,Mick Crebagga,West,Technology,Phones,139.8,12.23,5,0.2
MC-18130,Mike Caudle,East,Office Supplies,Fasteners,26.18,0.52,,0
MC-18130,Mike Caudle,East,Office Supplies,,7.3,3.43,2,0
MC-18130,Mike Caudle,South,Office Supplies,Paper,,6.22,2,0
MC-18130,Mike Caudle,West,Furniture,Chairs,146.35,-5.49,3,0.2
MC-18130,Mike Caudle,West,Furniture,Tables,902.71,33.85,3,0.2
MC-18130,Mike Caudle,West,Office Supplies,Appliances,7.9,,2,0
MC-18130,Mike Caudle,West,,Art,53.97,15.11,3,0
MC-18130,Mike Caudle,West,Office Supplies,Paper,11.96,5.86,2,0
MC-18130,Mike Caudle,West,,Storage,92.52,24.98,,0
MC-18130,Mike Caudle,West,,,17.76,4.97,2,
MC-18130,Mike Caudle,West,Technology,Phones,302.38,30.24,2,0.2
MD-17350,Maribeth Dona,Central,Furniture,Tables,933.41,-173.35,4,0.3
MD-17350,Maribeth Dona,East,,Chairs,133.24,,4,0.3
MD-17350,Maribeth Dona,East,Furniture,Furnishings,273.57,-34.2,2,0.2
MD-17350,Maribeth Dona,East,,Art,8.26,0.62,4,0.2
MD-17350,Maribeth Dona,East,Office Supplies,,60.93,-46.26,17,0.7
MD-17350,Maribeth Dona,East,Office Supplies,Paper,11.52,3.74,4,0.2
MD-17350,Maribeth Dona,East,Office Supplies,,1080.1,-94.51,6,0.2
MD-17350,Maribeth Dona,East,Technology,Accessories,109.98,10.35,,0.2
MD-17350,Maribeth Dona,South,Office Supplies,Envelopes,105.42,51.66,2,0
MD-17350,Maribeth Dona,West,Office Supplies,Storage,998.82,29.96,9,0
MD-17350,Maribeth Dona,West,Office Supplies,Supplies,51.15,13.3,5,0
MD-17860,Michael Dominguez,Central,Furniture,Furnishings,98.32,-48.78,10,0.6
MD-17860,Michael Dominguez,Central,Office Supplies,Art,16.46,1.44,7,0.2
MD-17860,Michael Dominguez,Central,Office Supplies,Storage,909.12,9.09,8,0
MD-17860,Michael Dominguez,East,,Furnishings,27.46,9.89,2,0
MD-17860,Michael Dominguez,East,Office Supplies,Appliances,125.13,36.29,3,
MD-17860,Michael Dominguez,East,Office Supplies,Art,9.41,,7,
MD-17860,Michael Dominguez,South,Office Supplies,Binders,19.01,-12.67,8,0.7
ME-17320,Maria Etezadi,Central,Furniture,Chairs,844.12,-36.18,6,0.3
ME-17320,Maria Etezadi,Central,Furniture,Furnishings,19.76,8.3,4,0
ME-17320,Maria Etezadi,Central,Office Supplies,Appliances,9.32,-24.71,6,0.8
ME-17320,Maria Etezadi,Central,Office Supplies,Binders,5.79,-9.56,2,0.8
ME-17320,Maria Etezadi,Central,,Paper,45.53,15.93,3,0.2
ME-17320,Maria Etezadi,Central,Technology,Phones,812.74,60.96,8,0.2
ME-17320,Maria Etezadi,South,,Chairs,2573.82,746.41,9,0
ME-17320,Maria Etezadi,South,Furniture,Tables,452.94,67.94,3,0
ME-17320,Maria Etezadi,South,Office Supplies,Art,5.48,1.48,2,0
ME-17320,Maria Etezadi,South,Office Supplies,Binders,701.18,316.44,5,0
ME-17320,Maria Etezadi,South,Office Supplies,,31.12,0.31,4,0
ME-17320,Maria Etezadi,South,Office Supplies,Paper,34.35,16.08,4,0
ME-17320,Maria Etezadi,South,Office Supplies,,59.76,16.73,1,0
ME-17320,Maria Etezadi,South,Technology,Phones,1297.91,323.78,9,0
ME-17320,Maria Etezadi,West,Furniture,Chairs,241.42,,,0.2
ME-17320,Maria Etezadi,West,Technology,Accessories,26.96,3.77,2,0
ME-17320,Maria Etezadi,West,Technology,Phones,3501.53,,12,0.2
ME-17725,Max Engle,Central,Furniture,Bookcases,410,-96.47,3,0.32
ME-17725,Max Engle,Central,Furniture,Tables,307.31,-39.51,3,0.3
ME-17725,Max Engle,Central,Office Supplies,Appliances,21.39,-54.55,2,
ME-17725,Max Engle,Central,Office Supplies,Paper,35.86,13,9,
ME-17725,Max Engle,Central,,Accessories,23.84,3.28,,0.2
ME-17725,Max Engle,East,Office Supplies,Art,155.94,45.22,6,0
ME-17725,Max Engle,South,Furniture,Chairs,701.96,168.47,2,0
ME-17725,Max Engle,South,Office Supplies,Binders,48.81,23.92,3,0
ME-17725,Max Engle,West,,Appliances,122.33,12.23,3,0.2
ME-17725,Max Engle,West,Office Supplies,Art,35.96,10.43,2,0
ME-17725,Max Engle,West,Office Supplies,Binders,33.83,-8.43,6,0.45
ME-17725,Max Engle,West,Office Supplies,,,0.22,3,0
ME-18010,Michelle Ellison,Central,Office Supplies,Paper,5.18,1.81,1,0.2
ME-18010,Michelle Ellison,East,Office Supplies,Storage,51.17,-6.4,2,0.2
ME-18010,Michelle Ellison,West,Furniture,Chairs,801.57,50.1,2,0.2
ME-18010,Michelle Ellison,West,Furniture,Tables,272.85,27.28,1,0.2
ME-18010,Michelle Ellison,West,Office Supplies,Art,99.2,25.79,5,0
ME-18010,Michelle Ellison,West,Office Supplies,Binders,26.98,,4,0.2
MF-17665,Maureen Fritzler,East,Furniture,Furnishings,42.59,13.11,5,0.1
MF-17665,Maureen Fritzler,East,Office Supplies,Appliances,37.68,10.55,2,0
MF-17665,Maureen Fritzler,East,Office Supplies,Binders,5.4,2.59,3,0
MF-17665,Maureen Fritzler,East,Office Supplies,Paper,51.84,24.88,8,0
MF-17665,Maureen Fritzler,South,,Furnishings,50.5,8.21,,0.2
MF-17665,Maureen Fritzler,South,Office Supplies,,197.05,59.11,7,0
MF-17665,Maureen Fritzler,West,Office Supplies,Binders,551.99,-459.99,5,0.7
MF-18250,Monica Federle,Central,Office Supplies,Envelopes,223.89,69.96,7,
MF-18250,Monica Federle,Central,Office Supplies,Paper,15.55,5.64,3,0.2
MF-18250,Monica Federle,Central,Office Supplies,Storage,64.78,-14.58,1,
MF-18250,Monica Federle,East,Furniture,Furnishings,,21.3,,0.1
MF-18250,Monica Federle,East,Office Supplies,Paper,144.12,69.18,3,0
MF-18250,Monica Federle,South,Office Supplies,Envelopes,182.94,85.98,3,0
MF-18250,Monica Federle,South,Office Supplies,Paper,,20.68,2,0
MF-18250,Monica Federle,South,Office Supplies,Storage,430,32.09,8,0
MF-18250,Monica Federle,South,Technology,Phones,494.97,148.49,3,0
MF-18250,Monica Federle,West,Furniture,Furnishings,43.13,,,0
MG-17650,Matthew Grinstein,Central,Furniture,Furnishings,33.48,8.7,4,
MG-17650,Matthew Grinstein,Central,Office Supplies,Appliances,91.6,26.56,5,0
MG-17650,Matthew Grinstein,Central,,Art,13.9,3.61,5,
MG-17650,Matthew Grinstein,Central,,Paper,10.37,3.76,2,0.2
MG-17650,Matthew Grinstein,Central,Office Supplies,,26.86,,2,0
MG-17650,Matthew Grinstein,Central,Office Supplies,Supplies,21.81,5.89,3,0
MG-17650,Matthew Grinstein,Central,Technology,Accessories,791.88,128.68,3,0.2
MG-17650,Matthew Grinstein,Central,Technology,Phones,,211.94,14,0.1
MG-17650,Matthew Grinstein,East,Furniture,Furnishings,7.71,1.74,2,0.2
MG-17650,Matthew Grinstein,East,Office Supplies,Fasteners,4.42,1.6,3,0.2
MG-17650,Matthew Grinstein,East,Technology,Phones,445.44,-81.66,8,0.4
MG-17650,Matthew Grinstein,West,Technology,Phones,1310.34,24.36,6,0.2
MG-17680,Maureen Gastineau,East,Furniture,Chairs,63.69,-15.47,1,0.3
MG-17680,Maureen Gastineau,East,Furniture,Furnishings,115.14,20.35,8,0.2
MG-17680,Maureen Gastineau,East,Furniture,Tables,344.22,-189.32,2,0.4
MG-17680,Maureen Gastineau,East,Office Supplies,Paper,24,,5,0.2
MG-17680,Maureen Gastineau,East,Technology,Accessories,287.96,64.79,5,0.2
MG-17680,Maureen Gastineau,West,Furniture,Bookcases,1497.67,140.96,2,0.15
MG-17680,Maureen Gastineau,West,Technology,,17.52,-3.5,2,0.2
MG-17695,Maureen Gnade,Central,Office Supplies,Appliances,,-393.6,2,0.8
MG-17695,Maureen Gnade,Central,Technology,Accessories,2.38,0.74,3,0.2
MG-17695,Maureen Gnade,East,Office Supplies,Appliances,116.21,13.79,4,0.2
MG-17695,Maureen Gnade,East,,Paper,18.26,6.16,3,0.2
MG-17695,Maureen Gnade,East,Office Supplies,Storage,227.14,-42.59,4,0.2
MG-17695,Maureen Gnade,East,Office Supplies,Supplies,,,7,
MG-17875,Michael Grace,Central,Furniture,Tables,796.42,-525.64,7,0.5
MG-17875,Michael Grace,Central,,Binders,4.43,-6.86,3,0.8
MG-17875,Michael Grace,Central,Office Supplies,Labels,6.94,2.34,3,0.2
MG-17875,Michael Grace,East,Office Supplies,Appliances,207.48,62.24,1,0
MG-17875,Michael Grace,South,Furniture,Furnishings,47.98,,2,0
MG-17875,Michael Grace,South,Office Supplies,Paper,32.4,15.55,5,
MG-17875,Michael Grace,South,Office Supplies,Storage,147.18,-29.44,2,0.2
MG-17890,Michael Granlund,Central,Furniture,Furnishings,8.74,-4.8,3,0.6
MG-17890,Michael Granlund,East,Furniture,Chairs,150.98,43.78,1,0
MG-17890,Michael Granlund,East,Office Supplies,Envelopes,137.25,63.13,9,0
MG-17890,Michael Granlund,East,Office Supplies,Fasteners,,5.41,4,
MG-17890,Michael Granlund,East,Office Supplies,Storage,67.4,17.52,5,0
MG-17890,Michael Granlund,East,Technology,Accessories,49.08,4.91,3,
MG-17890,Michael Granlund,West,Furniture,Bookcases,120.67,21.29,2,0.15
MG-17890,Michael Granlund,West,Furniture,Furnishings,13.59,-0.34,1,
MG-17890,Michael Granlund,West,Office Supplies,Art,16.99,4.93,1,
MG-17890,Michael Granlund,West,Office Supplies,Fasteners,1.81,0.65,,0
MG-17890,Michael Granlund,West,Office Supplies,Supplies,6.21,0.7,2,0.2
MG-17890,Michael Granlund,West,Technology,Accessories,35.36,-3.09,2,0.2
MG-17890,Michael Granlund,West,Technology,Phones,156.79,17.64,1,0.2
MG-18145,Mike Gockenbach,Central,Furniture,Tables,890.84,,3,0.3
MG-18145,Mike Gockenbach,East,Office Supplies,Envelopes,52.51,19.69,6,0.2
MG-18145,Mike Gockenbach,East,Office Supplies,Storage,36.34,-7.27,3,0.2
MG-18145,Mike Gockenbach,East,Office Supplies,Supplies,666.25,-149.91,1,0.2
MG-18145,Mike Gockenbach,South,Furniture,Furnishings,91.03,,3,0.2
MG-18145,Mike Gockenbach,West,,Accessories,1115.91,200.86,9,
MG-18145,Mike Gockenbach,West,Technology,Phones,208.66,,,
MG-18205,Mitch Gastineau,South,Furniture,Furnishings,12.32,1.85,5,0.2
MG-18205,Mitch Gastineau,South,Office Supplies,,4.42,-3.09,3,0.7
MH-17290,Marc Harrigan,East,Furniture,Tables,154.76,-46.43,3,
MH-17290,Marc Harrigan,East,Office Supplies,,12.29,-8.61,1,0.7
MH-17290,Marc Harrigan,East,Office Supplies,,43.28,3.25,1,0.2
MH-17290,Marc Harrigan,East,Technology,Phones,776.85,-181.26,5,0.4
MH-17290,Marc Harrigan,South,Office Supplies,Paper,62.75,21.96,13,0.2
MH-17290,Marc Harrigan,West,Furniture,Bookcases,599.16,35.25,5,0.15
MH-17290,Marc Harrigan,West,Furniture,Furnishings,511.5,132.99,5,0
MH-17290,Marc Harrigan,West,Office Supplies,Appliances,43.1,11.21,5,0
MH-17290,Marc Harrigan,West,Office Supplies,Art,29.8,8.39,10,
MH-17290,Marc Harrigan,West,Office Supplies,Binders,147.92,46.22,,0.2
MH-17290,Marc Harrigan,West,Office Supplies,Labels,,,2,0
MH-17440,Mark Haberlin,Central,,Chairs,241.5,0,4,0.3
MH-17440,Mark Haberlin,East,Office Supplies,Art,,1.02,2,0
MH-17440,Mark Haberlin,East,Office Supplies,Binders,34.25,,3,0.2
MH-17440,Mark Haberlin,South,,Appliances,32.67,,,0
MH-17440,Mark Haberlin,South,Office Supplies,Binders,41.87,20.29,5,0
MH-17440,Mark Haberlin,South,Office Supplies,,28.96,14.03,6,0
MH-17440,Mark Haberlin,West,Office Supplies,Binders,17.25,6.04,2,0.2
MH-17455,Mark Hamilton,Central,Furniture,Chairs,1424.9,356.22,5,0
MH-17455,Mark Hamilton,Central,Office Supplies,Appliances,,38.98,,0
MH-17455,Mark Hamilton,Central,Office Supplies,,,1.2,2,0.2
MH-17455,Mark Hamilton,Central,Office Supplies,Storage,290.34,32.66,2,0.2
MH-17455,Mark Hamilton,East,Furniture,Furnishings,281.86,-2.13,12,
MH-17455,Mark Hamilton,East,Office Supplies,Binders,18.28,6.4,5,0.2
MH-17455,Mark Hamilton,East,Office Supplies,Paper,,23.09,4,0
MH-17455,Mark Hamilton,East,Technology,Phones,39.59,-7.26,1,0.4
MH-17455,Mark Hamilton,South,Office Supplies,Paper,47.95,16.18,3,0.2
MH-17455,Mark Hamilton,West,,Chairs,194.35,19.44,3,0.2
MH-17620,Matt Hagelstein,Central,Office Supplies,Binders,6.82,-11.59,2,0.8
MH-17620,Matt Hagelstein,East,,Paper,30.96,11.22,6,0.2
MH-17620,Matt Hagelstein,West,Furniture,Furnishings,44.46,14.67,2,0
MH-17620,Matt Hagelstein,West,Office Supplies,Binders,9.98,3.62,4,0.2
MH-17620,Matt Hagelstein,West,Office Supplies,Storage,14.98,4.19,1,0
MH-17620,Matt Hagelstein,West,Technology,Phones,1145.6,100.24,4,0.2
MH-17785,Maya Herman,Central,Office Supplies,Paper,9.25,,2,0.2
MH-17785,Maya Herman,East,Furniture,Furnishings,15.24,5.18,3,0
MH-17785,Maya Herman,East,,Art,119.04,35.71,6,0
MH-17785,Maya Herman,East,Office Supplies,Binders,,,6,
MH-17785,Maya Herman,East,Office Supplies,Paper,55.48,26.63,1,0
MH-17785,Maya Herman,East,Office Supplies,Storage,70.95,20.58,3,0
MH-17785,Maya Herman,West,Furniture,Furnishings,137.54,55.02,2,0
MH-17785,Maya Herman,West,Furniture,,,66.57,14,0.1
MH-17785,Maya Herman,West,Office Supplies,,464.02,13.73,5,0.1
MH-18025,Michelle Huthwaite,Central,Office Supplies,Binders,1.79,-3.04,3,0.8
MH-18025,Michelle Huthwaite,East,,Chairs,63.88,10.65,1,0.1
MH-18025,Michelle Huthwaite,South,Furniture,Furnishings,88.92,14.45,5,0.2
MH-18025,Michelle Huthwaite,South,Furniture,Tables,1504.52,,4,0
MH-18025,Michelle Huthwaite,South,Office Supplies,Labels,11.07,5.2,3,0
MH-18025,Michelle Huthwaite,South,Office Supplies,Paper,25.92,12.44,4,0
MH-18025,Michelle Huthwaite,West,Furniture,Bookcases,704.9,,5,0
MH-18025,Michelle Huthwaite,West,Furniture,Chairs,561.57,,2,0.2
MH-18025,Michelle Huthwaite,West,Office Supplies,Fasteners,9.42,,2,0
MH-18025,Michelle Huthwaite,West,Office Supplies,Paper,12.96,6.22,2,0
MH-18115,Mick Hernandez,Central,Furniture,Furnishings,22.61,-10.17,,0.6
MH-18115,Mick Hernandez,Central,Office Supplies,Binders,103.92,49.13,9,0
MH-18115,Mick Hernandez,Central,Office Supplies,Storage,727.3,-172.73,,0.2
MH-18115,Mick Hernandez,Central,Technology,Accessories,1286.35,78.27,12,0.1
MH-18115,Mick Hernandez,Central,Technology,Machines,350.97,152.09,3,0.1
MH-18115,Mick Hernandez,Central,Technology,Phones,164.99,49.5,1,0
MH-18115,Mick Hernandez,East,Furniture,Chairs,458.43,-124.43,,0.3
MH-18115,Mick Hernandez,East,Furniture,Furnishings,50.57,12.02,3,0.2
MH-18115,Mick Hernandez,East,Office Supplies,Art,5.25,0.59,2,0.2
MH-18115,Mick Hernandez,East,Technology,Machines,52.44,24.12,4,0
MH-18115,Mick Hernandez,East,Technology,,1205.6,,6,0.4
MH-18115,Mick Hernandez,South,Furniture,,220.7,-8.28,6,0.2
MH-18115,Mick Hernandez,South,Office Supplies,Binders,34.68,9.88,5,0.35
MH-18115,Mick Hernandez,South,Office Supplies,Fasteners,3.62,1.19,2,0
MH-18115,Mick Hernandez,South,,Paper,725.18,348.09,8,0
MH-18115,Mick Hernandez,South,Technology,,90.48,23.52,2,0
MJ-17740,Max Jones,Central,Office Supplies,Binders,895.92,421.08,4,0
MJ-17740,Max Jones,East,,Art,13.25,3.64,4,0.2
MJ-17740,Max Jones,East,Office Supplies,,,,8,0.2
MJ-17740,Max Jones,East,Office Supplies,Storage,55.92,6.29,5,0.2
MJ-17740,Max Jones,East,Technology,Phones,83.99,-21,2,0.4
MJ-17740,Max Jones,South,Office Supplies,Binders,102.72,-69.76,8,0.7
MJ-17740,Max Jones,South,Technology,Accessories,72.6,-8.17,5,0.2
MJ-17740,Max Jones,West,,Appliances,241.44,72.43,3,0
MJ-17740,Max Jones,West,Office Supplies,Art,45.98,12.87,2,0
MJ-17740,Max Jones,West,Office Supplies,Binders,27.68,9.69,2,0.2
MJ-17740,Max Jones,West,Office Supplies,Paper,,56.55,3,0
MJ-17740,Max Jones,West,Technology,Machines,4476.8,503.64,4,0.2
MK-17905,Michael Kennedy,Central,Furniture,Chairs,392.94,43.22,3,0
MK-17905,Michael Kennedy,Central,Office Supplies,Binders,448.31,-738.82,14,0.8
MK-17905,Michael Kennedy,East,Furniture,Bookcases,1043.92,271.42,4,0
MK-17905,Michael Kennedy,East,,Binders,23.2,10.44,4,0
MK-17905,Michael Kennedy,East,Office Supplies,Storage,104.79,29.34,7,0
MK-17905,Michael Kennedy,East,Office Supplies,,7.36,0.15,,
MK-17905,Michael Kennedy,South,Furniture,Furnishings,30.19,8.3,3,0.2
MK-17905,Michael Kennedy,South,Office Supplies,Art,52.73,4.61,,0.2
MK-17905,Michael Kennedy,South,,Binders,81.35,-61.58,13,0.7
MK-17905,Michael Kennedy,South,Office Supplies,,31.1,10.89,6,0.2
MK-17905,Michael Kennedy,South,Technology,Phones,43.6,4.36,5,0.2
MK-17905,Michael Kennedy,West,Office Supplies,,6.85,0.6,2,0.2
MK-17905,Michael Kennedy,West,Office Supplies,Binders,36.02,11.71,3,0.2
MK-18160,Mike Kennedy,South,Office Supplies,,4.81,-3.69,2,0.7
MK-18160,Mike Kennedy,South,Office Supplies,,41.51,19.65,,0
MK-18160,Mike Kennedy,South,Office Supplies,Storage,588.35,170.28,5,0
MK-18160,Mike Kennedy,South,Technology,Accessories,247.8,-18.58,5,0.2
MK-18160,Mike Kennedy,West,Office Supplies,Art,,,7,0
MK-18160,Mike Kennedy,West,Office Supplies,Paper,92.3,44.71,15,0
MK-18160,Mike Kennedy,West,Office Supplies,,33.87,8.81,3,0
MK-19560,Michael Knudson,East,Furniture,Furnishings,159.84,-83.9,20,0.6
MK-19560,Michael Knudson,East,Office Supplies,Art,65.86,9.76,28,0.2
ML-17395,Marina Lichtenstein,East,Furniture,Chairs,245.98,27.06,2,0
ML-17395,Marina Lichtenstein,East,Office Supplies,Appliances,101.96,27.53,2,0
ML-17395,Marina Lichtenstein,East,Office Supplies,Binders,18.94,9.47,1,0
ML-17395,Marina Lichtenstein,East,Office Supplies,Envelopes,31.68,11.09,4,0.2
ML-17395,Marina Lichtenstein,East,Office Supplies,Paper,259.74,124.68,13,0
ML-17395,Marina Lichtenstein,East,,Accessories,255.42,104.72,9,0
ML-17395,Marina Lichtenstein,East,Technology,Phones,32.7,,5,0.4
ML-17395,Marina Lichtenstein,South,Office Supplies,Binders,12.07,-8.74,7,0.7
ML-17395,Marina Lichtenstein,South,Office Supplies,Paper,10.48,3.8,1,0.2
ML-17395,Marina Lichtenstein,West,Furniture,Bookcases,290.67,27.36,2,0.15
ML-17395,Marina Lichtenstein,West,Furniture,Furnishings,21.12,6.55,4,0
ML-17395,Marina Lichtenstein,West,Office Supplies,Appliances,81.96,22.95,2,0
ML-17395,Marina Lichtenstein,West,Office Supplies,Supplies,238.62,,2,0
ML-17395,Marina Lichtenstein,West,Technology,Accessories,835.94,278.58,,0
ML-17395,Marina Lichtenstein,West,Technology,Phones,285.57,51.65,4,0.2
ML-17410,Maris LaWare,Central,Furniture,Furnishings,6.24,2.62,3,
ML-17410,Maris LaWare,Central,Office Supplies,Appliances,465.16,120.94,2,0
ML-17410,Maris LaWare,Central,Office Supplies,Binders,43.41,19.97,1,0
ML-17410,Maris LaWare,Central,Office Supplies,Labels,11.52,4.18,5,
ML-17410,Maris LaWare,Central,Office Supplies,Paper,7.98,,1,0
ML-17410,Maris LaWare,East,Furniture,Chairs,,-30.93,2,0.3
ML-17410,Maris LaWare,East,,Binders,,21.02,10,0
ML-17410,Maris LaWare,East,Office Supplies,Paper,47.95,16.18,3,0.2
ML-17410,Maris LaWare,East,Technology,Phones,832.93,233.22,7,0
ML-17410,Maris LaWare,West,Furniture,Chairs,473.54,-32.8,5,0.2
ML-17410,Maris LaWare,West,Furniture,Tables,801.6,-448.9,5,0.5
ML-17410,Maris LaWare,West,,Binders,7.66,-6.12,4,0.7
ML-17410,Maris LaWare,West,Office Supplies,Paper,16.1,5.23,2,0.2
ML-17410,Maris LaWare,West,Technology,Accessories,,15.22,1,0
ML-17755,Max Ludwig,Central,Office Supplies,,6.41,0.64,3,0.2
ML-17755,Max Ludwig,Central,Office Supplies,Paper,106.32,49.97,3,0
ML-17755,Max Ludwig,Central,Technology,Accessories,408.74,76.64,7,0.2
ML-17755,Max Ludwig,East,,Appliances,,82.99,4,0.2
ML-17755,Max Ludwig,East,,Paper,10.37,3.63,,0.2
ML-17755,Max Ludwig,South,Furniture,Furnishings,109.8,46.12,9,
ML-17755,Max Ludwig,South,Office Supplies,Labels,13.95,6.71,3,0
ML-17755,Max Ludwig,South,,Supplies,35.06,10.52,2,0
ML-17755,Max Ludwig,West,Furniture,Furnishings,,107.04,9,0
ML-17755,Max Ludwig,West,Office Supplies,Art,5.34,0.73,2,0.2
ML-17755,Max Ludwig,West,Office Supplies,Fasteners,11.3,-2.12,3,0.2
ML-17755,Max Ludwig,West,Office Supplies,Labels,71.04,26.64,6,0.2
ML-18040,Michelle Lonsdale,Central,Furniture,Furnishings,60.84,23.12,3,0
ML-18040,Michelle Lonsdale,Central,Office Supplies,Binders,6.37,-9.56,7,0.8
ML-18040,Michelle Lonsdale,West,Office Supplies,,79.87,29.95,3,0.2
ML-18040,Michelle Lonsdale,West,Technology,Accessories,595,,5,0
ML-18265,Muhammed Lee,South,Office Supplies,Art,10.27,1.16,3,0.2
ML-18265,Muhammed Lee,West,Technology,Accessories,151.96,,4,0
MM-17260,Magdelene Morse,East,Furniture,Chairs,631.78,140.4,2,0.1
MM-17260,Magdelene Morse,East,,Furnishings,208.29,22.42,5,0.1
MM-17260,Magdelene Morse,East,Furniture,,310.44,-48.78,3,0.3
MM-17260,Magdelene Morse,East,Office Supplies,Binders,26.55,13.01,,0
MM-17260,Magdelene Morse,West,Office Supplies,Binders,,51.36,4,0.2
MM-17920,Michael Moore,Central,Furniture,Chairs,29.98,8.09,1,0
MM-17920,Michael Moore,Central,Furniture,Tables,581.96,104.75,2,0
MM-17920,Michael Moore,Central,Office Supplies,Appliances,29.31,-74.75,,
MM-17920,Michael Moore,Central,Office Supplies,Paper,28.67,10.39,,0.2
MM-17920,Michael Moore,Central,Technology,Accessories,153.82,38.46,11,0.2
MM-17920,Michael Moore,East,,Tables,1018.1,-373.3,4,0.4
MM-17920,Michael Moore,East,Office Supplies,Art,35.01,9.16,10,0
MM-17920,Michael Moore,East,Office Supplies,Binders,3.44,-2.52,2,0.7
MM-17920,Michael Moore,East,Office Supplies,Paper,37.41,13.09,7,0.2
MM-17920,Michael Moore,East,Technology,Accessories,,-1.43,4,0.2
MM-17920,Michael Moore,South,Furniture,Tables,1652.94,314.06,3,0
MM-17920,Michael Moore,South,Office Supplies,Labels,25.06,11.78,2,0
MM-17920,Michael Moore,South,Office Supplies,Paper,,6.41,,0
MM-17920,Michael Moore,West,Office Supplies,Binders,36.67,11.46,,0.2
MM-17920,Michael Moore,West,Office Supplies,,129.3,6.46,2,0
MM-18055,Michelle Moray,Central,Furniture,Chairs,359.77,,2,0.3
MM-18055,Michelle Moray,Central,Furniture,Tables,765.62,-566.56,7,0.5
MM-18055,Michelle Moray,Central,Office Supplies,Art,,3.18,3,0.2
MM-18055,Michelle Moray,Central,Office Supplies,Storage,102.62,7.7,3,0.2
MM-18055,Michelle Moray,East,Furniture,Chairs,664.15,88.55,6,0.1
MM-18055,Michelle Moray,East,Office Supplies,Art,6.56,1.9,2,0
MM-18055,Michelle Moray,East,Office Supplies,,7.83,,3,0
MM-18055,Michelle Moray,East,Office Supplies,,33.92,15.62,6,0
MM-18055,Michelle Moray,East,Technology,Accessories,41.9,8.8,2,0
MM-18055,Michelle Moray,West,Furniture,Bookcases,145.76,-247.8,6,0.7
MM-18055,Michelle Moray,West,Office Supplies,,81.08,22.7,4,0
MM-18055,Michelle Moray,West,Office Supplies,,117.16,22.15,14,0.45
MM-18055,Michelle Moray,West,Office Supplies,Storage,,24.38,7,0
MM-18055,Michelle Moray,West,,Accessories,217.44,91.32,6,0
MM-18055,Michelle Moray,West,Technology,Phones,105.58,9.24,2,0.2
MM-18280,Muhammed MacIntyre,Central,,Paper,131.5,42.71,,0.2
MM-18280,Muhammed MacIntyre,Central,Office Supplies,Supplies,22.37,1.68,2,0.2
MM-18280,Muhammed MacIntyre,Central,Technology,Accessories,207.98,36.4,2,0.2
MM-18280,Muhammed MacIntyre,East,Furniture,Furnishings,9.82,,2,0
MM-18280,Muhammed MacIntyre,East,Office Supplies,Fasteners,14.13,0.71,3,0
MM-18280,Muhammed MacIntyre,East,Office Supplies,Paper,60.43,,4,0
MM-18280,Muhammed MacIntyre,South,,Binders,70.95,-49.71,3,
MM-18280,Muhammed MacIntyre,West,Furniture,,196.78,-22.14,2,0.2
MM-18280,Muhammed MacIntyre,West,Office Supplies,Appliances,61.44,16.59,3,0
MN-17935,Michael Nguyen,Central,Office Supplies,,7.96,-13.93,2,0.8
MN-17935,Michael Nguyen,Central,,Binders,1.08,-1.73,3,0.8
MN-17935,Michael Nguyen,Central,Office Supplies,Paper,10.37,3.63,,0.2
MN-17935,Michael Nguyen,Central,,Phones,575.97,43.2,4,0.2
MN-17935,Michael Nguyen,East,,,135.3,37.88,5,0
MN-17935,Michael Nguyen,East,Office Supplies,Paper,38.35,16.85,8,0.1
MN-17935,Michael Nguyen,East,Technology,Phones,979.95,264.59,5,
MN-17935,Michael Nguyen,South,Office Supplies,Paper,8.9,3.34,3,0.2
MN-17935,Michael Nguyen,South,Office Supplies,Storage,720.06,-63.01,4,0.2
MO-17500,Mary O'Rourke,Central,,Tables,91.28,-67.54,1,0.5
MO-17500,Mary O'Rourke,Central,Office Supplies,Envelopes,59.75,,7,0.2
MO-17500,Mary O'Rourke,East,Furniture,Bookcases,722.35,90.29,3,
MO-17500,Mary O'Rourke,East,,Binders,17.25,6.04,,0.2
MO-17500,Mary O'Rourke,East,Technology,Accessories,31.86,11.15,2,
MO-17800,Meg O'Connel,Central,Furniture,Furnishings,23.98,-14.39,3,0.6
MO-17800,Meg O'Connel,Central,Furniture,Tables,315.89,-104.41,3,0.4
MO-17800,Meg O'Connel,Central,Office Supplies,Paper,36.35,11.36,8,0.2
MO-17800,Meg O'Connel,East,Furniture,Furnishings,289.91,12.09,10,0.1
MO-17800,Meg O'Connel,East,Technology,Phones,22,5.5,4,0
MO-17800,Meg O'Connel,South,Furniture,Chairs,723.92,188.22,4,0
MO-17800,Meg O'Connel,South,Office Supplies,Paper,106.32,49.97,3,0
MO-17800,Meg O'Connel,West,Office Supplies,Paper,32.4,,5,0
MO-17800,Meg O'Connel,West,Office Supplies,Storage,136.26,5.45,9,0
MO-17950,Michael Oakman,Central,Office Supplies,Appliances,32.19,-80.48,2,0.8
MO-17950,Michael Oakman,Central,Technology,Accessories,98.1,1.17,10,
MO-17950,Michael Oakman,South,Technology,,24,-2.7,2,0.2
MP-17470,Mark Packer,Central,Furniture,Chairs,607.2,72.49,12,
MP-17470,Mark Packer,Central,Office Supplies,,,113.31,5,0.2
MP-17470,Mark Packer,Central,Technology,Phones,251.94,88.18,7,
MP-17470,Mark Packer,East,Furniture,Bookcases,1525.49,,7,0.2
MP-17470,Mark Packer,East,Furniture,Furnishings,,8.94,14,
MP-17470,Mark Packer,East,Office Supplies,Art,19.9,6.57,5,0
MP-17470,Mark Packer,East,Office Supplies,Binders,10.75,,4,0.2
MP-17470,Mark Packer,East,Office Supplies,,68.06,30.76,10,0.1
MP-17470,Mark Packer,East,Technology,Phones,71.76,20.09,,0
MP-17470,Mark Packer,South,Office Supplies,Art,140.75,42.22,5,0
MP-17470,Mark Packer,South,Office Supplies,Binders,119.56,55,2,
MP-17965,Michael Paige,Central,Furniture,Chairs,56.69,-20.25,1,0.3
MP-17965,Michael Paige,Central,,Tables,1652.94,231.41,,0
MP-17965,Michael Paige,Central,Office Supplies,Art,82.22,7.39,6,0.2
MP-17965,Michael Paige,Central,Office Supplies,Binders,5.79,-9.19,3,0.8
MP-17965,Michael Paige,Central,Office Supplies,,15.55,5.44,3,0.2
MP-17965,Michael Paige,Central,Office Supplies,Storage,296.37,80.02,3,0
MP-17965,Michael Paige,Central,Technology,Accessories,41.42,,2,0.2
MP-17965,Michael Paige,Central,Technology,Phones,342.74,30.6,6,
MP-17965,Michael Paige,East,Furniture,Furnishings,198.5,23.11,9,
MP-17965,Michael Paige,East,Office Supplies,Binders,26.9,13.18,5,0
MP-17965,Michael Paige,East,Office Supplies,Storage,105.94,28.42,10,0.07
MP-17965,Michael Paige,East,Technology,Accessories,252,93.24,4,0
MP-17965,Michael Paige,East,Technology,Phones,848.95,198.91,7,0.2
MP-17965,Michael Paige,South,Furniture,Bookcases,,,5,0.2
MP-17965,Michael Paige,South,Office Supplies,Binders,40.9,-29.9,7,0.7
MP-18175,Mike Pelletier,Central,Furniture,Furnishings,185.58,76.09,,0
MP-18175,Mike Pelletier,Central,Furniture,Tables,867.66,147.5,6,0
MP-18175,Mike Pelletier,Central,Office Supplies,Art,3.54,0.31,2,
MP-18175,Mike Pelletier,Central,Office Supplies,Paper,179.82,84.52,9,0
MP-18175,Mike Pelletier,Central,Technology,Accessories,999.96,229.99,4,0
MP-18175,Mike Pelletier,East,Furniture,Bookcases,,-37.94,3,0.2
MP-18175,Mike Pelletier,East,Furniture,Tables,330.59,-143.25,1,0.4
MP-18175,Mike Pelletier,East,Office Supplies,Binders,14.83,-10.38,,0.7
MP-18175,Mike Pelletier,East,Office Supplies,Storage,1117.92,55.9,4,0
MP-18175,Mike Pelletier,West,Furniture,Bookcases,203.98,16.8,2,0.15
MP-18175,Mike Pelletier,West,Furniture,Furnishings,26.25,11.03,3,0
MP-18175,Mike Pelletier,West,Furniture,Tables,564.19,-304.67,3,0.5
MP-18175,Mike Pelletier,West,Office Supplies,Appliances,87.17,8.72,2,0.2
MP-18175,Mike Pelletier,West,Office Supplies,Binders,124.82,43.44,23,0.2
MP-18175,Mike Pelletier,West,Office Supplies,Envelopes,43.7,20.54,5,0
MP-18175,Mike Pelletier,West,Office Supplies,Paper,61.96,27.88,2,0
MR-17545,Mathew Reese,Central,Office Supplies,Binders,7.68,-11.52,5,0.8
MR-17545,Mathew Reese,East,Furniture,Furnishings,129.92,21.11,5,0.2
MR-17545,Mathew Reese,East,Office Supplies,,37.01,11.56,6,0.2
MR-17545,Mathew Reese,East,Office Supplies,,63.84,16.6,8,0
MR-17545,Mathew Reese,East,Technology,Phones,347.97,100.91,3,0
MR-17545,Mathew Reese,West,Office Supplies,Paper,,24.27,2,0
MS-17365,Maribeth Schnelling,Central,Furniture,Furnishings,4.71,-1.88,2,0.6
MS-17365,Maribeth Schnelling,Central,Office Supplies,,426.86,-401.7,11,0.4
MS-17365,Maribeth Schnelling,Central,Office Supplies,Binders,23.6,-10.99,5,0.4
MS-17365,Maribeth Schnelling,Central,,Labels,103.6,51.8,,0
MS-17365,Maribeth Schnelling,Central,Office Supplies,Storage,119.63,21.8,7,0.07
MS-17365,Maribeth Schnelling,East,,,384.17,29.88,7,0.1
MS-17365,Maribeth Schnelling,East,Office Supplies,Envelopes,17.94,8.79,3,0
MS-17365,Maribeth Schnelling,East,Technology,Phones,1890.23,563.45,7,0
MS-17365,Maribeth Schnelling,South,Office Supplies,Labels,4.61,1.67,2,0.2
MS-17365,Maribeth Schnelling,West,Furniture,Bookcases,3406.66,160.31,8,0.15
MS-17365,Maribeth Schnelling,West,Furniture,Furnishings,603.09,299.43,8,0.1
MS-17365,Maribeth Schnelling,West,Office Supplies,Appliances,64.96,19.49,2,0
MS-17365,Maribeth Schnelling,West,,Art,37.17,10.41,,0
MS-17365,Maribeth Schnelling,West,Office Supplies,Binders,,41.39,16,0.2
MS-17365,Maribeth Schnelling,West,,Labels,5.78,2.72,2,0
MS-17365,Maribeth Schnelling,West,Office Supplies,,,37.18,7,0.2
MS-17365,Maribeth Schnelling,West,Technology,Phones,111.98,11.2,2,0.2
MS-17530,MaryBeth Skach,East,Office Supplies,Binders,11.81,-8.66,8,0.7
MS-17530,MaryBeth Skach,East,Technology,Phones,9.59,-2.08,2,0.4
MS-17530,MaryBeth Skach,South,Furniture,Tables,301.96,,2,0
MS-17530,MaryBeth Skach,West,Furniture,Furnishings,,44.01,5,0
MS-17530,MaryBeth Skach,West,Office Supplies,Art,8.34,2.25,3,0
MS-17530,MaryBeth Skach,West,Office Supplies,Paper,6.68,3.21,1,
MS-17710,Maurice Satty,Central,Furniture,Chairs,388.43,-88.78,,0.3
MS-17710,Maurice Satty,Central,Furniture,Furnishings,5.47,2.35,1,0
MS-17710,Maurice Satty,Central,Office Supplies,Art,79.36,23.81,4,0
MS-17710,Maurice Satty,Central,Office Supplies,Paper,,8.83,5,
MS-17710,Maurice Satty,Central,Technology,Accessories,63.99,,1,0.2
MS-17710,Maurice Satty,East,Office Supplies,Labels,6.91,2.51,3,0.2
MS-17710,Maurice Satty,East,Office Supplies,Storage,435.5,48.99,3,0.2
MS-17710,Maurice Satty,East,Technology,Phones,26.98,4.05,3,0.4
MS-17710,Maurice Satty,South,Office Supplies,Envelopes,7.38,3.39,2,0
MS-17710,Maurice Satty,South,Office Supplies,Labels,491.55,240.86,5,0
MS-17710,Maurice Satty,West,Furniture,,40.48,14.57,2,0
MS-17710,Maurice Satty,West,Office Supplies,Binders,10.64,,12,0.7
MS-17710,Maurice Satty,West,Technology,Accessories,31.98,2,2,0.2
MS-17770,Maxwell Schwartz,Central,,Accessories,,48.99,7,0.2
MS-17770,Maxwell Schwartz,East,,Binders,82.87,-56.8,6,
MS-17770,Maxwell Schwartz,East,Office Supplies,Fasteners,3.76,1.32,2,0
MS-17770,Maxwell Schwartz,East,Office Supplies,Paper,69.92,33.32,,0
MS-17770,Maxwell Schwartz,East,Office Supplies,Storage,535.41,160.62,3,0
MS-17770,Maxwell Schwartz,East,Office Supplies,Supplies,295.53,-63.28,5,0.2
MS-17770,Maxwell Schwartz,East,Technology,Phones,45.99,13.34,,0
MS-17770,Maxwell Schwartz,South,Office Supplies,Binders,15.6,7.64,5,0
MS-17770,Maxwell Schwartz,South,Office Supplies,Paper,21.84,10.92,3,0
MS-17770,Maxwell Schwartz,West,Furniture,Chairs,,-39.95,,0.2
MS-17770,Maxwell Schwartz,West,,Appliances,43.1,11.21,5,0
MS-17770,Maxwell Schwartz,West,Office Supplies,Envelopes,135.9,63.87,5,0
MS-17770,Maxwell Schwartz,West,Office Supplies,Paper,34.68,16.99,6,0
MS-17770,Maxwell Schwartz,West,Office Supplies,Storage,,9.7,3,0
MS-17770,Maxwell Schwartz,West,Office Supplies,Supplies,15.88,0.16,4,
MS-17770,Maxwell Schwartz,West,Technology,Machines,837.6,62.82,3,
MS-17830,Melanie Seite,Central,Office Supplies,,9.34,1.17,2,0.2
MS-17830,Melanie Seite,Central,Technology,,31.2,9.75,3,0.2
MS-17830,Melanie Seite,East,Furniture,Tables,239.37,-23.94,2,0.3
MS-17830,Melanie Seite,East,Office Supplies,Binders,10.51,3.68,3,0.2
MS-17830,Melanie Seite,West,Furniture,Furnishings,79.92,28.77,4,0
MS-17980,Michael Stewart,Central,,Fasteners,21.31,7.19,6,0.2
MS-17980,Michael Stewart,Central,Office Supplies,Paper,139.1,59.34,15,0.13
MS-17980,Michael Stewart,Central,Technology,Accessories,20.8,6.5,2,0.2
MS-17980,Michael Stewart,East,Furniture,Chairs,239.96,-10.28,10,0.3
MS-17980,Michael Stewart,East,Furniture,Furnishings,54.77,6.85,2,0.2
MS-17980,Michael Stewart,East,Office Supplies,Art,13.39,3.18,3,0.2
MS-17980,Michael Stewart,East,Office Supplies,,23.92,8.67,5,0.2
MS-17980,Michael Stewart,East,Technology,,255.97,-28.8,4,0.2
MS-17980,Michael Stewart,East,Technology,Phones,,2.58,2,
MT-17815,Meg Tillman,Central,Office Supplies,Paper,34.05,11.03,6,0.2
MT-17815,Meg Tillman,East,Office Supplies,Storage,35.48,0,1,0
MT-17815,Meg Tillman,East,Technology,Phones,299.9,74.97,2,0
MT-17815,Meg Tillman,South,Furniture,Tables,2430.08,388.81,8,0
MT-17815,Meg Tillman,South,Office Supplies,Paper,65.5,32.1,5,0
MT-17815,Meg Tillman,South,Office Supplies,Storage,7.89,0.32,1,
MT-17815,Meg Tillman,West,,Binders,4.4,-3.52,3,0.7
MT-17815,Meg Tillman,West,Office Supplies,Envelopes,,2.48,3,0.2
MT-17815,Meg Tillman,West,Office Supplies,Labels,5.76,2.82,2,0
MT-18070,Michelle Tran,Central,Furniture,Bookcases,300.53,-97.23,2,0.32
MT-18070,Michelle Tran,Central,Office Supplies,Binders,125.74,44.29,15,0.4
MT-18070,Michelle Tran,Central,Office Supplies,Envelopes,3.26,1.1,,0.2
MT-18070,Michelle Tran,Central,Office Supplies,,66.19,26.11,13,
MT-18070,Michelle Tran,West,Furniture,Bookcases,514.16,-30.24,5,0.15
MT-18070,Michelle Tran,West,Office Supplies,Labels,29.6,14.8,2,
MT-18070,Michelle Tran,West,Technology,Phones,279.96,17.5,5,0.2
MV-17485,Mark Van Huff,Central,Furniture,Furnishings,88.98,-35,11,0.6
MV-17485,Mark Van Huff,Central,Office Supplies,Binders,0.98,-1.48,,0.8
MV-17485,Mark Van Huff,Central,Office Supplies,Labels,4.61,1.67,2,0.2
MV-17485,Mark Van Huff,Central,Office Supplies,Paper,47.95,16.18,3,0.2
MV-17485,Mark Van Huff,East,Furniture,Chairs,271.76,60.39,2,0.1
MV-17485,Mark Van Huff,East,Office Supplies,,192.16,92.24,4,0
MV-17485,Mark Van Huff,South,,Bookcases,,79.19,3,0
MV-17485,Mark Van Huff,West,Furniture,Furnishings,19.3,5.79,2,0
MV-17485,Mark Van Huff,West,Office Supplies,Binders,37.76,-9.66,5,0.45
MV-17485,Mark Van Huff,West,Office Supplies,Paper,37,17.94,5,0
MV-17485,Mark Van Huff,West,Office Supplies,Storage,499.57,-38.24,13,0.1
MV-18190,Mike Vittorini,Central,Office Supplies,Paper,10.56,4.75,2,
MV-18190,Mike Vittorini,Central,Office Supplies,Storage,229.94,6.9,2,0
MV-18190,Mike Vittorini,Central,Technology,Phones,31.92,2.39,2,0.2
MV-18190,Mike Vittorini,East,Office Supplies,Binders,23.36,7.88,4,0.2
MV-18190,Mike Vittorini,East,Office Supplies,Paper,12.96,6.35,2,0
MV-18190,Mike Vittorini,East,Technology,Accessories,39.98,13.59,,0
MV-18190,Mike Vittorini,South,Technology,Phones,863.93,86.39,,0.2
MV-18190,Mike Vittorini,West,Furniture,,239.67,14.1,,0.15
MV-18190,Mike Vittorini,West,Office Supplies,Binders,39.92,12.97,2,0.2
MV-18190,Mike Vittorini,West,Office Supplies,Labels,22.5,10.8,6,0
MV-18190,Mike Vittorini,West,Office Supplies,Paper,219.84,107.72,4,0
MW-18220,Mitch Webber,Central,Office Supplies,Storage,221.16,57.5,4,0
MW-18220,Mitch Webber,Central,Technology,Phones,281.97,78.95,3,0
MW-18220,Mitch Webber,East,Furniture,Bookcases,801.57,,2,0.2
MW-18220,Mitch Webber,East,Furniture,Chairs,631.78,140.4,2,0.1
MW-18220,Mitch Webber,East,Office Supplies,Appliances,30.98,8.05,1,0
MW-18220,Mitch Webber,East,,Labels,75.18,35.33,6,0
MW-18220,Mitch Webber,East,,Storage,38.98,-2.44,3,0.2
MW-18220,Mitch Webber,East,,Accessories,241.04,27.61,,0.13
MW-18220,Mitch Webber,East,Technology,Phones,1979.86,,14,0
MW-18220,Mitch Webber,West,Office Supplies,Storage,31.44,8.49,3,
MW-18220,Mitch Webber,West,Technology,Phones,,,7,0.2
MW-18235,Mitch Willingham,South,Office Supplies,Binders,2715.93,1276.49,7,0
MW-18235,Mitch Willingham,South,Technology,Phones,617.97,173.03,,0
MW-18235,Mitch Willingham,West,Technology,Machines,1919.98,216,3,0.2
MY-17380,Maribeth Yedwab,Central,Office Supplies,Paper,73.68,24.21,5,0.2
MY-17380,Maribeth Yedwab,East,Furniture,Furnishings,547.3,175.14,,0
MY-17380,Maribeth Yedwab,South,Office Supplies,Binders,11.67,-7.78,3,0.7
MY-17380,Maribeth Yedwab,South,Office Supplies,Envelopes,64.85,24.32,7,0.2
MY-17380,Maribeth Yedwab,West,Furniture,Chairs,801.57,50.1,2,0.2
MY-17380,Maribeth Yedwab,West,Office Supplies,Binders,39.95,-28.94,7,0.7
MY-17380,Maribeth Yedwab,West,Office Supplies,,5.76,2.65,2,0
MY-17380,Maribeth Yedwab,West,Office Supplies,Paper,32.79,11.89,1,0.2
MY-17380,Maribeth Yedwab,West,Technology,Accessories,479.94,52.79,6,0
MY-17380,Maribeth Yedwab,West,Technology,Phones,196.78,14.76,3,0.2
MY-18295,Muhammed Yedwab,Central,Furniture,Bookcases,781.86,-137.98,10,0.32
MY-18295,Muhammed Yedwab,Central,,Chairs,528.43,-143.43,5,0.3
MY-18295,Muhammed Yedwab,Central,Office Supplies,Art,33.49,5.86,7,0.2
MY-18295,Muhammed Yedwab,Central,Office Supplies,Binders,22.39,,7,0.8
MY-18295,Muhammed Yedwab,Central,Office Supplies,Fasteners,8.04,,5,0.2
MY-18295,Muhammed Yedwab,Central,Office Supplies,Paper,39.72,,12,0.2
MY-18295,Muhammed Yedwab,Central,Technology,Accessories,100.8,21.42,2,0.2
MY-18295,Muhammed Yedwab,Central,Technology,Phones,12.99,0.26,1,0
MY-18295,Muhammed Yedwab,East,Furniture,Chairs,611.06,-34.92,3,0.3
MY-18295,Muhammed Yedwab,East,Office Supplies,Art,5.34,1.5,2,0
MY-18295,Muhammed Yedwab,East,Office Supplies,,40.38,3.89,11,0.35
MY-18295,Muhammed Yedwab,East,Office Supplies,Labels,3.15,1.51,1,
MY-18295,Muhammed Yedwab,East,Office Supplies,Storage,497.61,,9,0
MY-18295,Muhammed Yedwab,East,Technology,Phones,1049.97,-209.99,5,0.4
MY-18295,Muhammed Yedwab,South,Office Supplies,Paper,14.35,4.48,3,
MY-18295,Muhammed Yedwab,South,,Phones,15.98,1.4,2,
MY-18295,Muhammed Yedwab,West,Furniture,Chairs,387.14,4.84,4,0.2
MZ-17335,Maria Zettner,West,Furniture,Furnishings,195.4,9.56,5,0.1
MZ-17335,Maria Zettner,West,,Art,21.24,6.11,2,0.1
MZ-17335,Maria Zettner,West,Office Supplies,,5,2.4,1,0
MZ-17335,Maria Zettner,West,,Accessories,371.97,66.95,3,0
MZ-17515,Mary Zewe,Central,Furniture,Furnishings,,-9.09,,
MZ-17515,Mary Zewe,Central,Office Supplies,Binders,9.62,-15.8,8,0.8
MZ-17515,Mary Zewe,East,Office Supplies,Storage,15.01,1.5,,0.2
MZ-17515,Mary Zewe,East,Office Supplies,Supplies,347.58,17.38,3,0
MZ-17515,Mary Zewe,West,Office Supplies,Appliances,22.98,6.89,1,0
MZ-17515,Mary Zewe,West,Office Supplies,Binders,2040.77,764.84,4,0.2
MZ-17515,Mary Zewe,West,Office Supplies,Envelopes,14.28,6.71,7,0
MZ-17515,Mary Zewe,West,,,102.13,15.32,7,0
NB-18580,Nicole Brennan,East,Office Supplies,Appliances,143.95,14.4,3,0.2
NB-18580,Nicole Brennan,South,,Furnishings,129.92,10.39,4,0
NB-18655,Nona Balk,Central,Furniture,Furnishings,5.82,2.74,2,0
NB-18655,Nona Balk,Central,Office Supplies,Labels,23.09,9.16,6,0.1
NB-18655,Nona Balk,Central,Office Supplies,Storage,130.28,35.55,7,0
NB-18655,Nona Balk,Central,Technology,Phones,,41.58,3,0.2
NB-18655,Nona Balk,East,Furniture,Tables,,-37.92,1,0.4
NB-18655,Nona Balk,East,Office Supplies,Envelopes,348.49,117.61,7,0.2
NB-18655,Nona Balk,East,Office Supplies,Fasteners,6.54,2.16,3,0
NB-18655,Nona Balk,East,Office Supplies,Storage,249.98,-22.5,9,0.2
NB-18655,Nona Balk,South,Furniture,Tables,383.44,-167.32,4,0.45
NB-18655,Nona Balk,South,Office Supplies,,6.58,0.58,3,0.2
NB-18655,Nona Balk,South,Office Supplies,Binders,5.61,-3.92,3,0.7
NB-18655,Nona Balk,South,Office Supplies,Paper,56.78,20.58,,0.2
NB-18655,Nona Balk,West,Office Supplies,,,103.31,4,0
NB-18655,Nona Balk,West,Office Supplies,,33.4,16.03,5,0
NC-18340,Nat Carroll,Central,Office Supplies,,644.08,107.35,2,0.1
NC-18340,Nat Carroll,Central,Office Supplies,Art,217.2,53.85,19,0.05
NC-18340,Nat Carroll,Central,Office Supplies,Binders,12.76,5.87,2,0
NC-18340,Nat Carroll,Central,Office Supplies,Fasteners,18.72,7.96,11,0.07
NC-18340,Nat Carroll,Central,Office Supplies,Storage,834.06,168.56,6,0
NC-18340,Nat Carroll,Central,Technology,Copiers,599.98,209.99,2,0
NC-18340,Nat Carroll,Central,Technology,Phones,10.95,0.44,,0
NC-18340,Nat Carroll,East,Office Supplies,Binders,17.22,6.03,4,0.2
NC-18340,Nat Carroll,East,Office Supplies,Paper,18.04,8.77,3,0
NC-18340,Nat Carroll,East,Technology,Accessories,88.4,11.49,4,0
NC-18415,Nathan Cano,Central,Furniture,Chairs,191.06,-46.4,3,0.3
NC-18415,Nathan Cano,Central,Office Supplies,Art,,3.91,5,0.2
NC-18415,Nathan Cano,Central,,Binders,1530.17,-2296.25,7,0.8
NC-18415,Nathan Cano,Central,Office Supplies,Paper,12.96,6.22,2,0
NC-18415,Nathan Cano,East,Office Supplies,Binders,51.07,,6,0.2
NC-18415,Nathan Cano,South,Furniture,Chairs,,10.26,1,0.2
NC-18415,Nathan Cano,South,Office Supplies,Envelopes,35.01,13.13,4,0.2
NC-18415,Nathan Cano,South,Office Supplies,,,48.4,4,0.2
NC-18415,Nathan Cano,South,Office Supplies,Supplies,12.77,1.44,2,0.2
NC-18415,Nathan Cano,South,Technology,Accessories,22.7,5.96,1,0.2
NC-18415,Nathan Cano,West,Office Supplies,Storage,115.44,30.01,3,0
NC-18535,Nick Crebassa,Central,Technology,Accessories,58.42,,2,0.2
NC-18535,Nick Crebassa,East,Office Supplies,Binders,12.3,6.15,5,0
NC-18535,Nick Crebassa,East,,Paper,19.44,9.33,3,0
NC-18535,Nick Crebassa,South,Furniture,Chairs,500.24,145.07,,0
NC-18535,Nick Crebassa,South,Office Supplies,Binders,896.99,421.59,1,0
NC-18535,Nick Crebassa,South,Office Supplies,Paper,20.12,9.26,2,0
NC-18535,Nick Crebassa,West,Furniture,Bookcases,482.66,85.18,8,0.15
NC-18535,Nick Crebassa,West,Office Supplies,,39.36,-0.42,6,0.45
NC-18535,Nick Crebassa,West,Office Supplies,Paper,419.4,146.79,5,0.2
NC-18535,Nick Crebassa,West,Office Supplies,Supplies,40.7,11.8,5,0
NC-18535,Nick Crebassa,West,Technology,Accessories,45,4.95,3,0
NC-18535,Nick Crebassa,West,Technology,Machines,,360,2,0.2
NC-18535,Nick Crebassa,West,Technology,Phones,907.13,98.27,9,0.2
NC-18625,Noah Childs,Central,Office Supplies,Labels,8.86,2.99,3,0.2
NC-18625,Noah Childs,Central,,Paper,75.88,35.66,2,0
NC-18625,Noah Childs,Central,Office Supplies,Storage,720.76,54.06,5,0.2
NC-18625,Noah Childs,Central,Technology,Accessories,,0.89,2,0
NC-18625,Noah Childs,Central,Technology,Phones,158.38,13.86,,0.2
NC-18625,Noah Childs,East,Office Supplies,Binders,37.9,-29.05,4,0.7
NC-18625,Noah Childs,East,Office Supplies,Paper,,23.77,2,0.2
NC-18625,Noah Childs,West,Furniture,Furnishings,24.96,4.37,3,0.2
NC-18625,Noah Childs,West,Furniture,,727.45,-465.57,5,0.5
NC-19470,Neil Cohen,East,Furniture,Furnishings,233.44,-99.21,20,0.6
NC-19470,Neil Cohen,East,Office Supplies,Paper,148.7,46.47,6,0.2
ND-18370,Natalie DeCherney,Central,Office Supplies,Binders,28.94,-49.06,4,0.8
ND-18370,Natalie DeCherney,Central,Office Supplies,Storage,32.54,-7.73,2,
ND-18370,Natalie DeCherney,East,,Chairs,1931.04,321.84,9,0.1
ND-18370,Natalie DeCherney,East,Office Supplies,Appliances,8.74,2.27,,0
ND-18370,Natalie DeCherney,East,Office Supplies,Binders,11.81,4.28,2,0.2
ND-18370,Natalie DeCherney,East,Office Supplies,Paper,,25.27,7,0
ND-18370,Natalie DeCherney,South,Furniture,Chairs,545.94,87.35,6,0
ND-18370,Natalie DeCherney,South,Office Supplies,Paper,79.14,36.4,3,0
ND-18370,Natalie DeCherney,South,Technology,Accessories,,7.2,1,0.2
ND-18370,Natalie DeCherney,West,Office Supplies,Binders,28.38,0.13,7,0.45
ND-18370,Natalie DeCherney,West,Office Supplies,Storage,443.92,-94.33,5,0.2
ND-18370,Natalie DeCherney,West,Technology,Accessories,,96.93,6,
ND-18370,Natalie DeCherney,West,Technology,Phones,813.48,-76.91,9,0.2
ND-18460,Neil Ducich,East,Office Supplies,Storage,1085.42,282.21,7,0
ND-18460,Neil Ducich,South,,Binders,26.16,12.82,4,0
ND-18460,Neil Ducich,South,Office Supplies,Labels,15,7.2,4,0
ND-18460,Neil Ducich,South,Office Supplies,Paper,,18.66,6,0
ND-18460,Neil Ducich,South,Office Supplies,Storage,1347.52,84.22,8,0.2
ND-18460,Neil Ducich,South,Technology,Phones,306.56,84.05,6,0
ND-18460,Neil Ducich,West,Furniture,Tables,73.92,-45.83,,0.5
NF-18385,Natalie Fritzler,Central,Furniture,Chairs,747.56,-96.11,3,0.3
NF-18385,Natalie Fritzler,Central,Office Supplies,Binders,2.07,-3.41,1,0.8
NF-18385,Natalie Fritzler,Central,Office Supplies,Envelopes,8.93,3.35,2,
NF-18385,Natalie Fritzler,Central,Office Supplies,Paper,83.84,,8,0.2
NF-18385,Natalie Fritzler,East,Furniture,Furnishings,262.86,69,7,0.2
NF-18385,Natalie Fritzler,East,,Tables,,-76.95,3,0.3
NF-18385,Natalie Fritzler,East,Technology,Accessories,2025.36,607.61,6,0.2
NF-18385,Natalie Fritzler,East,Technology,Machines,1799.99,-2639.99,2,0.7
NF-18385,Natalie Fritzler,East,Technology,Phones,101.99,,2,0.4
NF-18385,Natalie Fritzler,South,Furniture,Chairs,1108.75,240.41,7,0.1
NF-18385,Natalie Fritzler,South,Furniture,Tables,,75.37,6,0
NF-18385,Natalie Fritzler,South,Office Supplies,Binders,17.46,8.21,2,0
NF-18385,Natalie Fritzler,South,Technology,Accessories,234.45,103.16,3,0
NF-18475,Neil Französisch,Central,Office Supplies,,11.42,-18.84,4,0.8
NF-18475,Neil Französisch,Central,Technology,Phones,,72.89,2,0
NF-18475,Neil Französisch,South,Office Supplies,Paper,91.06,31.87,6,0.2
NF-18475,Neil Französisch,West,Office Supplies,Fasteners,4.71,0,1,0
NF-18595,Nicole Fjeld,Central,Office Supplies,Paper,73.01,26.47,9,0.2
NF-18595,Nicole Fjeld,East,Furniture,Furnishings,169.07,35.66,,0.1
NF-18595,Nicole Fjeld,East,Office Supplies,Art,41.98,,11,0.1
NF-18595,Nicole Fjeld,East,Office Supplies,Binders,91.43,31.09,,0.2
NF-18595,Nicole Fjeld,West,Furniture,Chairs,,514.76,20,0.2
NF-18595,Nicole Fjeld,West,Furniture,Furnishings,1714.94,485.5,43,0
NF-18595,Nicole Fjeld,West,Office Supplies,Binders,13.85,5.19,3,
NF-18595,Nicole Fjeld,West,Office Supplies,,,61.39,2,0
NG-18355,Nat Gilpin,Central,,Art,151.92,45.58,4,0
NG-18355,Nat Gilpin,Central,Office Supplies,Labels,196.62,,2,0
NG-18355,Nat Gilpin,Central,Office Supplies,Paper,160.08,,,0
NG-18355,Nat Gilpin,East,Furniture,,138.44,46.15,7,0
NG-18355,Nat Gilpin,East,Office Supplies,Binders,107.42,33.57,9,
NG-18355,Nat Gilpin,East,Office Supplies,Storage,579.51,81.13,,0
NG-18355,Nat Gilpin,East,Technology,Phones,423.68,-74.36,5,0.13
NG-18355,Nat Gilpin,South,Furniture,Furnishings,71.68,0.45,5,0.2
NG-18355,Nat Gilpin,South,Office Supplies,Paper,15.55,5.44,3,0.2
NG-18355,Nat Gilpin,South,Office Supplies,Storage,24.67,2.16,2,0.2
NG-18430,Nathan Gelder,Central,Office Supplies,Labels,19.82,6.44,6,0.2
NG-18430,Nathan Gelder,Central,Office Supplies,Paper,239.11,75.53,,
NG-18430,Nathan Gelder,Central,Office Supplies,Storage,540.05,,3,0.2
NG-18430,Nathan Gelder,Central,Technology,Phones,479.96,134.39,4,0
NG-18430,Nathan Gelder,East,Office Supplies,Art,2.62,0.43,1,0.2
NG-18430,Nathan Gelder,West,Office Supplies,Paper,80.74,37.47,12,0
NG-18430,Nathan Gelder,West,Office Supplies,Storage,33.63,10.09,3,0
NH-18610,Nicole Hansen,Central,Furniture,Furnishings,580.86,151.02,5,0
NH-18610,Nicole Hansen,Central,Office Supplies,Binders,38.28,17.61,6,0
NH-18610,Nicole Hansen,Central,Office Supplies,Labels,15.94,5.18,4,0.2
NH-18610,Nicole Hansen,Central,,Phones,149.95,44.98,5,0
NH-18610,Nicole Hansen,East,Office Supplies,Paper,3.42,1.07,1,0.2
NH-18610,Nicole Hansen,East,Technology,Accessories,151.2,,3,0.2
NH-18610,Nicole Hansen,South,Office Supplies,Appliances,1245.86,361.3,,0
NH-18610,Nicole Hansen,South,Technology,Accessories,66.36,23.23,4,0
NH-18610,Nicole Hansen,West,Office Supplies,,,123.64,17,
NK-18490,Neil Knudson,Central,Office Supplies,Paper,74.35,23.23,3,
NK-18490,Neil Knudson,East,Office Supplies,Art,,1.27,8,0.2
NK-18490,Neil Knudson,East,,Paper,18.5,6.7,4,0.2
NK-18490,Neil Knudson,East,Office Supplies,Storage,284.08,24.86,10,
NK-18490,Neil Knudson,South,,Art,17.86,,4,0.2
NK-18490,Neil Knudson,West,Office Supplies,Art,6.63,1.79,3,0
NK-18490,Neil Knudson,West,Office Supplies,Binders,120,43.5,10,0.2
NK-18490,Neil Knudson,West,Office Supplies,Paper,31.08,15.23,6,0
NK-18490,Neil Knudson,West,Office Supplies,Supplies,7.3,2.19,,0
NK-18490,Neil Knudson,West,Technology,Accessories,0.99,,1,0
NL-18310,Nancy Lomonaco,West,Furniture,Chairs,40.78,4.59,1,0.2
NL-18310,Nancy Lomonaco,West,,Furnishings,,,3,0
NL-18310,Nancy Lomonaco,West,Office Supplies,Appliances,105.96,29.67,4,0
NL-18310,Nancy Lomonaco,West,Office Supplies,Art,8.8,4.22,,0
NL-18310,Nancy Lomonaco,West,Office Supplies,Binders,590.35,206.62,6,0.2
NL-18310,Nancy Lomonaco,West,Office Supplies,Envelopes,76.58,38.29,7,0
NL-18310,Nancy Lomonaco,West,Office Supplies,Fasteners,5.58,0.17,3,0
NL-18310,Nancy Lomonaco,West,Office Supplies,Paper,38.88,18.66,6,0
NL-18310,Nancy Lomonaco,West,,,452.55,22.63,7,0
NL-18310,Nancy Lomonaco,West,Technology,Phones,73.58,8.28,2,0.2
NM-18445,Nathan Mautz,Central,,Furnishings,75.33,19.59,9,0
NM-18445,Nathan Mautz,Central,Office Supplies,,850.5,245.7,5,
NM-18445,Nathan Mautz,Central,Office Supplies,Art,21.24,8.07,3,0
NM-18445,Nathan Mautz,Central,Office Supplies,Binders,127.96,60.14,2,0
NM-18445,Nathan Mautz,East,Furniture,Chairs,135.88,24.16,,0.1
NM-18445,Nathan Mautz,East,Office Supplies,Binders,13.92,4.35,3,0.2
NM-18445,Nathan Mautz,East,Office Supplies,Storage,43.57,13.07,1,0
NM-18445,Nathan Mautz,East,Technology,Accessories,360,129.6,4,0
NM-18445,Nathan Mautz,East,Technology,Machines,3991.98,1995.99,2,0
NM-18445,Nathan Mautz,East,Technology,Phones,275.94,80.02,6,0
NM-18445,Nathan Mautz,West,Furniture,Furnishings,14.56,5.53,2,0
NM-18445,Nathan Mautz,West,Furniture,,99.59,2.49,1,0.2
NM-18445,Nathan Mautz,West,Office Supplies,Paper,48.91,22.99,1,0
NM-18445,Nathan Mautz,West,Technology,Accessories,399.96,139.99,4,0
NM-18520,Neoma Murray,Central,Furniture,Furnishings,54.05,-27.73,10,0.6
NM-18520,Neoma Murray,Central,Office Supplies,Binders,15.08,-22.62,2,0.8
NM-18520,Neoma Murray,Central,Office Supplies,Paper,25.92,9.07,5,0.2
NM-18520,Neoma Murray,East,Office Supplies,Binders,,-1.75,6,0.45
NM-18520,Neoma Murray,East,Office Supplies,Labels,5.76,2.82,2,0
NM-18520,Neoma Murray,East,Technology,Phones,,,6,0
NM-18520,Neoma Murray,West,Furniture,Furnishings,111.9,51.47,6,0
NM-18520,Neoma Murray,West,Office Supplies,Binders,15.71,5.7,4,0.2
NM-18520,Neoma Murray,West,Office Supplies,Paper,,23.11,8,0
NM-18520,Neoma Murray,West,Office Supplies,Storage,,,6,0
NM-18520,Neoma Murray,West,Technology,Accessories,1649.95,659.98,,0
NP-18325,Naresj Patel,East,Furniture,,,21.3,5,0
NP-18325,Naresj Patel,East,Furniture,Tables,,,9,0.4
NP-18325,Naresj Patel,East,Office Supplies,Binders,1217.57,456.59,2,0.2
NP-18325,Naresj Patel,East,Office Supplies,Fasteners,10.65,5.01,3,0
NP-18325,Naresj Patel,East,Office Supplies,Paper,143.7,68.98,3,0
NP-18325,Naresj Patel,East,Office Supplies,Storage,41.96,,2,0
NP-18325,Naresj Patel,East,Technology,Accessories,247.8,34.69,4,
NP-18325,Naresj Patel,East,Technology,Phones,,363.7,7,0
NP-18325,Naresj Patel,South,Furniture,Furnishings,104.01,,1,0
NP-18325,Naresj Patel,South,Office Supplies,Storage,36.84,10.32,3,0
NP-18325,Naresj Patel,South,Technology,Phones,284.82,74.05,1,0
NP-18325,Naresj Patel,West,Furniture,Chairs,717.72,71.77,3,0.2
NP-18325,Naresj Patel,West,Furniture,Tables,170.35,19.16,3,0.2
NP-18325,Naresj Patel,West,Office Supplies,Art,131.67,36.87,13,0
NP-18325,Naresj Patel,West,Office Supplies,Paper,92.94,41.82,3,0
NP-18325,Naresj Patel,West,,Storage,236.5,68.58,10,0
NP-18325,Naresj Patel,West,Technology,Accessories,149.97,,3,0
NP-18325,Naresj Patel,West,Technology,Phones,219.18,,2,0.2
NP-18670,Nora Paige,Central,Office Supplies,Appliances,83.9,,10,
NP-18670,Nora Paige,Central,,,14.62,6.87,2,0
NP-18670,Nora Paige,Central,Office Supplies,Paper,,5.76,2,0
NP-18670,Nora Paige,Central,Technology,Phones,944.93,236.23,,0
NP-18670,Nora Paige,East,Furniture,Bookcases,2154.9,129.29,5,
NP-18670,Nora Paige,East,Furniture,Furnishings,40.48,17.41,2,0
NP-18670,Nora Paige,East,Office Supplies,,17.9,8.77,5,0
NP-18670,Nora Paige,East,Technology,Accessories,45,4.95,3,0
NP-18670,Nora Paige,West,Technology,Accessories,538.92,80.84,9,0
NP-18670,Nora Paige,West,Technology,Phones,55.99,3.5,1,0.2
NP-18685,Nora Pelletier,Central,Technology,Copiers,,449.99,2,0
NP-18685,Nora Pelletier,East,Office Supplies,Art,17.28,5.01,6,0
NP-18685,Nora Pelletier,East,Office Supplies,,17.71,6.42,,0.2
NP-18685,Nora Pelletier,East,Office Supplies,Envelopes,,,2,0.2
NP-18685,Nora Pelletier,South,Office Supplies,Binders,7.38,-5.41,5,0.7
NP-18685,Nora Pelletier,West,Furniture,Furnishings,,4.86,3,0
NP-18685,Nora Pelletier,West,Office Supplies,Binders,107.65,33.64,,0.2
NP-18700,Nora Preis,Central,Office Supplies,,17.9,-31.33,6,0.8
NP-18700,Nora Preis,Central,,Paper,124.03,44.96,4,
NP-18700,Nora Preis,Central,Office Supplies,Storage,,,1,0.2
NP-18700,Nora Preis,East,Furniture,Tables,209.15,-66.23,2,0.4
NP-18700,Nora Preis,East,,Storage,1855.34,306.21,8,0.1
NP-18700,Nora Preis,West,Furniture,Bookcases,254.97,12,,
NP-18700,Nora Preis,West,Furniture,Tables,4375.54,230.99,18,0.2
NP-18700,Nora Preis,West,Office Supplies,Art,16.68,4.34,,0
NP-18700,Nora Preis,West,Office Supplies,Labels,5.76,2.82,2,0
NP-18700,Nora Preis,West,Technology,,911.65,,13,0.1
NR-18550,Nick Radford,Central,Furniture,Chairs,366.74,-110.02,4,0.3
NR-18550,Nick Radford,Central,Furniture,Tables,268.94,-209.77,3,0.5
NR-18550,Nick Radford,East,Furniture,Bookcases,,12.1,1,0
NR-18550,Nick Radford,East,Office Supplies,Binders,315.98,,1,0
NR-18550,Nick Radford,South,Furniture,Bookcases,241.57,0,2,0.2
NR-18550,Nick Radford,South,Office Supplies,,29.67,2.42,,0.2
NR-18550,Nick Radford,South,Office Supplies,Binders,4.55,-3.49,3,0.7
NR-18550,Nick Radford,South,Office Supplies,Paper,15.55,5.44,3,0.2
NR-18550,Nick Radford,South,Technology,Accessories,316.39,-6.71,3,0.2
NR-18550,Nick Radford,South,Technology,Phones,,50.4,5,0.2
NR-18550,Nick Radford,West,Office Supplies,,182.94,85.98,3,0
NS-18505,Neola Schneider,Central,Office Supplies,Art,14.04,1.58,3,0.2
NS-18505,Neola Schneider,Central,Office Supplies,Fasteners,4.34,0.87,3,0.2
NS-18505,Neola Schneider,Central,Office Supplies,Paper,,23.23,3,0.2
NS-18505,Neola Schneider,Central,Office Supplies,Storage,306.24,23.49,7,0.2
NS-18505,Neola Schneider,Central,Technology,Accessories,392.57,-9.81,5,0.2
NS-18505,Neola Schneider,East,Furniture,Chairs,887.27,,3,0.3
NS-18505,Neola Schneider,East,Furniture,Furnishings,31.97,6.39,2,0.2
NS-18505,Neola Schneider,East,Office Supplies,Paper,21.7,7.05,4,0.2
NS-18505,Neola Schneider,East,Technology,Phones,429.6,-93.08,2,0.4
NS-18505,Neola Schneider,West,Furniture,Chairs,108.61,9.5,4,0.2
NS-18505,Neola Schneider,West,Office Supplies,Appliances,241.96,60.49,2,0
NS-18505,Neola Schneider,West,Office Supplies,Binders,63.22,21.35,14,0.2
NS-18640,Noel Staavos,Central,Furniture,Furnishings,,-77.47,2,0.6
NS-18640,Noel Staavos,Central,,Appliances,58.46,-146.16,,0.8
NS-18640,Noel Staavos,Central,Office Supplies,Art,,,5,0.2
NS-18640,Noel Staavos,Central,Technology,Accessories,113.52,29.8,5,
NS-18640,Noel Staavos,Central,Technology,Phones,359.88,,3,0.2
NS-18640,Noel Staavos,East,Furniture,Chairs,458.43,,5,0.3
NS-18640,Noel Staavos,East,,Furnishings,60.35,19.92,5,0
NS-18640,Noel Staavos,East,Furniture,Tables,328.59,-147.87,3,0.4
NS-18640,Noel Staavos,East,Office Supplies,,464.72,,13,0.1
NS-18640,Noel Staavos,East,Office Supplies,Art,11.2,4.82,7,0
NS-18640,Noel Staavos,East,Office Supplies,Storage,64.96,-4.06,,0.2
NS-18640,Noel Staavos,East,Office Supplies,Supplies,49.04,11.64,6,0.1
NS-18640,Noel Staavos,South,Furniture,Furnishings,4.71,1.41,1,0.2
NS-18640,Noel Staavos,South,Office Supplies,Binders,39.88,-29.24,7,0.7
NS-18640,Noel Staavos,South,Office Supplies,Fasteners,31.5,11.81,11,0.2
NS-18640,Noel Staavos,South,Office Supplies,Labels,,1.64,1,0.2
NS-18640,Noel Staavos,South,Office Supplies,Paper,20.74,7.26,4,0.2
NS-18640,Noel Staavos,West,Furniture,Furnishings,16.02,6.09,6,
NS-18640,Noel Staavos,West,Furniture,Tables,447.84,,5,0.2
NS-18640,Noel Staavos,West,Office Supplies,Binders,28.21,9.35,4,0.2
NS-18640,Noel Staavos,West,,Paper,79.14,,3,
NS-18640,Noel Staavos,West,Technology,Accessories,239.97,86.39,3,0
NW-18400,Natalie Webber,Central,Office Supplies,Art,30.32,11.82,4,0
NW-18400,Natalie Webber,East,Furniture,Chairs,127.76,21.29,2,
NW-18400,Natalie Webber,East,Furniture,Furnishings,83.42,30.83,4,0.1
NW-18400,Natalie Webber,East,Office Supplies,Appliances,44.42,,2,0.2
NW-18400,Natalie Webber,East,Office Supplies,Binders,9.01,-7.2,2,0.7
NW-18400,Natalie Webber,East,Office Supplies,Envelopes,,8.4,4,0.2
NW-18400,Natalie Webber,East,,Paper,,,3,
NW-18400,Natalie Webber,East,Office Supplies,Supplies,357.93,7.16,3,0
NW-18400,Natalie Webber,East,Technology,Accessories,95.97,28.79,4,0.2
NW-18400,Natalie Webber,East,Technology,Copiers,2799.94,1014.98,7,0.2
NW-18400,Natalie Webber,East,Technology,Machines,206.99,-172.49,3,0.7
NW-18400,Natalie Webber,South,Furniture,Chairs,1056.86,306.49,7,
NW-18400,Natalie Webber,South,Furniture,Tables,801.96,200.49,2,0
NW-18400,Natalie Webber,South,Technology,Phones,59.97,0,3,0
NW-18400,Natalie Webber,West,Furniture,Bookcases,141.96,41.17,2,0
NW-18400,Natalie Webber,West,Office Supplies,Binders,70.21,19.65,11,0.45
NW-18400,Natalie Webber,West,Office Supplies,Paper,15.55,5.44,3,0.2
NW-18400,Natalie Webber,West,Office Supplies,Storage,669.08,-167.27,5,0.2
NW-18400,Natalie Webber,West,Technology,Machines,179.99,-251.99,3,0.7
NW-18400,Natalie Webber,West,Technology,Phones,438.34,-87.67,4,0.2
NZ-18565,Nick Zandusky,Central,Office Supplies,Binders,,12.55,,0
NZ-18565,Nick Zandusky,Central,Office Supplies,Storage,989.44,233.92,11,0.1
NZ-18565,Nick Zandusky,Central,Technology,Accessories,21.2,9.12,2,
NZ-18565,Nick Zandusky,East,Furniture,Bookcases,86.97,-48.7,3,0.5
NZ-18565,Nick Zandusky,East,Office Supplies,Binders,22.43,-17.94,3,0.7
NZ-18565,Nick Zandusky,East,Office Supplies,Fasteners,,,,0.2
NZ-18565,Nick Zandusky,East,,Labels,18.5,6.24,8,0.2
NZ-18565,Nick Zandusky,East,Office Supplies,Storage,37.52,3.75,5,0.2
NZ-18565,Nick Zandusky,East,Technology,Accessories,,54.4,2,0.2
NZ-18565,Nick Zandusky,West,Furniture,Chairs,544.01,40.8,3,0.2
NZ-18565,Nick Zandusky,West,Furniture,,41.96,2.94,2,
NZ-18565,Nick Zandusky,West,Office Supplies,Appliances,227.84,66.07,4,0
NZ-18565,Nick Zandusky,West,Office Supplies,Binders,70.59,-27.43,12,0.37
NZ-18565,Nick Zandusky,West,Office Supplies,Paper,126.08,60.03,10,0
ON-18715,Odella Nelson,Central,Office Supplies,Binders,50.74,-41.71,7,0.4
ON-18715,Odella Nelson,Central,Office Supplies,Paper,14.09,4.93,3,0.2
ON-18715,Odella Nelson,Central,Technology,Accessories,45.98,19.77,2,0
ON-18715,Odella Nelson,East,Furniture,Chairs,239.84,,8,0
ON-18715,Odella Nelson,East,Furniture,Furnishings,60.72,23.68,3,
ON-18715,Odella Nelson,East,Office Supplies,Art,6.85,0.6,2,
ON-18715,Odella Nelson,East,Office Supplies,Labels,15.66,,6,0
ON-18715,Odella Nelson,East,Office Supplies,Paper,146.82,73.41,3,0
ON-18715,Odella Nelson,South,Furniture,,630.02,,4,0.4
ON-18715,Odella Nelson,South,Office Supplies,,58.24,,5,0.2
ON-18715,Odella Nelson,South,Office Supplies,Fasteners,8.38,2.72,,0.2
ON-18715,Odella Nelson,West,Office Supplies,Art,50.8,13.21,5,0
ON-18715,Odella Nelson,West,Office Supplies,Storage,79.4,5.96,,0.2
ON-18715,Odella Nelson,West,Technology,,159.98,,2,
OT-18730,Olvera Toch,Central,Office Supplies,Envelopes,180.96,81.43,2,0
OT-18730,Olvera Toch,East,Furniture,Bookcases,177.45,,5,0.5
OT-18730,Olvera Toch,East,Office Supplies,Appliances,9.48,0.71,3,0.2
OT-18730,Olvera Toch,East,,Binders,1369.76,-913.18,6,0.7
OT-18730,Olvera Toch,South,Furniture,Tables,356.85,60.66,5,0
OT-18730,Olvera Toch,South,Office Supplies,Envelopes,251.58,113.21,7,0
OT-18730,Olvera Toch,West,Furniture,Tables,1335.68,-217.05,4,0.2
OT-18730,Olvera Toch,West,Office Supplies,Labels,20.7,9.94,2,0
OT-18730,Olvera Toch,West,Office Supplies,Paper,32.4,15.55,5,0
OT-18730,Olvera Toch,West,,Storage,83.76,1.68,12,0
PA-19060,Pete Armstrong,Central,Office Supplies,Art,10.16,,1,0
PA-19060,Pete Armstrong,Central,Office Supplies,Binders,91.68,45.84,3,0
PA-19060,Pete Armstrong,Central,Office Supplies,,216.73,86.83,10,0.1
PA-19060,Pete Armstrong,Central,Technology,Accessories,339.96,,5,0.2
PA-19060,Pete Armstrong,South,Office Supplies,Binders,3.74,-2.62,4,0.7
PA-19060,Pete Armstrong,West,Office Supplies,Binders,67.14,25.18,4,0.2
PB-18805,Patrick Bzostek,West,Furniture,Furnishings,199.9,39.98,5,0
PB-18805,Patrick Bzostek,West,Office Supplies,Binders,331.88,,27,0.2
PB-18805,Patrick Bzostek,West,Office Supplies,Paper,177.4,,,0
PB-18805,Patrick Bzostek,West,,,31.18,-7.01,3,0.2
PB-19105,Peter Bühler,Central,Office Supplies,Envelopes,604.66,204.07,9,0.2
PB-19105,Peter Bühler,Central,Technology,Phones,11.99,0.9,1,0.2
PB-19105,Peter Bühler,East,Technology,Accessories,40.78,,3,0.2
PB-19105,Peter Bühler,South,Office Supplies,Art,17.94,6.46,3,0
PB-19105,Peter Bühler,South,Office Supplies,Paper,12.96,6.22,2,0
PB-19150,Philip Brown,East,Office Supplies,,6.21,2.17,2,0.2
PB-19150,Philip Brown,East,Office Supplies,Labels,25.06,11.78,2,0
PB-19150,Philip Brown,South,Office Supplies,Envelopes,23.47,7.63,3,0.2
PB-19150,Philip Brown,West,Furniture,Chairs,,38.38,5,0.2
PB-19150,Philip Brown,West,,Furnishings,742.25,202.92,23,0
PB-19150,Philip Brown,West,Office Supplies,Binders,70.01,,3,0.2
PB-19150,Philip Brown,West,Office Supplies,Storage,55.92,,5,0.2
PB-19150,Philip Brown,West,Office Supplies,Supplies,47.99,,7,0.2
PB-19150,Philip Brown,West,Technology,Accessories,102.24,,4,0.2
PB-19210,Phillip Breyer,Central,Technology,Phones,69.93,0.7,7,0
PB-19210,Phillip Breyer,East,Office Supplies,Envelopes,62.81,21.2,3,0.2
PC-18745,Pamela Coakley,East,Furniture,Bookcases,1573.49,196.69,7,0.2
PC-18745,Pamela Coakley,East,Furniture,Furnishings,31.56,10.41,3,0
PC-18745,Pamela Coakley,West,Office Supplies,Binders,71.2,23.51,,0.45
PC-18745,Pamela Coakley,West,Office Supplies,Storage,155.82,42.07,7,0
PC-19000,Pauline Chand,West,Furniture,Tables,1004.98,-175.87,6,0.2
PC-19000,Pauline Chand,West,Office Supplies,Art,6.72,3.36,4,0
PC-19000,Pauline Chand,West,Office Supplies,Fasteners,49.79,-11.83,8,0.2
PF-19120,Peter Fuller,Central,Office Supplies,Appliances,463.25,-1181.28,8,0.8
PF-19120,Peter Fuller,Central,Technology,Accessories,,47.99,6,0.2
PF-19120,Peter Fuller,East,Furniture,,6232.62,133.53,11,0.2
PF-19120,Peter Fuller,East,,Chairs,199.76,8.88,2,0.1
PF-19120,Peter Fuller,East,Office Supplies,Labels,87.71,41.22,7,
PF-19120,Peter Fuller,East,Office Supplies,Paper,110.96,53.26,2,0
PF-19120,Peter Fuller,East,,Storage,109.5,28.48,9,0
PF-19120,Peter Fuller,East,Technology,Accessories,659.9,,2,0
PF-19120,Peter Fuller,East,Technology,Phones,277.77,60.15,7,0
PF-19120,Peter Fuller,South,Office Supplies,Art,6.56,1.9,2,0
PF-19120,Peter Fuller,South,Office Supplies,Paper,33.98,15.78,5,0
PF-19120,Peter Fuller,West,,Furnishings,404.96,-25.4,10,0.2
PF-19120,Peter Fuller,West,Office Supplies,Paper,9.57,2.99,2,0.2
PF-19120,Peter Fuller,West,Office Supplies,Storage,82.37,-19.56,2,0.2
PF-19165,Philip Fox,Central,Furniture,Tables,617.7,-407.68,6,0.5
PF-19165,Philip Fox,East,Technology,Accessories,50,12,2,0
PF-19165,Philip Fox,South,Furniture,Bookcases,1266.86,291.38,7,
PF-19165,Philip Fox,South,Office Supplies,Art,,9.71,3,0
PF-19165,Philip Fox,West,Furniture,Furnishings,155.25,46.58,3,0
PF-19165,Philip Fox,West,Office Supplies,Labels,3.08,,1,0
PF-19165,Philip Fox,West,Office Supplies,Paper,114.2,52.53,5,0
PF-19165,Philip Fox,West,Office Supplies,Storage,14.03,4.07,1,0
PF-19165,Philip Fox,West,Office Supplies,Supplies,,9.22,3,0
PF-19165,Philip Fox,West,Technology,Accessories,479.97,177.59,3,0
PF-19225,Phillip Flathmann,South,Technology,Phones,135.95,39.43,1,0
PF-19225,Phillip Flathmann,West,,Chairs,217.58,-29.92,2,
PF-19225,Phillip Flathmann,West,Furniture,Furnishings,80.96,34.81,4,0
PF-19225,Phillip Flathmann,West,Office Supplies,Appliances,1101.48,429.58,4,
PF-19225,Phillip Flathmann,West,Office Supplies,,32.55,9.05,4,0
PF-19225,Phillip Flathmann,West,Office Supplies,Binders,11.23,,3,0.2
PF-19225,Phillip Flathmann,West,Office Supplies,,87.71,41.22,7,0
PF-19225,Phillip Flathmann,West,Technology,Accessories,82.95,29.03,5,0
PF-19225,Phillip Flathmann,West,Technology,Phones,455.71,34.18,2,0.2
PG-18820,Patrick Gardner,Central,Office Supplies,Appliances,,-52.83,2,0.8
PG-18820,Patrick Gardner,Central,Office Supplies,Binders,310.39,-512.15,,0.8
PG-18820,Patrick Gardner,Central,Technology,Phones,71.16,22.39,4,0.1
PG-18820,Patrick Gardner,East,Furniture,,,61.38,3,0
PG-18820,Patrick Gardner,East,Office Supplies,Binders,398.35,124.48,3,0.2
PG-18820,Patrick Gardner,East,,Fasteners,8.72,3.58,,0
PG-18820,Patrick Gardner,East,Office Supplies,Supplies,10.95,3.28,,0
PG-18820,Patrick Gardner,East,Technology,,541.38,236.76,8,0
PG-18820,Patrick Gardner,South,Furniture,Furnishings,276.97,55.05,8,
PG-18820,Patrick Gardner,South,,Binders,37.42,-29.94,5,0.7
PG-18820,Patrick Gardner,South,Office Supplies,Envelopes,17.92,8.6,4,0
PG-18820,Patrick Gardner,South,Technology,Phones,,0.3,3,0
PG-18820,Patrick Gardner,West,Furniture,Chairs,72.78,0,1,0.2
PG-18820,Patrick Gardner,West,Furniture,Furnishings,51.75,15.52,1,0
PG-18820,Patrick Gardner,West,Office Supplies,Appliances,,25.44,2,0
PG-18820,Patrick Gardner,West,Office Supplies,Art,27.76,9.99,4,0
PG-18820,Patrick Gardner,West,Office Supplies,Binders,56.37,9.22,5,0.45
PG-18820,Patrick Gardner,West,Office Supplies,Fasteners,35,16.8,7,0
PG-18820,Patrick Gardner,West,Technology,Accessories,830.77,139.58,12,0
PG-18895,Paul Gonzalez,Central,Furniture,Furnishings,66.11,-84.29,4,0.6
PG-18895,Paul Gonzalez,Central,Office Supplies,Labels,6.16,2.96,,0
PG-18895,Paul Gonzalez,Central,Technology,Accessories,78.1,14.06,3,0.1
PG-18895,Paul Gonzalez,Central,Technology,Phones,100.79,6.3,1,0.2
PG-18895,Paul Gonzalez,East,Office Supplies,,7.56,0.3,6,0
PG-18895,Paul Gonzalez,East,Office Supplies,Labels,12.6,6.05,4,0
PG-18895,Paul Gonzalez,East,Technology,Copiers,479.98,60,2,0.2
PG-18895,Paul Gonzalez,South,Office Supplies,Art,181.86,50.92,7,0
PG-18895,Paul Gonzalez,South,Office Supplies,Paper,32.4,15.55,5,0
PG-18895,Paul Gonzalez,South,Technology,Phones,503.96,125.99,4,0
PG-18895,Paul Gonzalez,West,Furniture,Furnishings,31.56,10.41,3,0
PG-18895,Paul Gonzalez,West,Office Supplies,Art,221.25,60.31,10,0
PG-18895,Paul Gonzalez,West,Office Supplies,Binders,92.96,31.37,2,0.2
PG-18895,Paul Gonzalez,West,Office Supplies,Paper,35.88,17.58,6,0
PG-18895,Paul Gonzalez,West,Technology,Phones,135.98,17,2,0.2
PH-18790,Patricia Hirasaki,South,Furniture,Chairs,683.95,,3,0.2
PH-18790,Patricia Hirasaki,South,Furniture,Furnishings,45.7,5.14,3,0.2
PJ-18835,Patrick Jones,Central,Office Supplies,Paper,47.26,,8,0.2
PJ-18835,Patrick Jones,East,Office Supplies,Paper,,16.65,5,0
PJ-18835,Patrick Jones,East,Technology,Accessories,97.5,26.22,,0
PJ-18835,Patrick Jones,South,Office Supplies,Appliances,826.11,322.18,3,0
PJ-18835,Patrick Jones,South,Office Supplies,Envelopes,33.96,16.98,2,0
PJ-18835,Patrick Jones,South,Office Supplies,Paper,40.75,17.08,,
PJ-18835,Patrick Jones,West,Office Supplies,,11.76,,4,0
PJ-18835,Patrick Jones,West,Office Supplies,Binders,40.74,,2,0.2
PJ-18835,Patrick Jones,West,Technology,Accessories,27.6,2.21,4,0
PJ-18835,Patrick Jones,West,Technology,Phones,57.41,5.74,6,0.2
PJ-19015,Pauline Johnson,East,Furniture,Furnishings,7.38,2.14,1,0
PJ-19015,Pauline Johnson,East,Office Supplies,Art,,1.24,3,0.2
PJ-19015,Pauline Johnson,East,Office Supplies,Binders,3.33,1.21,2,0.2
PJ-19015,Pauline Johnson,East,Technology,Phones,225.94,79.89,6,0
PJ-19015,Pauline Johnson,South,Furniture,Furnishings,8.96,2.78,2,0
PJ-19015,Pauline Johnson,South,Office Supplies,Storage,4.46,0.33,1,0.2
PJ-19015,Pauline Johnson,West,Furniture,,18.28,6.22,2,0
PJ-19015,Pauline Johnson,West,Furniture,Tables,146.04,-12.78,1,0.2
PJ-19015,Pauline Johnson,West,Technology,Accessories,1399.93,601.97,7,0
PK-18910,Paul Knutson,East,Office Supplies,Binders,1141.47,-760.98,,0.7
PK-18910,Paul Knutson,East,Technology,Phones,,-46.8,3,
PK-18910,Paul Knutson,West,Office Supplies,Labels,18.9,9.07,6,0
PK-19075,Pete Kriz,Central,Furniture,Chairs,,29.15,3,0
PK-19075,Pete Kriz,Central,Furniture,Furnishings,12.22,3.67,1,0
PK-19075,Pete Kriz,Central,Office Supplies,Labels,47.11,22.36,9,0
PK-19075,Pete Kriz,Central,Office Supplies,Paper,91.36,42.03,4,0
PK-19075,Pete Kriz,Central,Office Supplies,Storage,,57.29,12,0
PK-19075,Pete Kriz,East,Furniture,Chairs,155.37,-13.32,2,0.3
PK-19075,Pete Kriz,East,Furniture,,396.92,198.46,4,0
PK-19075,Pete Kriz,East,Office Supplies,Appliances,,33.31,7,0
PK-19075,Pete Kriz,East,Office Supplies,Binders,,1472.16,,0.2
PK-19075,Pete Kriz,East,Office Supplies,Fasteners,21.48,10.53,,0
PK-19075,Pete Kriz,East,Office Supplies,Labels,5.76,2.82,2,0
PK-19075,Pete Kriz,East,Office Supplies,Paper,14.62,6.73,2,0
PK-19075,Pete Kriz,East,Office Supplies,Storage,17.15,4.63,1,0
PK-19075,Pete Kriz,South,Office Supplies,Binders,23.88,11.22,6,0
PK-19075,Pete Kriz,South,Office Supplies,Paper,123.09,40,7,0.2
PK-19075,Pete Kriz,South,,Accessories,35.17,8.35,4,0.2
PK-19075,Pete Kriz,West,Furniture,Chairs,563.92,,5,0.2
PK-19075,Pete Kriz,West,Furniture,Tables,1478.27,92.39,8,0.2
PK-19075,Pete Kriz,West,Office Supplies,Binders,13.34,4.34,6,0.2
PK-19075,Pete Kriz,West,Office Supplies,Envelopes,10.86,5.1,3,0
PL-18925,Paul Lucas,Central,Office Supplies,Art,16.52,2.06,5,0.2
PL-18925,Paul Lucas,East,Office Supplies,Binders,41.49,-31.46,8,0.7
PL-18925,Paul Lucas,East,Office Supplies,Storage,,,2,0.2
PL-18925,Paul Lucas,East,Technology,Accessories,83.98,-13.65,3,0.2
PL-18925,Paul Lucas,West,Furniture,Furnishings,22.77,9.79,3,0
PL-18925,Paul Lucas,West,Office Supplies,Labels,,22.2,3,0
PL-18925,Paul Lucas,West,Office Supplies,Paper,21.4,9.63,5,0
PM-18940,Paul MacIntyre,Central,Furniture,Chairs,199.3,-8.54,4,0.3
PM-18940,Paul MacIntyre,Central,Furniture,Tables,102.44,-13.17,1,0.3
PM-18940,Paul MacIntyre,Central,Office Supplies,Binders,46.8,21.06,4,0
PM-18940,Paul MacIntyre,South,Furniture,Tables,1056.86,158.53,7,
PM-19135,Peter McVee,Central,Furniture,Furnishings,31.4,10.05,5,0
PM-19135,Peter McVee,Central,Office Supplies,Labels,,20.3,6,0.2
PM-19135,Peter McVee,East,Furniture,Tables,1053.16,,4,0.3
PM-19135,Peter McVee,East,Office Supplies,Paper,29.9,14.65,5,0
PM-19135,Peter McVee,East,Technology,Accessories,2249.91,517.48,9,0
PM-19135,Peter McVee,South,Technology,Accessories,191.98,,,0.2
PM-19135,Peter McVee,South,Technology,Phones,499.17,31.2,4,0.2
PN-18775,Parhena Norris,Central,Furniture,Chairs,563.94,112.79,3,0
PN-18775,Parhena Norris,East,Furniture,Furnishings,96.53,,7,0
PN-18775,Parhena Norris,East,Office Supplies,Paper,6.69,3.08,1,0
PN-18775,Parhena Norris,East,Office Supplies,Storage,59.48,8.92,2,0
PN-18775,Parhena Norris,South,Furniture,Bookcases,387.14,-14.52,,0.2
PN-18775,Parhena Norris,South,Furniture,Furnishings,77.95,-11.69,3,0.2
PN-18775,Parhena Norris,South,Office Supplies,Art,109.97,12.05,14,
PN-18775,Parhena Norris,South,Office Supplies,Labels,,,1,0.2
PN-18775,Parhena Norris,South,Office Supplies,Paper,25.92,12.44,4,0
PN-18775,Parhena Norris,South,,Accessories,,11.92,2,0.2
PN-18775,Parhena Norris,South,Technology,Phones,71.98,,3,
PN-18775,Parhena Norris,West,Office Supplies,,19.15,6.46,3,0.2
PO-18850,Patrick O'Brill,Central,Furniture,Bookcases,614,-18.06,3,0.32
PO-18850,Patrick O'Brill,Central,Furniture,,517.41,-81.31,5,0.3
PO-18850,Patrick O'Brill,Central,,Paper,44.75,20.58,5,0
PO-18850,Patrick O'Brill,Central,Technology,Phones,88.78,7.77,3,0.2
PO-18850,Patrick O'Brill,East,Furniture,Chairs,786.74,-258.5,4,0.3
PO-18850,Patrick O'Brill,East,Office Supplies,Binders,37.76,-27.69,6,0.7
PO-18850,Patrick O'Brill,East,Office Supplies,Labels,100.24,,10,0.2
PO-18850,Patrick O'Brill,East,Office Supplies,,54.22,3.39,2,0.2
PO-18850,Patrick O'Brill,East,Technology,Phones,290.9,-67.88,,0.4
PO-18850,Patrick O'Brill,South,Furniture,Furnishings,2.78,0.42,2,0.2
PO-18850,Patrick O'Brill,South,Office Supplies,Appliances,179.3,13.22,11,0.2
PO-18850,Patrick O'Brill,South,Office Supplies,Labels,,1.05,1,0.2
PO-18850,Patrick O'Brill,South,Office Supplies,Paper,179.36,72.42,14,0.15
PO-18850,Patrick O'Brill,South,Technology,,4367.9,327.59,13,0.2
PO-18850,Patrick O'Brill,West,Furniture,Chairs,122.14,-13.74,,
PO-18850,Patrick O'Brill,West,Office Supplies,Binders,12.18,4.41,1,0.2
PO-18850,Patrick O'Brill,West,Office Supplies,Storage,37.32,10.45,,0
PO-18850,Patrick O'Brill,West,Office Supplies,Supplies,35.06,10.52,2,0
PO-18865,Patrick O'Donnell,Central,Office Supplies,Binders,125.88,60.42,6,0
PO-18865,Patrick O'Donnell,Central,Office Supplies,Labels,133.2,,,0
PO-18865,Patrick O'Donnell,Central,Office Supplies,Storage,211.96,8.48,4,0
PO-18865,Patrick O'Donnell,Central,Technology,Accessories,79.78,29.52,2,0
PO-18865,Patrick O'Donnell,East,Furniture,Bookcases,323.14,,4,0.2
PO-18865,Patrick O'Donnell,East,Furniture,Furnishings,206.64,67.61,6,0
PO-18865,Patrick O'Donnell,East,Office Supplies,Binders,,19.79,3,0.2
PO-18865,Patrick O'Donnell,East,Technology,Accessories,31.8,13.67,,0
PO-18865,Patrick O'Donnell,East,,Phones,90.93,2.73,7,0
PO-18865,Patrick O'Donnell,South,Furniture,Chairs,301.96,33.22,2,0
PO-18865,Patrick O'Donnell,West,Office Supplies,Storage,330.4,85.9,2,0
PO-18865,Patrick O'Donnell,West,Technology,Phones,604.75,37.8,6,0.2
PO-19180,Philisse Overcash,Central,Furniture,Furnishings,,12.86,,0
PO-19180,Philisse Overcash,Central,Office Supplies,Appliances,715.64,,2,0
PO-19180,Philisse Overcash,Central,Office Supplies,Binders,88.54,12.35,9,0.4
PO-19180,Philisse Overcash,Central,Office Supplies,Paper,323.76,116.85,10,0.2
PO-19180,Philisse Overcash,Central,Office Supplies,Storage,795.51,,3,0
PO-19180,Philisse Overcash,Central,Technology,Accessories,399.95,143.98,5,0
PO-19180,Philisse Overcash,Central,Technology,Copiers,549.99,275,1,0
PO-19180,Philisse Overcash,Central,Technology,Machines,1007.98,43.2,3,0.3
PO-19180,Philisse Overcash,East,Office Supplies,,523.25,141.28,,0
PO-19180,Philisse Overcash,East,Office Supplies,,11.96,3.11,2,0
PO-19180,Philisse Overcash,East,Technology,Phones,,34.5,2,0
PO-19180,Philisse Overcash,West,Furniture,Chairs,83.14,5.2,4,0.2
PO-19180,Philisse Overcash,West,Furniture,Furnishings,19.54,7.23,2,0
PO-19180,Philisse Overcash,West,Office Supplies,Labels,39.28,19.25,8,0
PO-19180,Philisse Overcash,West,Office Supplies,Paper,20.34,9.36,3,0
PO-19180,Philisse Overcash,West,Technology,Phones,,9.18,3,0.2
PO-19195,Phillina Ober,Central,,Binders,3.54,-5.49,2,0.8
PO-19195,Phillina Ober,Central,Office Supplies,Labels,11.78,4.27,3,0.2
PO-19195,Phillina Ober,Central,Office Supplies,Storage,272.74,-64.77,3,0.2
PO-19195,Phillina Ober,East,Furniture,Chairs,,-93.47,,0.3
PO-19195,Phillina Ober,East,,Binders,90.25,,6,0.1
PO-19195,Phillina Ober,East,Technology,Accessories,63.96,19.83,4,0
PO-19195,Phillina Ober,East,,Phones,265.91,55.71,9,0
PO-19195,Phillina Ober,West,Office Supplies,Binders,4.3,1.56,1,0.2
PP-18955,Paul Prost,Central,Office Supplies,Appliances,706.86,,7,0
PP-18955,Paul Prost,Central,Office Supplies,Binders,43.19,20.73,7,0
PP-18955,Paul Prost,Central,Technology,Phones,114.95,2.3,5,0
PP-18955,Paul Prost,East,Furniture,Bookcases,301.96,,2,0
PP-18955,Paul Prost,East,Furniture,Chairs,172.76,13.44,2,0.1
PP-18955,Paul Prost,East,Furniture,Furnishings,148.29,29.66,7,0.2
PP-18955,Paul Prost,East,Office Supplies,Appliances,334.88,29.3,4,0.2
PP-18955,Paul Prost,East,Office Supplies,Art,12.16,4.2,5,0
PP-18955,Paul Prost,East,Office Supplies,,,-46.59,,0.7
PP-18955,Paul Prost,East,Office Supplies,Labels,15.12,5.33,6,0.2
PP-18955,Paul Prost,East,Office Supplies,Paper,116.44,41.65,,0.2
PP-18955,Paul Prost,East,Technology,,328.89,23.41,10,
PP-18955,Paul Prost,East,Technology,,,-9.79,7,0.4
PP-18955,Paul Prost,South,,Bookcases,239.98,52.8,2,
PP-18955,Paul Prost,South,Furniture,,18.84,7.16,3,0
PP-18955,Paul Prost,South,Office Supplies,Binders,,-11.42,3,0.7
PP-18955,Paul Prost,South,Office Supplies,,167.96,78.94,2,0
PP-18955,Paul Prost,South,,Fasteners,9.45,0.19,5,0
PP-18955,Paul Prost,South,Office Supplies,Paper,,392.1,19,0
PP-18955,Paul Prost,South,Office Supplies,Storage,235.42,3.16,4,
PP-18955,Paul Prost,South,Technology,Phones,973.64,192.76,11,0.07
PP-18955,Paul Prost,West,,Furnishings,21.4,,5,
PP-18955,Paul Prost,West,Furniture,Tables,2348.82,399.3,9,0
PR-18880,Patrick Ryan,Central,Technology,Phones,158.38,13.86,3,0.2
PR-18880,Patrick Ryan,South,Furniture,Furnishings,153.87,26.42,7,0.2
PR-18880,Patrick Ryan,West,Furniture,Furnishings,129.92,10.39,4,0
PR-18880,Patrick Ryan,West,,Tables,568.73,,3,0.2
PR-18880,Patrick Ryan,West,,Appliances,203.52,,3,0
PR-18880,Patrick Ryan,West,Office Supplies,Art,17.12,,4,0
PR-18880,Patrick Ryan,West,,Binders,117.14,42.46,9,
PR-18880,Patrick Ryan,West,Office Supplies,Labels,,24.84,5,0
PR-18880,Patrick Ryan,West,Office Supplies,Paper,7.78,3.5,1,0
PR-18880,Patrick Ryan,West,Technology,Phones,431.97,37.8,4,0.2
PS-18760,Pamela Stobb,Central,,Chairs,210.62,-33.18,6,0.3
PS-18760,Pamela Stobb,Central,Office Supplies,Paper,36.54,11.88,2,0.2
PS-18760,Pamela Stobb,Central,,Machines,399.54,-79.91,,
PS-18760,Pamela Stobb,East,Furniture,Chairs,,59.57,7,0.15
PS-18760,Pamela Stobb,East,Furniture,Furnishings,127.94,4.8,,0.2
PS-18760,Pamela Stobb,East,Office Supplies,Binders,73.99,8.51,10,0.47
PS-18760,Pamela Stobb,East,Office Supplies,Paper,17.94,8.79,3,0
PS-18760,Pamela Stobb,East,Office Supplies,Storage,11.21,3.36,1,0
PS-18760,Pamela Stobb,East,Technology,Machines,253.76,-186.86,3,0.7
PS-18760,Pamela Stobb,West,Furniture,Chairs,218.35,-19.11,3,0.2
PS-18760,Pamela Stobb,West,Office Supplies,Fasteners,10.9,3.6,5,0
PS-18760,Pamela Stobb,West,Office Supplies,Labels,30.42,14.76,10,0
PS-18760,Pamela Stobb,West,Office Supplies,Paper,47.11,22.61,4,0
PS-18760,Pamela Stobb,West,Technology,Accessories,274.89,46.73,11,0
PS-18970,Paul Stevenson,Central,Furniture,Chairs,213.12,-15.22,,
PS-18970,Paul Stevenson,Central,Office Supplies,Art,36.44,12.03,4,0
PS-18970,Paul Stevenson,East,Furniture,Furnishings,19.98,,1,0
PS-18970,Paul Stevenson,East,Office Supplies,Art,8,3.44,5,0
PS-18970,Paul Stevenson,South,Office Supplies,Envelopes,89.36,40.56,4,0
PS-18970,Paul Stevenson,West,Furniture,Chairs,191.97,16.8,7,0.2
PS-18970,Paul Stevenson,West,,Furnishings,209.9,,,0
PS-18970,Paul Stevenson,West,Office Supplies,Appliances,106.96,31.02,2,0
PS-18970,Paul Stevenson,West,Office Supplies,Binders,30.58,10.32,6,0.2
PS-18970,Paul Stevenson,West,Office Supplies,Fasteners,13.02,0.39,7,0
PS-18970,Paul Stevenson,West,Office Supplies,Storage,359.32,7.19,4,0
PS-19045,Penelope Sewall,Central,Office Supplies,Art,,,,
PS-19045,Penelope Sewall,East,Office Supplies,Binders,38.1,17.31,4,0
PS-19045,Penelope Sewall,East,,Envelopes,16.98,8.49,1,0
PS-19045,Penelope Sewall,East,Technology,Accessories,67.98,14.96,2,
PS-19045,Penelope Sewall,South,,Tables,2699.58,593.91,9,0
PS-19045,Penelope Sewall,South,Office Supplies,Binders,98.09,0.66,10,0.35
PS-19045,Penelope Sewall,South,Office Supplies,,470.69,30.47,9,
PS-19045,Penelope Sewall,West,Office Supplies,Paper,12.9,6.32,2,0
PS-19045,Penelope Sewall,West,Technology,Copiers,3359.95,1049.98,6,0.2
PT-19090,Pete Takahito,Central,Office Supplies,Binders,7.29,-11.41,7,0.8
PT-19090,Pete Takahito,Central,Office Supplies,Storage,93.46,-17.52,3,0.2
PT-19090,Pete Takahito,South,Furniture,Furnishings,43.94,6.04,4,0.2
PT-19090,Pete Takahito,South,Office Supplies,Art,4.45,1.11,2,
PT-19090,Pete Takahito,South,Office Supplies,Paper,6.67,2.5,1,0.2
PT-19090,Pete Takahito,South,Office Supplies,Storage,4.77,-0.77,2,0.2
PV-18985,Paul Van Hugh,Central,Furniture,Chairs,512.36,-14.64,3,0.3
PV-18985,Paul Van Hugh,Central,Office Supplies,Appliances,490.32,137.29,9,0
PV-18985,Paul Van Hugh,Central,Office Supplies,Art,22.29,3.9,7,0.2
PV-18985,Paul Van Hugh,Central,Office Supplies,Fasteners,3.49,0.57,,0.2
PV-18985,Paul Van Hugh,Central,Office Supplies,Paper,16.03,5.61,3,0.2
PV-18985,Paul Van Hugh,East,Furniture,Furnishings,26.72,11.76,1,0
PV-18985,Paul Van Hugh,East,Technology,Accessories,63.88,24.91,4,0
PV-18985,Paul Van Hugh,West,Furniture,Furnishings,8.73,4.1,3,0
PV-18985,Paul Van Hugh,West,Office Supplies,Art,15.68,4.55,7,0
PV-18985,Paul Van Hugh,West,Office Supplies,,112.12,42.04,5,0.2
PV-18985,Paul Van Hugh,West,Office Supplies,Storage,1575.14,204.77,7,0
PV-18985,Paul Van Hugh,West,Technology,Accessories,,9.67,1,0
PW-19030,Pauline Webber,Central,Office Supplies,Binders,115.84,54.44,8,0
PW-19030,Pauline Webber,East,Furniture,Chairs,90.88,15.15,1,0.1
PW-19030,Pauline Webber,East,Office Supplies,Paper,111.96,54.86,2,
PW-19030,Pauline Webber,East,Office Supplies,Storage,96.36,25.05,6,0
PW-19030,Pauline Webber,East,Technology,Phones,1289.9,326.43,10,0
PW-19030,Pauline Webber,South,Office Supplies,Appliances,64.38,8.05,1,0.2
PW-19030,Pauline Webber,South,Office Supplies,Paper,13.76,6.33,2,0
PW-19030,Pauline Webber,West,,Chairs,232.88,17.47,,0.2
PW-19030,Pauline Webber,West,Furniture,Furnishings,126.3,40.42,3,0
PW-19030,Pauline Webber,West,Office Supplies,Art,5.76,1.67,2,
PW-19030,Pauline Webber,West,Office Supplies,Paper,19.44,,3,0
PW-19030,Pauline Webber,West,,Accessories,1287.45,244.62,,0
PW-19240,Pierre Wener,Central,Furniture,Chairs,408.42,,2,0.3
PW-19240,Pierre Wener,East,Office Supplies,Art,20.99,6.53,7,0.1
PW-19240,Pierre Wener,East,,Binders,2541.98,,2,0
PW-19240,Pierre Wener,East,Office Supplies,Envelopes,16.56,7.78,2,0
PW-19240,Pierre Wener,East,Office Supplies,Paper,82.98,39.39,12,0
PW-19240,Pierre Wener,East,Technology,Phones,307.98,,2,0
PW-19240,Pierre Wener,South,Office Supplies,Binders,2.21,-1.48,3,0.7
PW-19240,Pierre Wener,West,Furniture,Bookcases,359.5,-29.61,3,0.15
PW-19240,Pierre Wener,West,Furniture,Tables,145.98,-99.27,2,0.5
PW-19240,Pierre Wener,West,Office Supplies,Paper,35.81,12.53,4,0.2
QJ-19255,Quincy Jones,Central,,Appliances,65.52,12.38,5,
QJ-19255,Quincy Jones,Central,Office Supplies,Art,13.57,3.22,4,0.2
QJ-19255,Quincy Jones,Central,Office Supplies,Binders,138.56,66.51,,0
QJ-19255,Quincy Jones,Central,Technology,Phones,114.95,2.3,5,0
QJ-19255,Quincy Jones,East,Furniture,Bookcases,4404.9,1013.13,5,
QJ-19255,Quincy Jones,East,Office Supplies,Binders,13.9,-9.26,3,0.7
QJ-19255,Quincy Jones,East,Office Supplies,Paper,126.62,41.15,,0.2
QJ-19255,Quincy Jones,East,Technology,Accessories,205.03,67.66,7,
QJ-19255,Quincy Jones,East,Technology,Phones,682.53,,6,0.2
QJ-19255,Quincy Jones,South,Office Supplies,Appliances,43.26,14.28,3,0
QJ-19255,Quincy Jones,South,,Binders,232.96,116.48,7,0
QJ-19255,Quincy Jones,South,Office Supplies,Envelopes,66.54,32.6,6,0
RA-19285,Ralph Arnett,Central,Office Supplies,Binders,15.34,-1,,0.4
RA-19285,Ralph Arnett,Central,Office Supplies,Supplies,2.92,0.36,1,0.2
RA-19285,Ralph Arnett,East,Furniture,,,4.8,,0.2
RA-19285,Ralph Arnett,East,Furniture,Furnishings,101.35,,6,0.1
RA-19285,Ralph Arnett,East,Office Supplies,Storage,285.96,,10,0.1
RA-19285,Ralph Arnett,South,Office Supplies,Art,10.69,2.27,2,
RA-19285,Ralph Arnett,South,Technology,Phones,67.77,-12.25,,0.2
RA-19285,Ralph Arnett,West,Office Supplies,Binders,487.98,152.49,2,0.2
RA-19285,Ralph Arnett,West,Office Supplies,,30.54,14.25,6,0
RA-19285,Ralph Arnett,West,,Storage,217.85,65.35,,0
RA-19285,Ralph Arnett,West,Technology,Copiers,1199.96,224.99,5,0.2
RA-19285,Ralph Arnett,West,Technology,Phones,5.56,1.74,1,0.2
RA-19885,Ruben Ausman,South,Furniture,Tables,1215.92,316.14,8,0
RA-19885,Ruben Ausman,South,Office Supplies,Appliances,675.12,290.3,3,0
RA-19885,Ruben Ausman,South,Office Supplies,Binders,319.9,156.75,5,0
RA-19885,Ruben Ausman,South,Office Supplies,Envelopes,,13.29,5,0
RA-19885,Ruben Ausman,South,Office Supplies,Labels,4.61,1.67,2,0.2
RA-19885,Ruben Ausman,South,Technology,,79.99,28.8,1,0
RA-19885,Ruben Ausman,South,Technology,Phones,206.1,55.65,5,0
RA-19885,Ruben Ausman,West,Furniture,Furnishings,9.24,2.96,3,0
RA-19885,Ruben Ausman,West,Office Supplies,Binders,948.22,319.81,6,0.2
RA-19885,Ruben Ausman,West,Office Supplies,Envelopes,71.88,33.06,,
RA-19885,Ruben Ausman,West,Office Supplies,Paper,35.88,16.15,,0
RA-19885,Ruben Ausman,West,Office Supplies,,77.88,3.89,2,0
RA-19885,Ruben Ausman,West,Technology,Accessories,159.99,54.4,1,0
RA-19915,Russell Applegate,Central,Furniture,Bookcases,1298.37,,,0.3
RA-19915,Russell Applegate,Central,Office Supplies,Appliances,8.65,-20.33,,0.8
RA-19915,Russell Applegate,Central,,Art,5.25,1.64,4,0.2
RA-19915,Russell Applegate,Central,Office Supplies,Binders,,-67.94,18,0.8
RA-19915,Russell Applegate,Central,Office Supplies,Paper,159.85,74.81,9,0
RA-19915,Russell Applegate,Central,Office Supplies,Storage,223.9,15.19,6,
RA-19915,Russell Applegate,Central,Technology,Phones,204.55,26.69,5,0.1
RA-19915,Russell Applegate,East,Office Supplies,Paper,,24.47,,0
RA-19915,Russell Applegate,South,Furniture,Chairs,368.97,81.17,3,0
RA-19915,Russell Applegate,South,Office Supplies,,118.25,34.29,,0
RA-19915,Russell Applegate,West,Furniture,Bookcases,119.83,-12.69,1,
RA-19915,Russell Applegate,West,Office Supplies,Art,43.18,4.32,3,0.2
RA-19915,Russell Applegate,West,Office Supplies,Binders,46.67,16.34,2,0.2
RA-19915,Russell Applegate,West,Technology,Accessories,119.98,57.59,2,0
RA-19915,Russell Applegate,West,Technology,,1983.97,248,,
RA-19945,Ryan Akin,Central,Furniture,Furnishings,16.19,-8.5,2,0.6
RA-19945,Ryan Akin,Central,Furniture,Tables,251.01,-68.13,2,
RA-19945,Ryan Akin,Central,,Storage,54.19,4.06,6,0.2
RA-19945,Ryan Akin,East,,Accessories,25.49,4.46,,0.2
RA-19945,Ryan Akin,South,Furniture,Tables,174.06,-110.76,3,0.45
RA-19945,Ryan Akin,South,Office Supplies,Binders,505.18,-336.78,4,0.7
RA-19945,Ryan Akin,South,Office Supplies,Envelopes,,10.81,2,0.2
RA-19945,Ryan Akin,West,Office Supplies,Storage,631,59.15,6,0.1
RB-19330,Randy Bradley,Central,Office Supplies,Binders,9.76,-15.13,3,0.8
RB-19330,Randy Bradley,Central,Office Supplies,Storage,,-57.11,,0.2
RB-19330,Randy Bradley,Central,Technology,Accessories,55.2,,1,0.2
RB-19330,Randy Bradley,East,Furniture,Chairs,,-93.99,5,0.3
RB-19330,Randy Bradley,East,,Paper,,3.89,2,
RB-19360,Raymond Buch,Central,Office Supplies,Labels,20.23,9.51,7,0
RB-19360,Raymond Buch,East,Office Supplies,Art,374.33,98.43,,0.04
RB-19360,Raymond Buch,East,Office Supplies,Storage,161.94,9.72,3,0
RB-19360,Raymond Buch,East,Technology,Accessories,119.96,35.99,5,0.2
RB-19360,Raymond Buch,East,Technology,,35.12,9.13,,0
RB-19360,Raymond Buch,South,Furniture,Furnishings,44.76,,3,0.2
RB-19360,Raymond Buch,South,Office Supplies,Art,4.45,0.33,2,0.2
RB-19360,Raymond Buch,South,Office Supplies,Binders,11.28,-8.65,3,0.7
RB-19360,Raymond Buch,West,Furniture,Furnishings,30.8,10.16,4,
RB-19360,Raymond Buch,West,Office Supplies,Appliances,151.62,50.03,7,0
RB-19360,Raymond Buch,West,Office Supplies,Paper,20.04,9.62,,0
RB-19360,Raymond Buch,West,Office Supplies,Storage,,4.87,2,0
RB-19360,Raymond Buch,West,Technology,Copiers,13999.96,6719.98,4,0
RB-19360,Raymond Buch,West,Technology,Phones,110.38,12.42,,0.2
RB-19435,Richard Bierner,Central,Office Supplies,Appliances,32.78,-85.24,4,0.8
RB-19435,Richard Bierner,Central,Technology,Accessories,111.79,43.6,7,0
RB-19435,Richard Bierner,East,Office Supplies,Appliances,22.75,,7,0
RB-19435,Richard Bierner,East,Office Supplies,,794.44,335.89,,0.23
RB-19435,Richard Bierner,East,Technology,Machines,101.99,-71.4,,0.7
RB-19435,Richard Bierner,South,Office Supplies,Art,22.96,6.66,7,0
RB-19435,Richard Bierner,West,Furniture,Chairs,725.34,54.4,4,0.2
RB-19435,Richard Bierner,West,Furniture,Furnishings,19.92,,3,0
RB-19435,Richard Bierner,West,Office Supplies,Art,15.42,4.68,6,
RB-19435,Richard Bierner,West,Office Supplies,Paper,222.51,104.48,9,0
RB-19435,Richard Bierner,West,Technology,,,20.77,3,0
RB-19435,Richard Bierner,West,Technology,Phones,539.92,,5,0.2
RB-19465,Rick Bensley,Central,,,649.92,191.74,4,0
RB-19465,Rick Bensley,Central,Furniture,Furnishings,15.92,7,2,0
RB-19465,Rick Bensley,Central,Furniture,Tables,429.9,,5,0
RB-19465,Rick Bensley,Central,Office Supplies,,33.85,12.35,5,0.4
RB-19465,Rick Bensley,Central,Office Supplies,Paper,73.07,25.26,9,0.2
RB-19465,Rick Bensley,Central,Office Supplies,Storage,19.86,5.76,2,0
RB-19465,Rick Bensley,Central,,Accessories,95.98,-10.8,3,0.2
RB-19465,Rick Bensley,Central,,Machines,574.91,156.05,2,0.3
RB-19465,Rick Bensley,East,,Tables,815.29,-339.71,9,0.4
RB-19465,Rick Bensley,East,Office Supplies,Labels,24.55,12.03,5,0
RB-19465,Rick Bensley,East,Technology,Accessories,199.75,87.89,5,
RB-19465,Rick Bensley,South,Office Supplies,,93.25,31.47,4,
RB-19465,Rick Bensley,South,Technology,Phones,177.48,19.97,3,0.2
RB-19465,Rick Bensley,West,Furniture,Furnishings,1074.6,281.43,10,0
RB-19465,Rick Bensley,West,Office Supplies,Binders,15.42,5.01,4,
RB-19465,Rick Bensley,West,Office Supplies,Paper,13.36,6.41,2,0
RB-19465,Rick Bensley,West,Office Supplies,Storage,158.9,7.94,5,0
RB-19465,Rick Bensley,West,Technology,Phones,249.46,28.96,6,0.2
RB-19570,Rob Beeghly,Central,Furniture,Bookcases,198.74,0,4,0.3
RB-19570,Rob Beeghly,Central,Furniture,Furnishings,30.34,-31.86,2,0.6
RB-19570,Rob Beeghly,Central,Office Supplies,Appliances,61.44,16.59,3,0
RB-19570,Rob Beeghly,Central,Office Supplies,Paper,38.9,17.5,5,0
RB-19570,Rob Beeghly,Central,Technology,,99.39,40.75,3,0
RB-19570,Rob Beeghly,South,Office Supplies,,21.74,7.34,1,0.2
RB-19570,Rob Beeghly,South,Technology,Phones,7.92,0.69,5,0.2
RB-19570,Rob Beeghly,West,Office Supplies,Binders,48.66,15.82,7,0.2
RB-19570,Rob Beeghly,West,Office Supplies,Paper,,10.06,5,0
RB-19645,Robert Barroso,South,Furniture,,20.32,3.56,5,0.2
RB-19645,Robert Barroso,South,Office Supplies,Envelopes,55.94,18.88,8,0.2
RB-19645,Robert Barroso,South,Office Supplies,Labels,18.43,5.99,8,
RB-19645,Robert Barroso,South,Office Supplies,,9.96,4.88,2,0
RB-19645,Robert Barroso,West,Office Supplies,Binders,57.86,20.04,4,0.2
RB-19645,Robert Barroso,West,Technology,Accessories,58.58,19.33,2,0
RB-19705,Roger Barcio,Central,Furniture,,,-90.38,3,0.3
RB-19705,Roger Barcio,East,Furniture,Chairs,589.41,-6.55,5,0.1
RB-19705,Roger Barcio,East,Office Supplies,Art,46.47,16.28,9,0
RB-19705,Roger Barcio,East,Office Supplies,,70.98,3.55,1,0
RB-19705,Roger Barcio,East,Technology,Phones,1079.85,323.95,3,0
RB-19705,Roger Barcio,West,Office Supplies,Binders,5.68,-3.79,1,0.7
RB-19795,Ross Baird,Central,Office Supplies,,15.28,7.49,2,0
RB-19795,Ross Baird,East,Furniture,Furnishings,1523.72,62.63,13,0.2
RB-19795,Ross Baird,East,Furniture,Tables,2065.32,-619.6,12,0.4
RB-19795,Ross Baird,East,Office Supplies,Binders,25.18,-18.46,4,0.7
RB-19795,Ross Baird,East,Office Supplies,Paper,40.9,13.36,9,0.2
RB-19795,Ross Baird,South,Office Supplies,Binders,217.47,-165.8,5,0.7
RB-19795,Ross Baird,South,Office Supplies,,544.82,-48.03,5,0.2
RB-19795,Ross Baird,South,Technology,Accessories,956.38,208.09,,0.2
RB-19795,Ross Baird,West,,,80.53,38.07,15,0
RB-19795,Ross Baird,West,Office Supplies,Paper,99.9,46.95,5,0
RB-19795,Ross Baird,West,Technology,Accessories,63.82,13.56,,0.2
RC-19825,Roy Collins,Central,Technology,Phones,328.22,28.72,4,0.2
RC-19825,Roy Collins,East,Furniture,Tables,181.8,-15.58,1,0.3
RC-19825,Roy Collins,South,Office Supplies,Fasteners,10.74,5.26,,0
RC-19825,Roy Collins,South,Office Supplies,Storage,24.56,6.88,2,0
RC-19825,Roy Collins,West,Furniture,,161.57,-8.08,2,0.2
RC-19825,Roy Collins,West,Office Supplies,Appliances,21.78,5.66,2,0
RC-19825,Roy Collins,West,Office Supplies,Art,11.33,2.55,2,0.2
RC-19825,Roy Collins,West,Office Supplies,Binders,17.71,6.42,3,0.2
RC-19825,Roy Collins,West,Office Supplies,Paper,46.76,22.44,7,0
RC-19825,Roy Collins,West,Office Supplies,Storage,161.94,9.72,3,0
RC-19960,Ryan Crowe,Central,Office Supplies,Envelopes,,33.6,2,0.2
RC-19960,Ryan Crowe,Central,Office Supplies,,35.56,,7,0
RC-19960,Ryan Crowe,Central,Technology,Phones,97.98,27.43,2,0
RC-19960,Ryan Crowe,East,Office Supplies,Envelopes,135.18,45.68,8,0.2
RC-19960,Ryan Crowe,East,Office Supplies,,40.1,14.53,14,0.2
RC-19960,Ryan Crowe,East,Office Supplies,Paper,23.98,7.49,3,0.2
RC-19960,Ryan Crowe,East,Technology,,89.97,25.19,3,0
RC-19960,Ryan Crowe,South,Furniture,Furnishings,34.5,6.04,1,0.2
RC-19960,Ryan Crowe,West,Furniture,Tables,275.49,-170.8,1,
RC-19960,Ryan Crowe,West,,Storage,53.42,4.67,3,0.2
RD-19480,Rick Duston,Central,Furniture,Furnishings,,5.19,3,0
RD-19480,Rick Duston,Central,Office Supplies,Binders,128.4,64.2,3,0
RD-19480,Rick Duston,Central,Technology,Phones,16.68,5.21,3,0.2
RD-19480,Rick Duston,East,Office Supplies,Binders,68.48,25.68,2,0.2
RD-19480,Rick Duston,East,Office Supplies,Storage,1676.88,83.84,6,0
RD-19480,Rick Duston,West,Furniture,Chairs,218.35,0,3,0.2
RD-19480,Rick Duston,West,Furniture,Furnishings,529.9,105.98,5,0
RD-19480,Rick Duston,West,,Appliances,173.86,49.33,7,0
RD-19480,Rick Duston,West,Office Supplies,Art,99.3,41.71,10,0
RD-19480,Rick Duston,West,Office Supplies,Binders,19.07,6.58,5,0.2
RD-19480,Rick Duston,West,Technology,Phones,,92.87,13,0.2
RD-19585,Rob Dowd,Central,Office Supplies,Binders,49.44,24.23,3,0
RD-19585,Rob Dowd,Central,Technology,Phones,431.93,139.54,8,0.1
RD-19585,Rob Dowd,East,Office Supplies,Labels,5.22,2.4,2,0
RD-19585,Rob Dowd,East,Technology,,79.99,28.8,1,0
RD-19585,Rob Dowd,South,Furniture,Furnishings,57.21,,12,0
RD-19585,Rob Dowd,South,Office Supplies,Appliances,154.9,40.27,5,0
RD-19585,Rob Dowd,South,Office Supplies,Envelopes,10.67,4.91,1,0
RD-19585,Rob Dowd,South,Office Supplies,,15.84,7.13,3,0
RD-19585,Rob Dowd,South,Office Supplies,Storage,36.63,9.89,3,0
RD-19585,Rob Dowd,South,Technology,Phones,1049.93,293.98,7,0
RD-19585,Rob Dowd,West,Office Supplies,Binders,29.2,9.85,5,0.2
RD-19585,Rob Dowd,West,Office Supplies,Labels,87.71,41.22,7,
RD-19585,Rob Dowd,West,Office Supplies,Paper,36.84,17.31,3,0
RD-19585,Rob Dowd,West,Office Supplies,Storage,87.92,0.88,4,0
RD-19585,Rob Dowd,West,Technology,Accessories,285.09,42.59,,0
RD-19585,Rob Dowd,West,Technology,Phones,494.38,49.44,3,
RD-19660,Robert Dilbeck,Central,Furniture,Tables,697.16,,4,0
RD-19660,Robert Dilbeck,Central,Office Supplies,Binders,1577.94,757.41,3,0
RD-19660,Robert Dilbeck,East,Office Supplies,Labels,16.52,5.37,5,0.2
RD-19660,Robert Dilbeck,West,Furniture,Chairs,454.27,-73.82,,0.2
RD-19660,Robert Dilbeck,West,Office Supplies,Storage,40.74,0.41,,
RD-19720,Roger Demir,Central,Office Supplies,Paper,38.43,13.45,1,0.2
RD-19720,Roger Demir,Central,Office Supplies,Storage,102.97,22.78,7,0.1
RD-19720,Roger Demir,Central,Technology,Accessories,81.58,2.04,3,0.2
RD-19720,Roger Demir,East,Furniture,Furnishings,89.34,24.12,6,0
RD-19720,Roger Demir,East,Office Supplies,Binders,11.09,,7,0.7
RD-19720,Roger Demir,East,,Labels,34.86,16.04,7,0
RD-19720,Roger Demir,East,Office Supplies,Paper,61.96,27.88,2,
RD-19720,Roger Demir,East,Technology,Accessories,238,38.08,2,0
RD-19720,Roger Demir,South,Office Supplies,Envelopes,27.31,9.22,2,0.2
RD-19720,Roger Demir,South,Technology,Accessories,50.88,14.63,6,0.2
RD-19720,Roger Demir,West,Furniture,Bookcases,205.67,-12.1,2,0.15
RD-19720,Roger Demir,West,Furniture,Tables,268.7,6.72,3,0.2
RD-19720,Roger Demir,West,Office Supplies,Art,21.92,5.92,8,0
RD-19720,Roger Demir,West,Office Supplies,Binders,99.06,23.74,11,0.45
RD-19720,Roger Demir,West,Office Supplies,Fasteners,4.46,-0.95,3,0.2
RD-19720,Roger Demir,West,,Paper,34.79,16.59,5,0
RD-19720,Roger Demir,West,Office Supplies,Storage,48.72,7.31,3,0
RD-19810,Ross DeVincentis,Central,Furniture,Furnishings,22.2,-26.08,1,
RD-19810,Ross DeVincentis,Central,Office Supplies,Binders,8.61,-13.34,8,0.8
RD-19810,Ross DeVincentis,Central,Office Supplies,Paper,490.17,,8,0.2
RD-19810,Ross DeVincentis,Central,Technology,Accessories,,,5,
RD-19810,Ross DeVincentis,East,Office Supplies,Binders,33.38,10.43,4,0.2
RD-19810,Ross DeVincentis,East,Office Supplies,Fasteners,17.18,6.23,6,0.2
RD-19810,Ross DeVincentis,East,Office Supplies,Paper,32.4,,,0
RD-19810,Ross DeVincentis,South,Furniture,Chairs,33.94,,1,0
RD-19810,Ross DeVincentis,South,,Labels,30,,8,0
RD-19810,Ross DeVincentis,South,Office Supplies,Paper,,7.66,5,0.2
RD-19810,Ross DeVincentis,South,Office Supplies,Storage,105.98,4.24,7,0
RD-19810,Ross DeVincentis,South,Office Supplies,Supplies,,10.52,2,
RD-19810,Ross DeVincentis,West,Office Supplies,,,73.41,3,
RD-19900,Ruben Dartt,Central,Furniture,Furnishings,127.95,21.75,3,0
RD-19900,Ruben Dartt,Central,Office Supplies,Art,40.59,12.06,5,0
RD-19900,Ruben Dartt,Central,Office Supplies,Binders,,18.09,5,0
RD-19900,Ruben Dartt,Central,Office Supplies,Storage,689.82,20.69,6,0
RD-19900,Ruben Dartt,East,Technology,Accessories,47.5,,1,
RD-19900,Ruben Dartt,West,Furniture,Furnishings,113.32,33.96,,0
RD-19900,Ruben Dartt,West,Office Supplies,Envelopes,28.4,13.35,5,0
RD-19900,Ruben Dartt,West,Office Supplies,Labels,61.77,,11,0
RD-19900,Ruben Dartt,West,Office Supplies,Paper,82.22,,9,0
RD-19900,Ruben Dartt,West,Office Supplies,,131.36,27.65,7,0.1
RD-19900,Ruben Dartt,West,Technology,Accessories,290.93,84.77,8,0.1
RD-19900,Ruben Dartt,West,Technology,Phones,1479.86,158.37,17,0.2
RD-19930,Russell D'Ascenzo,Central,Furniture,Chairs,127.39,-25.48,2,0.3
RD-19930,Russell D'Ascenzo,Central,Furniture,Furnishings,31.78,-19.07,3,0.6
RD-19930,Russell D'Ascenzo,Central,Office Supplies,Binders,1.79,-3.04,3,0.8
RD-19930,Russell D'Ascenzo,Central,Office Supplies,Envelopes,55.58,20.84,6,0.2
RD-19930,Russell D'Ascenzo,Central,Office Supplies,Fasteners,19.42,-2.9,,0.2
RD-19930,Russell D'Ascenzo,Central,Office Supplies,Labels,4.93,,2,0.2
RD-19930,Russell D'Ascenzo,Central,Office Supplies,Paper,10.37,3.63,2,0.2
RD-19930,Russell D'Ascenzo,Central,Technology,Accessories,95.74,20.34,3,
RD-19930,Russell D'Ascenzo,West,Technology,Phones,623.96,39,,0.2
RE-19405,Ricardo Emerson,East,,Appliances,48.36,6.04,5,0.2
RE-19450,Richard Eichhorn,Central,Furniture,Furnishings,61.54,-40,7,0.6
RE-19450,Richard Eichhorn,Central,Office Supplies,Labels,15.94,5.18,4,0.2
RE-19450,Richard Eichhorn,Central,Office Supplies,Paper,222.52,101.69,12,0.1
RE-19450,Richard Eichhorn,Central,Office Supplies,Storage,132.7,9.95,3,0.2
RE-19450,Richard Eichhorn,Central,Technology,Phones,239.9,71.97,2,0
RE-19450,Richard Eichhorn,East,,Fasteners,29.61,13.32,9,0
RE-19450,Richard Eichhorn,West,Furniture,Furnishings,104.23,28.14,7,0
RE-19450,Richard Eichhorn,West,,Storage,70.26,18.97,3,0
RF-19345,Randy Ferguson,Central,Office Supplies,Labels,11.95,3.88,3,0.2
RF-19345,Randy Ferguson,East,Furniture,Furnishings,139.86,60.14,7,0
RF-19345,Randy Ferguson,East,Office Supplies,Appliances,33.28,,4,0
RF-19345,Randy Ferguson,East,Office Supplies,Art,38.52,11.94,9,0
RF-19345,Randy Ferguson,East,Office Supplies,Binders,33.55,12.58,1,0.2
RF-19345,Randy Ferguson,South,Furniture,Chairs,182.67,52.97,3,0
RF-19345,Randy Ferguson,South,Furniture,Furnishings,27.42,,3,0
RF-19345,Randy Ferguson,South,,Binders,172.62,70.26,,0.35
RF-19345,Randy Ferguson,South,Office Supplies,Labels,10.08,3.53,4,0.2
RF-19345,Randy Ferguson,South,Office Supplies,Storage,2389.32,372.13,9,0
RF-19345,Randy Ferguson,South,Technology,Accessories,176.7,24.1,9,0
RF-19345,Randy Ferguson,West,Furniture,Furnishings,87.96,7.7,3,0.2
RF-19345,Randy Ferguson,West,Office Supplies,Binders,5.21,-4.17,2,0.7
RF-19735,Roland Fjeld,Central,Furniture,Chairs,302.67,72.64,3,0
RF-19735,Roland Fjeld,Central,Furniture,Furnishings,157.74,56.79,11,0
RF-19735,Roland Fjeld,Central,Office Supplies,Appliances,137.62,60.55,2,0
RF-19735,Roland Fjeld,Central,Office Supplies,Art,56.98,,7,0
RF-19735,Roland Fjeld,Central,Office Supplies,Binders,94.41,44.52,6,
RF-19735,Roland Fjeld,Central,,Phones,821.95,169.97,6,0.1
RF-19735,Roland Fjeld,East,Office Supplies,Labels,21.93,10.31,3,0
RF-19735,Roland Fjeld,South,,Accessories,,22.65,3,
RF-19735,Roland Fjeld,West,Office Supplies,Fasteners,10.23,4.91,3,0
RF-19735,Roland Fjeld,West,Office Supplies,Paper,154.9,69.7,,0
RF-19735,Roland Fjeld,West,Technology,Accessories,519.96,176.79,4,
RF-19840,Roy Französisch,Central,Office Supplies,Storage,,4.96,4,0.2
RF-19840,Roy Französisch,East,Office Supplies,,35.91,,3,0
RF-19840,Roy Französisch,East,Office Supplies,Binders,,,5,0.7
RF-19840,Roy Französisch,East,Office Supplies,Supplies,6.36,,2,0
RF-19840,Roy Französisch,South,Office Supplies,Appliances,203.92,55.06,4,0
RF-19840,Roy Französisch,South,Office Supplies,Art,40.05,11.21,3,0
RF-19840,Roy Französisch,South,Office Supplies,Binders,22.32,10.71,4,0
RF-19840,Roy Französisch,South,Office Supplies,Labels,103.6,51.8,7,0
RF-19840,Roy Französisch,South,Technology,Phones,29.56,7.98,4,0
RF-19840,Roy Französisch,West,Furniture,Furnishings,383.64,122.76,6,0
RF-19840,Roy Französisch,West,Office Supplies,Appliances,56.52,15.83,3,0
RH-19495,Rick Hansen,Central,Office Supplies,Binders,20.16,9.88,7,0
RH-19495,Rick Hansen,East,Furniture,Tables,1090.78,-290.88,,0.4
RH-19495,Rick Hansen,East,Office Supplies,Paper,91.28,44.27,11,0
RH-19495,Rick Hansen,East,Technology,Accessories,2309.65,762.18,7,0
RH-19495,Rick Hansen,South,Office Supplies,Paper,20.74,7.26,4,0.2
RH-19495,Rick Hansen,West,Office Supplies,Paper,88.77,31.07,2,0.2
RH-19510,Rick Huthwaite,Central,Technology,Phones,,10.96,2,0
RH-19510,Rick Huthwaite,East,Furniture,Chairs,872.32,244.25,4,0
RH-19510,Rick Huthwaite,East,Office Supplies,Binders,49.53,23.77,3,0
RH-19510,Rick Huthwaite,East,Office Supplies,Paper,17.04,7.67,3,0
RH-19510,Rick Huthwaite,East,Office Supplies,Storage,1606.23,481.87,9,
RH-19510,Rick Huthwaite,West,,Paper,159.78,79.63,,0
RH-19510,Rick Huthwaite,West,Office Supplies,,15.51,4.34,,0
RH-19510,Rick Huthwaite,West,Office Supplies,,,12.43,5,0
RH-19510,Rick Huthwaite,West,Technology,Accessories,26.85,5.1,,0
RH-19510,Rick Huthwaite,West,Technology,Machines,3357.6,377.73,3,0.2
RH-19510,Rick Huthwaite,West,Technology,Phones,555.96,41.7,5,0.2
RH-19555,Ritsa Hightower,South,Office Supplies,Binders,35.62,-26.12,6,0.7
RH-19555,Ritsa Hightower,South,Office Supplies,Storage,704.76,26.43,5,0.2
RH-19600,Rob Haberlin,Central,Furniture,Chairs,790.54,-98.63,8,0.3
RH-19600,Rob Haberlin,Central,Office Supplies,Paper,11.17,3.77,2,0.2
RH-19600,Rob Haberlin,Central,Office Supplies,Storage,504.1,55,8,0.2
RH-19600,Rob Haberlin,South,Furniture,Furnishings,186.54,41.04,3,0
RH-19600,Rob Haberlin,South,Office Supplies,Appliances,44.43,18.66,3,
RH-19600,Rob Haberlin,South,Office Supplies,Art,293.76,86.73,12,0
RH-19600,Rob Haberlin,South,Technology,Accessories,29,7.25,2,0
RH-19600,Rob Haberlin,South,Technology,Phones,226.2,58.81,5,0
RK-19300,Ralph Kennedy,Central,Office Supplies,Envelopes,106.75,49.1,7,0
RK-19300,Ralph Kennedy,Central,Office Supplies,,124.22,,7,0
RK-19300,Ralph Kennedy,Central,,Storage,176.16,47.91,6,0
RK-19300,Ralph Kennedy,Central,Technology,,831.2,124.68,5,0
RK-19300,Ralph Kennedy,East,Furniture,Tables,209.67,-13.98,1,0.4
RK-19300,Ralph Kennedy,East,Office Supplies,,12.19,4.11,3,0.2
RL-19615,Rob Lucas,Central,Furniture,Chairs,383.61,-5.48,9,0.3
RL-19615,Rob Lucas,Central,Furniture,Furnishings,7.76,-2.13,1,0.6
RL-19615,Rob Lucas,Central,Office Supplies,Art,6.91,0.69,3,0.2
RL-19615,Rob Lucas,Central,Office Supplies,Binders,,-2.99,2,0.8
RL-19615,Rob Lucas,Central,Office Supplies,Labels,29.24,,5,0.2
RL-19615,Rob Lucas,Central,Office Supplies,Storage,35.17,-8.35,2,0.2
RL-19615,Rob Lucas,Central,Technology,,1362.9,-19.47,3,0.3
RL-19615,Rob Lucas,Central,Technology,Phones,1345.19,119.9,13,
RL-19615,Rob Lucas,East,Furniture,Bookcases,87.21,-45.35,3,0.5
RL-19615,Rob Lucas,East,,,15.55,5.44,3,0.2
RL-19615,Rob Lucas,East,Office Supplies,Storage,13.39,1,3,0.2
RL-19615,Rob Lucas,East,Technology,Accessories,544.7,,5,0.2
RL-19615,Rob Lucas,East,Technology,Phones,683.99,,2,0.4
RL-19615,Rob Lucas,South,Office Supplies,Binders,22.75,11.38,5,0
RL-19615,Rob Lucas,South,Office Supplies,Paper,229.54,83.21,7,0.2
RL-19615,Rob Lucas,South,Technology,Phones,979.95,274.39,5,
RL-19615,Rob Lucas,West,Furniture,Bookcases,344.98,28.41,7,0.15
RL-19615,Rob Lucas,West,Office Supplies,Art,76.02,30.74,16,0
RL-19615,Rob Lucas,West,Office Supplies,Fasteners,15,7.2,3,0
RL-19615,Rob Lucas,West,,Paper,49.12,23.09,4,0
RM-19375,Raymond Messe,Central,Technology,Accessories,46.86,7.62,2,0.2
RM-19375,Raymond Messe,East,Office Supplies,Appliances,542.94,152.02,,0
RM-19375,Raymond Messe,East,Office Supplies,Art,21.4,6.21,5,0
RM-19375,Raymond Messe,East,Office Supplies,Envelopes,2.04,0.96,1,0
RM-19375,Raymond Messe,East,Office Supplies,Paper,92.2,43.33,5,0
RM-19375,Raymond Messe,South,Furniture,Bookcases,354.9,88.73,,0
RM-19375,Raymond Messe,South,Technology,Phones,177.48,19.97,,
RM-19375,Raymond Messe,West,Furniture,,215.65,,5,0
RM-19675,Robert Marley,East,,Chairs,69.26,14.62,2,0.1
RM-19675,Robert Marley,East,Office Supplies,,22.45,10.33,5,0
RM-19675,Robert Marley,East,,Paper,11.36,,2,0
RM-19675,Robert Marley,East,,Phones,311.98,93.59,2,0
RM-19675,Robert Marley,South,,Accessories,29,7.25,,0
RM-19675,Robert Marley,South,Technology,Phones,653.91,173.02,9,0
RM-19675,Robert Marley,West,Office Supplies,Appliances,,459.4,5,0
RM-19675,Robert Marley,West,Office Supplies,Binders,90.48,33.93,,0.2
RM-19675,Robert Marley,West,Technology,Accessories,270,,3,0
RM-19675,Robert Marley,West,Technology,Copiers,2879.95,1007.98,6,
RM-19750,Roland Murray,East,Furniture,Furnishings,,16.55,3,0
RM-19750,Roland Murray,East,,Paper,26.38,12.13,,0
RO-19780,Rose O'Brian,Central,Furniture,Chairs,1374.39,-39.27,7,0.3
RO-19780,Rose O'Brian,Central,Office Supplies,Appliances,67.84,-179.78,5,0.8
RO-19780,Rose O'Brian,Central,Office Supplies,Art,18.69,3.74,4,0.2
RO-19780,Rose O'Brian,Central,Office Supplies,Paper,11.42,3.71,3,0.2
RO-19780,Rose O'Brian,Central,Technology,Phones,299.96,37.49,5,0.2
RO-19780,Rose O'Brian,South,Furniture,Tables,189.88,-94.94,,
RO-19780,Rose O'Brian,South,,Art,36.96,12.01,,0.2
RO-19780,Rose O'Brian,South,Office Supplies,Binders,1598.06,-1065.37,7,0.7
RO-19780,Rose O'Brian,South,Technology,,173.94,50.44,6,0
RO-19780,Rose O'Brian,West,Office Supplies,Binders,14.59,4.92,3,
RO-19780,Rose O'Brian,West,Office Supplies,Storage,29.74,4.46,,0
RP-19270,Rachel Payne,Central,Furniture,Bookcases,369.2,-114.02,3,0.32
RP-19270,Rachel Payne,Central,Office Supplies,Binders,6.23,-9.66,5,0.8
RP-19270,Rachel Payne,Central,Office Supplies,Labels,35.52,13.32,,0.2
RP-19270,Rachel Payne,Central,Office Supplies,Paper,56.7,19.14,2,0.2
RP-19270,Rachel Payne,West,Office Supplies,Appliances,134.48,34.96,4,0
RP-19270,Rachel Payne,West,Office Supplies,Binders,56.5,19.85,17,
RP-19270,Rachel Payne,West,Office Supplies,Labels,18.75,9,5,0
RP-19270,Rachel Payne,West,Office Supplies,Paper,159.69,,5,0
RP-19270,Rachel Payne,West,Technology,Phones,117.58,,3,0.2
RP-19390,Resi Pölking,Central,,Chairs,2807.84,673.88,,0
RP-19390,Resi Pölking,Central,Office Supplies,,,12.59,4,0
RP-19390,Resi Pölking,Central,,,5.63,-9.7,,0.8
RP-19390,Resi Pölking,East,Furniture,Furnishings,30.36,8.73,5,0.2
RP-19390,Resi Pölking,East,,Appliances,3.55,0.44,2,0.2
RP-19390,Resi Pölking,East,Office Supplies,Art,,2.03,3,0
RP-19390,Resi Pölking,East,,Binders,556.22,190.4,19,0.2
RP-19390,Resi Pölking,East,Office Supplies,Paper,142.2,69.42,7,0
RP-19390,Resi Pölking,East,Office Supplies,Storage,22.58,5.87,2,0
RP-19390,Resi Pölking,East,Office Supplies,Supplies,11.64,3.38,3,
RP-19390,Resi Pölking,West,Furniture,Furnishings,14.19,5.53,3,0
RP-19390,Resi Pölking,West,Office Supplies,Appliances,22.66,9.74,2,0
RP-19390,Resi Pölking,West,Office Supplies,Binders,946.76,-694.29,6,0.7
RP-19390,Resi Pölking,West,Office Supplies,Fasteners,5.7,2.68,,0
RP-19390,Resi Pölking,West,Office Supplies,Paper,48.94,24.47,1,0
RP-19390,Resi Pölking,West,Office Supplies,Supplies,18.24,3.15,4,
RP-19390,Resi Pölking,West,Technology,Accessories,462.94,156.94,,
RP-19855,Roy Phan,Central,Office Supplies,Art,,8.33,10,0.1
RP-19855,Roy Phan,Central,Office Supplies,Storage,535.41,160.62,,0
RP-19855,Roy Phan,Central,Technology,,139.95,26.59,5,0
RP-19855,Roy Phan,Central,Technology,Phones,834.95,260.78,5,0
RP-19855,Roy Phan,South,Office Supplies,Binders,145.33,32.75,15,0.47
RP-19855,Roy Phan,West,Office Supplies,Appliances,186.15,55.84,3,0
RP-19855,Roy Phan,West,Office Supplies,Art,31.44,7.86,3,
RP-19855,Roy Phan,West,Office Supplies,Binders,81.79,26.58,6,0.2
RP-19855,Roy Phan,West,Office Supplies,Supplies,47.19,13.69,3,0
RP-19855,Roy Phan,West,Technology,Accessories,98.16,9.82,6,0
RP-19855,Roy Phan,West,Technology,Phones,36.78,-8.28,2,0.2
RR-19315,Ralph Ritter,Central,Furniture,Chairs,,,2,0.3
RR-19315,Ralph Ritter,Central,Furniture,Furnishings,77.72,-66.06,1,0.6
RR-19315,Ralph Ritter,Central,Office Supplies,,10.37,3.63,2,0.2
RR-19315,Ralph Ritter,West,Office Supplies,Labels,7.38,3.47,2,0
RR-19525,Rick Reed,Central,Office Supplies,Paper,13.56,6.24,,0
RR-19525,Rick Reed,Central,Office Supplies,Storage,360.38,93.7,2,0
RR-19525,Rick Reed,East,Furniture,Chairs,785.88,212.19,6,0
RR-19525,Rick Reed,East,Office Supplies,Appliances,243.88,27.44,5,0.2
RR-19525,Rick Reed,East,Office Supplies,Fasteners,36.48,18.24,6,0
RR-19525,Rick Reed,East,Office Supplies,Paper,192.64,92.73,5,0
RR-19525,Rick Reed,East,,Storage,1325.85,238.65,,0
RR-19525,Rick Reed,South,,Chairs,,10.96,2,0.2
RR-19525,Rick Reed,South,Technology,Phones,246.17,21.54,3,0.2
RS-19420,Ricardo Sperren,East,Furniture,Chairs,1133.35,294.67,5,0
RS-19420,Ricardo Sperren,East,Office Supplies,Appliances,79.47,22.25,3,0
RS-19420,Ricardo Sperren,East,,Art,4.56,2.01,2,
RS-19420,Ricardo Sperren,East,Office Supplies,Labels,13.05,6,5,0
RS-19420,Ricardo Sperren,South,Furniture,Tables,872.94,157.13,3,0
RS-19420,Ricardo Sperren,South,,,179.94,50.38,3,0
RS-19420,Ricardo Sperren,South,Office Supplies,,,6.22,2,0
RS-19420,Ricardo Sperren,West,Furniture,,892.98,80.37,2,0
RS-19420,Ricardo Sperren,West,Office Supplies,Paper,32.04,14.42,4,0
RS-19765,Roland Schwarz,Central,Office Supplies,Binders,0.56,-0.95,1,0.8
RS-19765,Roland Schwarz,East,Office Supplies,Appliances,281.34,109.72,6,0
RS-19765,Roland Schwarz,East,Technology,Accessories,416.8,147.58,7,
RS-19765,Roland Schwarz,East,Technology,Phones,307.98,89.31,,0
RS-19765,Roland Schwarz,South,Furniture,Furnishings,4.93,0.74,2,0.2
RS-19765,Roland Schwarz,South,Office Supplies,Binders,327.84,157.36,8,0
RS-19765,Roland Schwarz,South,Office Supplies,Labels,11.78,4.27,3,0.2
RS-19765,Roland Schwarz,South,Office Supplies,,122.97,60.26,3,0
RS-19765,Roland Schwarz,South,Technology,Phones,709.05,203.34,7,0
RS-19765,Roland Schwarz,West,Furniture,Tables,510.24,6.38,3,0.2
RS-19765,Roland Schwarz,West,Office Supplies,Paper,204.95,100.43,5,0
RS-19765,Roland Schwarz,West,Office Supplies,Storage,1261.33,327.95,7,0
RS-19870,Roy Skaria,Central,Office Supplies,Binders,5.4,2.59,3,0
RS-19870,Roy Skaria,Central,Office Supplies,Envelopes,7.28,3.49,1,0
RS-19870,Roy Skaria,East,Office Supplies,Fasteners,9.65,3.5,6,0.2
RW-19540,Rick Wilson,Central,Furniture,Chairs,1962.09,549.67,8,0
RW-19540,Rick Wilson,Central,,Appliances,87.44,18.46,2,0.1
RW-19540,Rick Wilson,West,Furniture,Furnishings,284.94,82.52,7,0
RW-19540,Rick Wilson,West,Furniture,Tables,283.56,45.37,,0
RW-19540,Rick Wilson,West,Office Supplies,Appliances,,772.98,15,0.07
RW-19540,Rick Wilson,West,Office Supplies,Binders,,-25.21,22,0.45
RW-19540,Rick Wilson,West,Office Supplies,Envelopes,23.36,11.68,2,0
RW-19540,Rick Wilson,West,Office Supplies,Paper,,46.38,8,0.07
RW-19540,Rick Wilson,West,Office Supplies,Storage,,52.68,13,0.13
RW-19540,Rick Wilson,West,Technology,Phones,335.94,32.09,8,0.2
RW-19630,Rob Williams,Central,Office Supplies,Appliances,4.36,-11.76,2,0.8
RW-19630,Rob Williams,Central,Office Supplies,Art,29.68,11.58,7,0
RW-19630,Rob Williams,Central,Office Supplies,,152,69.92,,0
RW-19630,Rob Williams,Central,Office Supplies,Envelopes,149.35,50.41,3,
RW-19630,Rob Williams,Central,Office Supplies,Fasteners,6.08,3.04,1,0
RW-19630,Rob Williams,Central,Office Supplies,Storage,12.99,-0.81,1,0.2
RW-19630,Rob Williams,Central,Office Supplies,Supplies,20.57,,3,0.2
RW-19630,Rob Williams,Central,Technology,Accessories,101.52,30.11,16,0.07
RW-19630,Rob Williams,East,Technology,Phones,65.99,17.16,1,0
RW-19630,Rob Williams,West,Furniture,Tables,1114.27,,4,0.2
RW-19630,Rob Williams,West,Office Supplies,Appliances,715.64,178.91,2,0
RW-19630,Rob Williams,West,Office Supplies,Binders,902.02,304.58,7,
RW-19630,Rob Williams,West,Office Supplies,Paper,,2.38,1,0
RW-19690,Robert Waldorf,Central,Office Supplies,Appliances,58.17,,,0
RW-19690,Robert Waldorf,Central,Office Supplies,Binders,29.91,14.36,6,0
RW-19690,Robert Waldorf,Central,Office Supplies,,308.08,147.69,11,0
RW-19690,Robert Waldorf,Central,Office Supplies,Storage,286.29,17.18,3,0
RW-19690,Robert Waldorf,Central,Technology,Accessories,409.65,60.2,11,0
RW-19690,Robert Waldorf,East,Office Supplies,Appliances,,316.54,,0.2
RW-19690,Robert Waldorf,South,Office Supplies,Binders,,-2.63,2,0.7
RW-19690,Robert Waldorf,West,Office Supplies,Art,,1.59,2,0
RW-19690,Robert Waldorf,West,Technology,Accessories,435.84,130.75,12,0
SA-20830,Sue Ann Reed,Central,Office Supplies,Art,,2.2,3,0.2
SA-20830,Sue Ann Reed,Central,Technology,,2735.95,341.99,6,0.2
SA-20830,Sue Ann Reed,East,Office Supplies,,21.93,10.31,,0
SA-20830,Sue Ann Reed,South,Furniture,Chairs,332.94,79.91,3,0
SA-20830,Sue Ann Reed,South,Furniture,Tables,191.52,-76.61,1,0.45
SA-20830,Sue Ann Reed,South,Office Supplies,Art,2.62,0.43,,0.2
SA-20830,Sue Ann Reed,South,Office Supplies,Binders,204.43,76.83,13,0.23
SA-20830,Sue Ann Reed,South,,Labels,15.12,4.91,3,0.2
SA-20830,Sue Ann Reed,South,Office Supplies,Paper,,88.07,3,0.2
SA-20830,Sue Ann Reed,South,Office Supplies,Storage,15.42,4.16,1,0
SA-20830,Sue Ann Reed,West,Furniture,Furnishings,65.55,20.63,6,0.13
SA-20830,Sue Ann Reed,West,Furniture,Tables,697.16,8.71,5,0.2
SA-20830,Sue Ann Reed,West,Office Supplies,Binders,206.56,,24,0.32
SA-20830,Sue Ann Reed,West,Office Supplies,Paper,19.44,9.33,3,0
SB-20170,Sarah Bern,Central,Office Supplies,Binders,24.59,-38.11,3,0.8
SB-20170,Sarah Bern,Central,Office Supplies,Envelopes,,4.72,2,0.2
SB-20170,Sarah Bern,East,Furniture,Chairs,858.24,143.04,4,0.1
SB-20170,Sarah Bern,East,Office Supplies,Art,64.14,16.68,3,0
SB-20170,Sarah Bern,East,Office Supplies,Binders,13.13,4.27,3,0.2
SB-20170,Sarah Bern,East,Office Supplies,Paper,19.04,,4,0
SB-20170,Sarah Bern,West,Office Supplies,Storage,354.9,17.74,5,0
SB-20185,Sarah Brown,Central,Furniture,Bookcases,493.43,-70.49,5,0.3
SB-20185,Sarah Brown,Central,Technology,Accessories,43.56,-4.9,3,0.2
SB-20185,Sarah Brown,Central,Technology,Copiers,1439.97,485.99,4,0.2
SB-20185,Sarah Brown,Central,Technology,Phones,11.12,3.48,2,0.2
SB-20185,Sarah Brown,East,Furniture,Bookcases,400.78,-5.01,1,0.2
SB-20185,Sarah Brown,East,Office Supplies,Binders,68.62,32.25,2,0
SB-20185,Sarah Brown,West,,Labels,8.26,3.8,2,0
SB-20185,Sarah Brown,West,Office Supplies,Paper,,9.33,3,0
SB-20185,Sarah Brown,West,Office Supplies,Storage,,29.34,7,0
SB-20185,Sarah Brown,West,Technology,Machines,2973.32,334.5,,0.2
SB-20185,Sarah Brown,West,Technology,Phones,847.7,67.18,9,
SB-20290,Sean Braxton,Central,Technology,Machines,5579.94,-761.99,10,0.4
SB-20290,Sean Braxton,East,Furniture,Furnishings,42.37,8.47,,0.2
SB-20290,Sean Braxton,East,Office Supplies,Appliances,103.97,16.89,6,0.2
SB-20290,Sean Braxton,East,Office Supplies,Binders,11.22,-7.48,10,0.7
SB-20290,Sean Braxton,East,Office Supplies,Storage,,-14.58,1,0.2
SB-20290,Sean Braxton,East,Technology,Accessories,60.86,9.13,4,0.2
SB-20290,Sean Braxton,East,Technology,Machines,1052.54,-1495.32,,0.7
SB-20290,Sean Braxton,East,,Phones,32.38,4.32,3,0.4
SB-20290,Sean Braxton,South,Office Supplies,Labels,30.1,14.03,8,0
SB-20290,Sean Braxton,South,Office Supplies,,45.36,21.77,7,0
SB-20290,Sean Braxton,South,Office Supplies,Storage,768.51,42.24,15,0
SB-20290,Sean Braxton,West,,Art,265.86,79.76,7,0
SC-20020,Sam Craven,Central,Furniture,Bookcases,193.07,-19.87,4,0.32
SC-20020,Sam Craven,Central,Furniture,Chairs,563.94,112.79,3,0
SC-20020,Sam Craven,Central,Office Supplies,Appliances,176.77,,3,0.8
SC-20020,Sam Craven,Central,Office Supplies,Art,,1.52,2,
SC-20020,Sam Craven,Central,Office Supplies,Binders,3.39,-5.09,4,0.8
SC-20020,Sam Craven,Central,Office Supplies,Paper,116.09,42.24,23,0.13
SC-20020,Sam Craven,Central,Office Supplies,Storage,1107.84,45.21,13,
SC-20020,Sam Craven,Central,Technology,Machines,418.8,-97.72,2,
SC-20020,Sam Craven,Central,Technology,Phones,201.58,20.16,2,0.2
SC-20020,Sam Craven,East,Office Supplies,Storage,577.58,43.32,6,0.2
SC-20050,Sample Company A,Central,Office Supplies,Binders,23.01,-34.52,12,
SC-20050,Sample Company A,Central,,Phones,377.97,94.49,3,0
SC-20050,Sample Company A,East,Furniture,Furnishings,22.2,,6,0
SC-20050,Sample Company A,South,Furniture,Bookcases,,8.5,5,
SC-20050,Sample Company A,South,,Furnishings,27.58,11.58,2,0
SC-20050,Sample Company A,South,Office Supplies,Appliances,42.38,4.24,,0.2
SC-20050,Sample Company A,South,Office Supplies,Paper,10.53,3.42,,0.2
SC-20050,Sample Company A,West,Furniture,,111,14.43,2,0
SC-20050,Sample Company A,West,Office Supplies,,82.56,,,0.2
SC-20050,Sample Company A,West,Office Supplies,Paper,,27.78,5,0
SC-20050,Sample Company A,West,Office Supplies,Storage,1856.19,334.11,7,0
SC-20050,Sample Company A,West,Technology,,284.97,85.49,3,0
SC-20050,Sample Company A,West,Technology,Machines,1279.97,415.99,4,0.2
SC-20050,Sample Company A,West,,Phones,109.59,8.22,1,
SC-20095,Sanjit Chand,Central,Office Supplies,Binders,9462.89,4636.95,7,0
SC-20095,Sanjit Chand,Central,Office Supplies,Paper,32.4,15.55,5,0
SC-20095,Sanjit Chand,Central,Office Supplies,Storage,404.9,16.2,,0
SC-20095,Sanjit Chand,East,Office Supplies,Paper,12.7,5.84,2,0
SC-20095,Sanjit Chand,South,Office Supplies,Art,15.55,2.33,3,0.2
SC-20095,Sanjit Chand,South,Office Supplies,Binders,1793.98,843.17,2,0
SC-20095,Sanjit Chand,West,Furniture,Chairs,1356.5,-50.28,,
SC-20095,Sanjit Chand,West,Furniture,Furnishings,674.59,146.52,20,0
SC-20095,Sanjit Chand,West,Office Supplies,Binders,211.3,69.02,13,0.2
SC-20095,Sanjit Chand,West,Office Supplies,Envelopes,21.84,10.48,3,0
SC-20095,Sanjit Chand,West,Office Supplies,Fasteners,5.04,0.2,3,
SC-20095,Sanjit Chand,West,Office Supplies,Labels,27.72,13.31,9,0
SC-20095,Sanjit Chand,West,Office Supplies,Paper,92.94,41.82,3,0
SC-20095,Sanjit Chand,West,Technology,Accessories,29.99,6.3,1,
SC-20230,Scot Coram,Central,,Art,47.62,,3,0.2
SC-20230,Scot Coram,Central,Technology,Phones,863.64,107.95,9,0.2
SC-20230,Scot Coram,East,Office Supplies,Paper,,48.54,4,0
SC-20230,Scot Coram,West,,Tables,2887.06,180.44,9,0.2
SC-20230,Scot Coram,West,Office Supplies,Binders,12.67,4.75,2,0.2
SC-20230,Scot Coram,West,Office Supplies,Paper,60.48,27.6,11,0
SC-20230,Scot Coram,West,Office Supplies,Storage,16.06,4.18,1,0
SC-20230,Scot Coram,West,Technology,Accessories,254.97,,3,0
SC-20230,Scot Coram,West,Technology,Phones,123.94,,7,0.2
SC-20260,Scott Cohen,Central,Furniture,Furnishings,9.96,-6.72,5,0.6
SC-20260,Scott Cohen,Central,Office Supplies,,33.62,,5,0.8
SC-20260,Scott Cohen,Central,Office Supplies,Binders,8.55,-13.68,2,0.8
SC-20260,Scott Cohen,Central,,,6.05,-1.36,4,0.2
SC-20260,Scott Cohen,Central,Office Supplies,,6.85,2.14,2,0.2
SC-20260,Scott Cohen,East,,Art,33.4,10.01,10,0
SC-20260,Scott Cohen,East,Office Supplies,Binders,102.37,37.11,2,0.2
SC-20260,Scott Cohen,East,Office Supplies,Paper,,31.52,3,0
SC-20260,Scott Cohen,East,Office Supplies,Storage,,214.16,4,0
SC-20260,Scott Cohen,East,Office Supplies,Supplies,28.4,8.24,5,
SC-20260,Scott Cohen,South,Technology,Phones,79.96,27.99,5,0.2
SC-20260,Scott Cohen,West,Furniture,Bookcases,1552.83,200.95,7,0.15
SC-20260,Scott Cohen,West,,,653.55,111.1,3,0
SC-20260,Scott Cohen,West,Office Supplies,Binders,137.24,46.32,5,0.2
SC-20260,Scott Cohen,West,Office Supplies,,10.95,3.28,3,
SC-20260,Scott Cohen,West,Technology,Accessories,70.41,17.73,3,0
SC-20260,Scott Cohen,West,Technology,Machines,239.98,80.99,3,
SC-20305,Sean Christensen,Central,,Furnishings,8.62,-2.59,7,0.6
SC-20305,Sean Christensen,Central,Office Supplies,Paper,52.06,17.27,11,
SC-20305,Sean Christensen,Central,Technology,Accessories,607.83,206.25,14,0.07
SC-20305,Sean Christensen,East,Furniture,Chairs,,-28.5,2,0.3
SC-20305,Sean Christensen,East,Office Supplies,Binders,,-5.6,7,0.7
SC-20305,Sean Christensen,East,Office Supplies,,15.94,5.18,4,0.2
SC-20305,Sean Christensen,West,Furniture,Chairs,2803.92,,,0.2
SC-20305,Sean Christensen,West,Furniture,Furnishings,43.96,18.46,7,0
SC-20305,Sean Christensen,West,Office Supplies,Envelopes,39.76,18.69,7,0
SC-20380,Shahid Collister,Central,Furniture,Chairs,362.25,0,6,0.3
SC-20380,Shahid Collister,Central,Furniture,Furnishings,63.55,-34.95,6,
SC-20380,Shahid Collister,Central,Office Supplies,Binders,15.62,-25,2,0.8
SC-20380,Shahid Collister,Central,Office Supplies,Fasteners,18.84,-3.53,5,0.2
SC-20380,Shahid Collister,Central,Office Supplies,Storage,129.55,-22.67,3,0.2
SC-20380,Shahid Collister,East,Furniture,,14.91,4.62,3,0
SC-20380,Shahid Collister,East,Office Supplies,Appliances,465.16,,2,0
SC-20380,Shahid Collister,East,Office Supplies,Binders,30.88,15.44,2,
SC-20380,Shahid Collister,East,Office Supplies,Paper,27.12,12.48,4,0
SC-20380,Shahid Collister,South,Furniture,Bookcases,1628.82,374.63,9,0
SC-20380,Shahid Collister,South,Furniture,Tables,,-653.28,7,0.4
SC-20380,Shahid Collister,South,Office Supplies,Binders,3.88,-2.59,2,0.7
SC-20380,Shahid Collister,South,Office Supplies,Paper,402.23,,10,0.1
SC-20380,Shahid Collister,South,,,451.78,85.66,7,0.1
SC-20380,Shahid Collister,South,Technology,Phones,377.97,98.27,3,0
SC-20380,Shahid Collister,West,Office Supplies,Binders,98.35,34.42,3,0.2
SC-20380,Shahid Collister,West,Office Supplies,,29.97,13.49,3,
SC-20380,Shahid Collister,West,Technology,Accessories,,37.79,,0
SC-20440,Shaun Chance,East,Office Supplies,Binders,,-33.22,23,0.4
SC-20440,Shaun Chance,East,Office Supplies,Paper,,83.21,7,0.2
SC-20440,Shaun Chance,East,Technology,Phones,151.53,-28.33,3,0.4
SC-20440,Shaun Chance,West,Furniture,Furnishings,14.91,4.62,,0
SC-20440,Shaun Chance,West,Office Supplies,Appliances,1158.12,335.85,4,0
SC-20440,Shaun Chance,West,Office Supplies,Storage,139.42,17.43,4,0.2
SC-20575,Sonia Cooley,Central,Furniture,Chairs,647.84,32.39,8,0
SC-20575,Sonia Cooley,Central,Office Supplies,Binders,2.3,-3.9,2,0.8
SC-20575,Sonia Cooley,East,Office Supplies,Binders,102.93,48.38,3,0
SC-20575,Sonia Cooley,South,Office Supplies,Art,37.38,7.48,8,0.2
SC-20575,Sonia Cooley,South,Office Supplies,Binders,13.09,,4,0.7
SC-20575,Sonia Cooley,West,Office Supplies,Art,99.2,25.79,5,0
SC-20680,Steve Carroll,Central,,,20.44,9.2,7,0
SC-20680,Steve Carroll,Central,Office Supplies,Paper,109.92,53.86,2,0
SC-20680,Steve Carroll,Central,Technology,Phones,821.94,213.7,,0
SC-20680,Steve Carroll,South,Technology,Accessories,71.98,,2,0
SC-20680,Steve Carroll,West,Furniture,Furnishings,82.26,33.73,3,
SC-20680,Steve Carroll,West,Office Supplies,Paper,6.58,3.03,2,0
SC-20680,Steve Carroll,West,Office Supplies,Storage,46.53,13.03,3,0
SC-20680,Steve Carroll,West,Technology,Accessories,94.99,28.5,1,0
SC-20695,Steve Chapman,Central,Furniture,Chairs,201.96,50.49,2,0
SC-20695,Steve Chapman,Central,Furniture,,68.64,17.16,11,0
SC-20695,Steve Chapman,Central,Office Supplies,Appliances,37.21,-94.88,,0.8
SC-20695,Steve Chapman,Central,Office Supplies,Art,3.04,1.03,1,0
SC-20695,Steve Chapman,Central,Office Supplies,Paper,,167.34,13,0
SC-20695,Steve Chapman,Central,Office Supplies,Storage,714.3,207.15,,0
SC-20695,Steve Chapman,Central,Office Supplies,Supplies,52.59,15.78,3,0
SC-20695,Steve Chapman,Central,Technology,Accessories,499.95,174.98,5,0
SC-20695,Steve Chapman,East,Office Supplies,Appliances,73.54,9.19,,0.2
SC-20695,Steve Chapman,South,Office Supplies,Supplies,45.58,5.13,7,0.2
SC-20695,Steve Chapman,South,Technology,Phones,519.68,58.46,7,0.2
SC-20725,Steven Cartwright,Central,Furniture,Chairs,683.14,0,4,0.3
SC-20725,Steven Cartwright,Central,Office Supplies,Binders,3.56,-5.65,8,0.8
SC-20725,Steven Cartwright,Central,Office Supplies,Supplies,40.71,3.56,7,0.2
SC-20725,Steven Cartwright,Central,Technology,Phones,1114.4,,7,0.2
SC-20725,Steven Cartwright,East,Furniture,Furnishings,67.14,20.1,4,0.1
SC-20725,Steven Cartwright,East,Office Supplies,Binders,30.84,13.88,4,0
SC-20725,Steven Cartwright,East,,Envelopes,115.02,51.76,9,0
SC-20725,Steven Cartwright,East,Office Supplies,Storage,226.56,63.44,6,0
SC-20725,Steven Cartwright,East,Technology,,308.01,86.92,10,0
SC-20725,Steven Cartwright,West,Furniture,,474.43,199.26,11,0
SC-20725,Steven Cartwright,West,Furniture,Tables,515.88,113.49,6,0
SC-20725,Steven Cartwright,West,Office Supplies,Art,191.62,,,0.1
SC-20725,Steven Cartwright,West,Office Supplies,Binders,70.22,24.61,7,0.2
SC-20725,Steven Cartwright,West,Office Supplies,Labels,34.65,16.46,12,0
SC-20725,Steven Cartwright,West,Office Supplies,Paper,36.29,12.7,7,0.2
SC-20725,Steven Cartwright,West,Office Supplies,Storage,1030.85,286.75,13,0
SC-20725,Steven Cartwright,West,Technology,Accessories,282.88,,6,0.2
SC-20770,Stewart Carmichael,Central,Furniture,Tables,718.12,-71.81,6,0.3
SC-20770,Stewart Carmichael,Central,Office Supplies,Art,31.78,8.74,4,0.2
SC-20770,Stewart Carmichael,Central,Office Supplies,Binders,12.22,-20.17,7,0.8
SC-20770,Stewart Carmichael,Central,Office Supplies,Supplies,6.98,-1.4,4,0.2
SC-20770,Stewart Carmichael,East,Furniture,Chairs,386.68,-5.52,2,0.3
SC-20770,Stewart Carmichael,East,Office Supplies,Appliances,453.6,,3,0.2
SC-20770,Stewart Carmichael,East,Office Supplies,Binders,79.68,-60.81,8,0.7
SC-20770,Stewart Carmichael,East,Office Supplies,Paper,48.09,16.06,7,0.2
SC-20770,Stewart Carmichael,East,Office Supplies,Storage,678.64,-166.51,7,0.2
SC-20770,Stewart Carmichael,East,Technology,,379.96,47.49,5,
SC-20770,Stewart Carmichael,East,Technology,Machines,449.1,-643.71,3,0.7
SC-20770,Stewart Carmichael,East,Technology,Phones,539.91,-116.98,3,0.4
SC-20770,Stewart Carmichael,South,Office Supplies,Appliances,,56.2,1,0
SC-20770,Stewart Carmichael,South,Office Supplies,Binders,16.74,,3,0
SC-20770,Stewart Carmichael,West,Furniture,Furnishings,257.64,100.48,6,0
SC-20770,Stewart Carmichael,West,Technology,,99.39,40.75,3,0
SC-20770,Stewart Carmichael,West,Technology,Phones,,47.24,3,0.2
SC-20800,Stuart Calhoun,Central,Office Supplies,Fasteners,2.37,0.83,2,0.2
SC-20800,Stuart Calhoun,Central,Office Supplies,,46.34,,3,0.2
SC-20800,Stuart Calhoun,Central,Technology,Accessories,,36,2,0.2
SC-20800,Stuart Calhoun,South,,,66.3,8.62,,0
SC-20800,Stuart Calhoun,West,Office Supplies,Art,4.26,1.75,1,
SC-20845,Sung Chung,Central,Office Supplies,,14.11,1.23,6,0.2
SC-20845,Sung Chung,West,Furniture,Furnishings,22.75,7.11,3,0.2
SC-20845,Sung Chung,West,Office Supplies,Paper,6.67,2.08,1,0.2
SC-20845,Sung Chung,West,Office Supplies,Storage,237.1,20.75,3,0.2
SD-20485,Shirley Daniels,Central,Furniture,Chairs,470.3,-87.34,7,0.3
SD-20485,Shirley Daniels,Central,,,,41.5,1,0.1
SD-20485,Shirley Daniels,Central,Office Supplies,Binders,3812.97,1906.48,3,0
SD-20485,Shirley Daniels,Central,Office Supplies,Paper,41.7,14.07,,0.2
SD-20485,Shirley Daniels,Central,Office Supplies,Storage,164.74,-39.12,4,0.2
SD-20485,Shirley Daniels,Central,Technology,Phones,47.98,,2,0.2
SD-20485,Shirley Daniels,East,Furniture,Tables,154.76,-36.11,3,
SD-20485,Shirley Daniels,East,Office Supplies,Binders,25.44,12.72,6,0
SD-20485,Shirley Daniels,East,,Supplies,38.23,5.91,4,0.1
SD-20485,Shirley Daniels,East,Technology,Accessories,116.78,21.9,2,0.2
SD-20485,Shirley Daniels,East,Technology,Machines,69.99,30.1,,0
SD-20485,Shirley Daniels,South,Furniture,Furnishings,75.24,35.25,6,
SD-20485,Shirley Daniels,South,Office Supplies,Paper,36.12,17.67,5,0
SD-20485,Shirley Daniels,South,Office Supplies,Storage,489.92,0,8,0
SD-20485,Shirley Daniels,South,,Phones,343.33,52.63,15,0
SD-20485,Shirley Daniels,West,Furniture,,46.87,3.52,7,0.2
SE-20110,Sanjit Engle,Central,Furniture,Furnishings,14.14,,2,0.6
SE-20110,Sanjit Engle,Central,Furniture,Tables,601.47,-300.74,3,0.5
SE-20110,Sanjit Engle,Central,Office Supplies,Art,5.95,0.37,1,0.2
SE-20110,Sanjit Engle,East,Office Supplies,Appliances,406.6,113.85,5,0
SE-20110,Sanjit Engle,East,Technology,Accessories,85.14,34.91,3,0
SE-20110,Sanjit Engle,East,Technology,Phones,21.99,10.56,1,0
SE-20110,Sanjit Engle,South,,Furnishings,,7.1,7,0
SE-20110,Sanjit Engle,South,Office Supplies,Binders,36.4,18.2,8,
SE-20110,Sanjit Engle,South,,Machines,8749.95,2799.98,5,0
SE-20110,Sanjit Engle,West,Office Supplies,Art,51.02,8.29,7,0.2
SE-20110,Sanjit Engle,West,Office Supplies,Binders,63.57,20.9,15,0.2
SE-20110,Sanjit Engle,West,Office Supplies,Labels,14.62,6.87,2,0
SE-20110,Sanjit Engle,West,Office Supplies,Storage,334.49,76.35,9,0
SE-20110,Sanjit Engle,West,Office Supplies,Supplies,1332.5,-299.81,2,
SE-20110,Sanjit Engle,West,Technology,Accessories,472.92,161.62,8,0
SF-20065,Sandra Flanagan,Central,Office Supplies,Art,45.04,4.5,2,0.2
SF-20065,Sandra Flanagan,East,Furniture,Chairs,71.37,-1.02,2,0.3
SF-20065,Sandra Flanagan,East,Furniture,Furnishings,254.9,76.47,5,0
SF-20065,Sandra Flanagan,East,Office Supplies,Appliances,81.92,22.12,,0
SF-20065,Sandra Flanagan,East,Office Supplies,Paper,230.69,111.14,11,0
SF-20065,Sandra Flanagan,South,Office Supplies,Appliances,34.94,3.06,3,0.2
SF-20065,Sandra Flanagan,South,Office Supplies,Art,13.12,,5,0.2
SF-20065,Sandra Flanagan,West,Furniture,Furnishings,31.56,10.41,3,
SF-20200,Sarah Foster,Central,Office Supplies,Appliances,267.93,74.41,18,0
SF-20200,Sarah Foster,Central,Technology,Phones,23.92,6.7,2,0
SF-20200,Sarah Foster,East,,Art,3.64,0.98,2,0
SF-20200,Sarah Foster,East,Office Supplies,Binders,121.1,-100.92,6,0.7
SF-20200,Sarah Foster,East,,Phones,45.89,-9.18,,0.4
SF-20200,Sarah Foster,West,Furniture,Furnishings,120.58,33.16,8,0.2
SF-20200,Sarah Foster,West,Furniture,,2665.62,,9,
SF-20200,Sarah Foster,West,Office Supplies,Art,34.81,,4,
SF-20200,Sarah Foster,West,Office Supplies,Binders,45.82,15.61,9,0.2
SF-20200,Sarah Foster,West,Office Supplies,Fasteners,10.47,4.82,,0
SF-20200,Sarah Foster,West,Office Supplies,Labels,11.07,,3,0
SF-20200,Sarah Foster,West,Technology,Phones,71.93,6.29,9,0.2
SF-20965,Sylvia Foulston,Central,Furniture,Chairs,301.96,87.57,2,0
SF-20965,Sylvia Foulston,Central,Furniture,Furnishings,21.94,,2,0.6
SF-20965,Sylvia Foulston,Central,,Appliances,555.21,178.9,5,0.1
SF-20965,Sylvia Foulston,Central,Office Supplies,Art,171,49.8,16,0.1
SF-20965,Sylvia Foulston,Central,Office Supplies,Binders,19.45,-32.72,11,0.8
SF-20965,Sylvia Foulston,Central,Office Supplies,Paper,40.03,13.64,6,0.2
SF-20965,Sylvia Foulston,Central,Office Supplies,Storage,523.48,,4,0
SF-20965,Sylvia Foulston,Central,Technology,Phones,153.58,,2,0.2
SF-20965,Sylvia Foulston,East,Office Supplies,Binders,2.66,-1.86,,
SF-20965,Sylvia Foulston,East,Office Supplies,Paper,10.85,3.53,2,0.2
SF-20965,Sylvia Foulston,East,Office Supplies,Storage,77.55,21.71,,0
SF-20965,Sylvia Foulston,East,Technology,Accessories,18.54,3.01,2,0.2
SF-20965,Sylvia Foulston,West,Furniture,,1403.92,70.2,5,0.2
SF-20965,Sylvia Foulston,West,Office Supplies,Binders,36.36,12.27,3,0.2
SG-20080,Sandra Glassco,Central,Office Supplies,Appliances,839.43,218.25,3,0
SG-20080,Sandra Glassco,West,Furniture,Bookcases,425.83,20.04,1,0.15
SG-20080,Sandra Glassco,West,Furniture,Chairs,323.14,,4,0.2
SG-20080,Sandra Glassco,West,Office Supplies,Art,5.04,1.26,3,
SG-20080,Sandra Glassco,West,Office Supplies,Binders,398.35,124.48,3,0.2
SG-20080,Sandra Glassco,West,Office Supplies,,17.45,8.03,5,0
SG-20080,Sandra Glassco,West,Office Supplies,Paper,24.96,11.73,,0
SG-20080,Sandra Glassco,West,Office Supplies,Storage,46.84,,2,
SG-20080,Sandra Glassco,West,Office Supplies,Supplies,29.7,8.02,,
SG-20080,Sandra Glassco,West,Technology,Phones,1295.84,145.78,4,0.2
SG-20470,Sheri Gordon,East,Furniture,Chairs,117.88,1.31,1,0.1
SG-20470,Sheri Gordon,East,Furniture,Tables,1044.63,-295.98,5,0.4
SG-20470,Sheri Gordon,East,Office Supplies,Binders,,3.62,,0
SG-20470,Sheri Gordon,East,Office Supplies,Paper,19.44,9.33,3,0
SG-20470,Sheri Gordon,South,,Chairs,67.88,18.33,2,0
SG-20470,Sheri Gordon,South,Furniture,Furnishings,188.85,29.65,7,0.1
SG-20470,Sheri Gordon,South,Office Supplies,Binders,6.41,,4,0.7
SG-20470,Sheri Gordon,South,,Fasteners,31.56,14.2,,0
SG-20470,Sheri Gordon,South,Office Supplies,Labels,162.89,76.56,13,0
SG-20470,Sheri Gordon,South,Office Supplies,Storage,27.92,0.56,4,0
SG-20470,Sheri Gordon,West,,Appliances,43.68,11.79,3,0
SG-20470,Sheri Gordon,West,Office Supplies,Binders,26.35,-18.45,8,0.7
SG-20470,Sheri Gordon,West,,Accessories,139.93,,7,0
SG-20605,Speros Goranitis,Central,Office Supplies,Fasteners,5.94,0,3,
SG-20605,Speros Goranitis,Central,Office Supplies,Paper,15.55,5.44,3,0.2
SG-20605,Speros Goranitis,Central,Office Supplies,Storage,,-7.74,3,0.2
SG-20605,Speros Goranitis,Central,Technology,,323.98,36.45,3,0.2
SG-20605,Speros Goranitis,East,Furniture,Furnishings,113.92,42.15,4,0
SG-20605,Speros Goranitis,East,Office Supplies,Binders,56.75,21.18,4,0.2
SG-20605,Speros Goranitis,East,Office Supplies,Paper,48.34,23.62,8,0
SG-20605,Speros Goranitis,East,,Accessories,1619.91,97.19,9,0
SG-20605,Speros Goranitis,East,Technology,Phones,783.96,219.51,4,0
SG-20605,Speros Goranitis,South,Office Supplies,,15.92,2.79,5,0.2
SG-20605,Speros Goranitis,West,Technology,Accessories,107.97,,3,0
SG-20890,Susan Gilcrest,Central,Office Supplies,Binders,8.87,-13.95,8,
SG-20890,Susan Gilcrest,Central,Office Supplies,Paper,19.65,,2,0.2
SG-20890,Susan Gilcrest,Central,Office Supplies,Storage,8.93,0.67,,0.2
SG-20890,Susan Gilcrest,East,Office Supplies,Art,10.5,2.94,5,0
SH-19975,Sally Hughsby,Central,Furniture,Chairs,403.56,96.85,4,0
SH-19975,Sally Hughsby,Central,Furniture,Furnishings,95.2,27.61,5,0
SH-19975,Sally Hughsby,Central,Office Supplies,Binders,15.03,-24.41,10,0.8
SH-19975,Sally Hughsby,Central,Office Supplies,Envelopes,29.23,10.57,5,0.2
SH-19975,Sally Hughsby,Central,Office Supplies,Paper,29.07,12.33,4,0.1
SH-19975,Sally Hughsby,Central,Technology,Accessories,,48.46,7,0
SH-19975,Sally Hughsby,Central,Technology,Phones,297.55,83.31,5,
SH-19975,Sally Hughsby,East,,Binders,70.22,24.21,4,0.2
SH-19975,Sally Hughsby,South,,Art,40.78,4.59,3,0.2
SH-19975,Sally Hughsby,South,Technology,Phones,63.94,5.59,8,0.2
SH-19975,Sally Hughsby,West,Furniture,Bookcases,424.96,20,5,0.15
SH-19975,Sally Hughsby,West,Furniture,Chairs,,-7.29,7,0.2
SH-19975,Sally Hughsby,West,Furniture,Furnishings,70.68,31.1,12,0
SH-19975,Sally Hughsby,West,,Appliances,18.72,3.51,2,0.2
SH-19975,Sally Hughsby,West,Office Supplies,Art,8.82,2.38,3,0
SH-19975,Sally Hughsby,West,Office Supplies,Binders,15.92,5.37,5,0.2
SH-19975,Sally Hughsby,West,Office Supplies,Envelopes,10.86,5.1,,0
SH-19975,Sally Hughsby,West,Office Supplies,Labels,,5.8,2,0
SH-19975,Sally Hughsby,West,Office Supplies,Paper,260.98,,11,0
SH-19975,Sally Hughsby,West,,Storage,609.02,22.36,6,0
SH-19975,Sally Hughsby,West,Technology,Accessories,159.98,57.59,2,0
SH-20395,Shahid Hopkins,East,Office Supplies,Binders,30.45,5.67,,0.53
SH-20395,Shahid Hopkins,East,Office Supplies,Labels,,42.13,3,0
SH-20395,Shahid Hopkins,East,Office Supplies,,18.76,9,2,0
SH-20395,Shahid Hopkins,East,Office Supplies,Supplies,70.12,21.04,4,0
SH-20395,Shahid Hopkins,East,Technology,Accessories,159.93,27.83,3,0.1
SH-20395,Shahid Hopkins,South,Furniture,Furnishings,410.35,-51.29,3,0.2
SH-20395,Shahid Hopkins,South,Furniture,,945.04,-299.26,6,0.4
SH-20395,Shahid Hopkins,South,Office Supplies,Art,4.89,2,,0
SH-20395,Shahid Hopkins,South,Office Supplies,Binders,14.3,-10.49,7,0.7
SH-20395,Shahid Hopkins,South,Office Supplies,Storage,25.98,-1.62,2,0.2
SH-20395,Shahid Hopkins,West,Office Supplies,Storage,362.92,105.25,,0
SH-20395,Shahid Hopkins,West,Technology,Phones,46.38,5.22,2,0.2
SH-20635,Stefanie Holloman,South,Furniture,Furnishings,692.47,190.43,11,0.2
SH-20635,Stefanie Holloman,West,Furniture,,1403.92,70.2,,0.2
SJ-20125,Sanjit Jacobs,Central,Furniture,Chairs,,,,0.3
SJ-20125,Sanjit Jacobs,Central,Furniture,Furnishings,44.4,-52.17,2,0.6
SJ-20125,Sanjit Jacobs,Central,,Art,9.91,,,0.2
SJ-20125,Sanjit Jacobs,Central,Office Supplies,,14.66,-24.32,14,
SJ-20125,Sanjit Jacobs,Central,Office Supplies,Envelopes,146.35,49.39,3,0.2
SJ-20125,Sanjit Jacobs,Central,Technology,Accessories,27.96,8.39,5,0.2
SJ-20125,Sanjit Jacobs,Central,Technology,Phones,1415.76,88.49,,0.2
SJ-20125,Sanjit Jacobs,East,Office Supplies,Fasteners,7.16,3.58,2,0
SJ-20125,Sanjit Jacobs,East,Office Supplies,,33.53,16.02,5,0
SJ-20125,Sanjit Jacobs,South,Furniture,Chairs,419.14,-57.63,4,0.2
SJ-20125,Sanjit Jacobs,South,Office Supplies,Art,2.82,0.32,2,
SJ-20125,Sanjit Jacobs,South,Office Supplies,Binders,3.2,-2.56,2,0.7
SJ-20125,Sanjit Jacobs,South,Office Supplies,Labels,12,4.2,4,0.2
SJ-20125,Sanjit Jacobs,South,Office Supplies,Paper,365.44,168.1,16,0
SJ-20125,Sanjit Jacobs,South,Office Supplies,Storage,745.49,-67.77,5,0.2
SJ-20125,Sanjit Jacobs,South,Technology,Accessories,48.9,18.09,5,0
SJ-20125,Sanjit Jacobs,West,Furniture,Chairs,113.89,9.97,2,0.2
SJ-20125,Sanjit Jacobs,West,Office Supplies,,34.76,11.3,5,
SJ-20125,Sanjit Jacobs,West,Office Supplies,Paper,80.28,36.93,,0
SJ-20125,Sanjit Jacobs,West,,Phones,,7.92,2,0.2
SJ-20215,Sarah Jordon,Central,Furniture,Chairs,634.12,-36.24,6,0.3
SJ-20215,Sarah Jordon,Central,Furniture,Furnishings,,-6.19,5,
SJ-20215,Sarah Jordon,Central,Office Supplies,Art,15.76,3.55,2,0.2
SJ-20215,Sarah Jordon,Central,Office Supplies,Binders,1.96,-3.24,2,0.8
SJ-20215,Sarah Jordon,Central,Technology,,219.8,,,0.2
SJ-20215,Sarah Jordon,South,,Binders,13.43,-11.19,3,
SJ-20215,Sarah Jordon,South,Office Supplies,,,-0.84,4,
SJ-20215,Sarah Jordon,West,Furniture,Chairs,374.27,5.91,8,0.2
SJ-20500,Shirley Jackson,Central,Office Supplies,Appliances,97.26,-243.16,4,0.8
SJ-20500,Shirley Jackson,East,Furniture,Chairs,,150.38,4,
SJ-20500,Shirley Jackson,East,Office Supplies,Binders,216.48,103.43,9,0
SJ-20500,Shirley Jackson,West,Office Supplies,Art,144.6,41.93,3,0
SJ-20500,Shirley Jackson,West,Technology,Accessories,92.52,18.5,9,0
SJ-20500,Shirley Jackson,West,Technology,Phones,15.99,-3,1,0.2
SK-19990,Sally Knutson,East,Office Supplies,Appliances,121.94,35.36,2,0
SK-19990,Sally Knutson,East,Office Supplies,Binders,8.8,2.12,3,0.35
SK-19990,Sally Knutson,East,Office Supplies,Supplies,122.71,,7,0
SK-19990,Sally Knutson,East,Technology,Phones,629.96,94.49,7,0.4
SL-20155,Sara Luxemburg,Central,Furniture,Tables,262.11,62.91,1,0
SL-20155,Sara Luxemburg,Central,Office Supplies,Binders,41.57,-66.51,6,0.8
SL-20155,Sara Luxemburg,Central,Technology,Phones,1439.92,374.38,8,0
SL-20155,Sara Luxemburg,East,Office Supplies,,66.03,17.17,3,0
SL-20155,Sara Luxemburg,East,Office Supplies,Paper,,3.11,1,0
SL-20155,Sara Luxemburg,South,Furniture,Chairs,,131.28,,0.2
SL-20155,Sara Luxemburg,South,Office Supplies,,,0.46,3,0.2
SL-20155,Sara Luxemburg,South,Office Supplies,Storage,61.57,4.62,,0.2
SL-20155,Sara Luxemburg,West,Office Supplies,Art,2.22,0.56,,0.2
SM-20005,Sally Matthias,Central,Furniture,Furnishings,,-89.98,7,0.6
SM-20005,Sally Matthias,East,Office Supplies,Binders,,37.22,7,0.2
SM-20005,Sally Matthias,East,Office Supplies,Labels,25.83,12.14,7,0
SM-20005,Sally Matthias,East,Office Supplies,Paper,11.36,5.23,2,0
SM-20005,Sally Matthias,West,,Envelopes,,8.8,3,0.2
SM-20320,Sean Miller,Central,Furniture,Furnishings,526.45,31.59,5,
SM-20320,Sean Miller,East,Office Supplies,,99.59,-82.99,2,0.7
SM-20320,Sean Miller,East,Office Supplies,Paper,49.57,15.49,2,0.2
SM-20320,Sean Miller,East,Office Supplies,Storage,663.07,-165.77,6,0.2
SM-20320,Sean Miller,East,Office Supplies,,3.49,-0.7,2,0.2
SM-20320,Sean Miller,East,,Accessories,,3.8,4,0.2
SM-20320,Sean Miller,South,Furniture,Furnishings,153.12,23.37,5,0.2
SM-20320,Sean Miller,South,Office Supplies,,8.02,1,3,0.2
SM-20320,Sean Miller,South,Office Supplies,Fasteners,18.94,5.92,3,0.2
SM-20320,Sean Miller,South,,,29.34,10.17,6,0.2
SM-20320,Sean Miller,South,Technology,Machines,23459.78,-1827.5,10,0.5
SM-20320,Sean Miller,West,Office Supplies,Paper,9.96,4.88,2,
SM-20905,Susan MacKendrick,East,Furniture,Furnishings,51.97,10.39,2,0.2
SM-20905,Susan MacKendrick,East,Office Supplies,Labels,6,2.1,2,
SM-20905,Susan MacKendrick,East,Office Supplies,,195.64,-44.02,5,0.2
SM-20905,Susan MacKendrick,East,Technology,Accessories,564.5,-40.81,8,0.2
SM-20905,Susan MacKendrick,East,Technology,Machines,224.94,-164.95,3,0.7
SM-20950,Suzanne McNair,Central,Office Supplies,Binders,743.02,334.5,4,0
SM-20950,Suzanne McNair,Central,Office Supplies,Fasteners,5.04,0.2,,0
SM-20950,Suzanne McNair,Central,Office Supplies,Paper,131.98,62.08,6,0.1
SM-20950,Suzanne McNair,East,Furniture,Chairs,192.19,36.3,3,
SM-20950,Suzanne McNair,East,Furniture,Furnishings,79.62,24.26,5,0
SM-20950,Suzanne McNair,East,Furniture,Tables,476.45,-102.01,3,0.4
SM-20950,Suzanne McNair,East,Office Supplies,Appliances,268.01,72.23,8,0
SM-20950,Suzanne McNair,East,Office Supplies,,4.22,1.48,3,
SM-20950,Suzanne McNair,East,Office Supplies,Labels,55.44,18.02,11,0.2
SM-20950,Suzanne McNair,East,Office Supplies,Paper,20.93,6.8,4,0.2
SM-20950,Suzanne McNair,East,Office Supplies,Storage,3357.41,,24,
SM-20950,Suzanne McNair,South,Office Supplies,Binders,17.62,-14.09,4,0.7
SM-20950,Suzanne McNair,West,Furniture,Furnishings,200.83,37.09,16,0.2
SM-20950,Suzanne McNair,West,Office Supplies,Paper,143.04,66.55,,0
SN-20560,Skye Norling,Central,Office Supplies,Binders,770.61,-1140.12,,0.4
SN-20560,Skye Norling,Central,Office Supplies,Paper,368.91,180.77,9,0
SN-20560,Skye Norling,Central,Office Supplies,Storage,171.04,44.47,4,0
SN-20560,Skye Norling,East,Furniture,Furnishings,8.92,3.92,,0
SN-20560,Skye Norling,East,Office Supplies,Appliances,111.04,29.98,4,0
SN-20560,Skye Norling,East,Office Supplies,Binders,209.6,96.42,4,0
SN-20560,Skye Norling,East,Office Supplies,Labels,,14.9,3,0
SN-20560,Skye Norling,East,Office Supplies,Paper,,18.66,6,0
SN-20560,Skye Norling,West,,Furnishings,75.36,20.72,5,0.2
SN-20560,Skye Norling,West,Office Supplies,Art,19.46,,,0
SN-20560,Skye Norling,West,Office Supplies,Binders,13.69,-9.43,9,0.7
SN-20560,Skye Norling,West,Office Supplies,Paper,41.85,17.79,8,
SN-20710,Steve Nguyen,Central,Furniture,Bookcases,532.4,-46.98,3,0.32
SN-20710,Steve Nguyen,Central,Furniture,Chairs,721.77,-51.55,23,0.3
SN-20710,Steve Nguyen,Central,Office Supplies,Art,6.37,1.03,2,0.2
SN-20710,Steve Nguyen,Central,Office Supplies,Envelopes,113.33,35.42,9,0.2
SN-20710,Steve Nguyen,Central,Office Supplies,Labels,48.85,15.88,2,0.2
SN-20710,Steve Nguyen,Central,,Paper,19.65,6.63,2,0.2
SN-20710,Steve Nguyen,Central,Technology,Phones,,41.76,,0.2
SN-20710,Steve Nguyen,South,Office Supplies,Art,100.3,27.92,7,0
SN-20710,Steve Nguyen,South,Office Supplies,Binders,511.84,240.56,8,0
SN-20710,Steve Nguyen,West,Office Supplies,Appliances,236.88,66.33,6,0
SN-20710,Steve Nguyen,West,Office Supplies,Art,,30.22,6,
SN-20710,Steve Nguyen,West,Office Supplies,Labels,5.78,2.72,2,0
SN-20710,Steve Nguyen,West,Office Supplies,Paper,143.72,68.15,8,0
SN-20710,Steve Nguyen,West,Technology,Accessories,207.97,43.67,7,0
SO-20335,Sean O'Donnell,East,Furniture,Chairs,726.17,76.43,7,0.1
SO-20335,Sean O'Donnell,East,Furniture,,28.44,11.38,3,0
SO-20335,Sean O'Donnell,East,,Phones,39.96,10.39,4,
SO-20335,Sean O'Donnell,South,Furniture,Furnishings,,4.24,3,0.2
SO-20335,Sean O'Donnell,South,Furniture,Tables,957.58,-383.03,5,0.45
SO-20335,Sean O'Donnell,South,Office Supplies,Paper,,62.14,4,0.2
SO-20335,Sean O'Donnell,South,Office Supplies,Storage,280.85,-0.71,4,0.2
SO-20335,Sean O'Donnell,South,Office Supplies,Supplies,8.83,-1.99,,0.2
SO-20335,Sean O'Donnell,West,Furniture,Bookcases,,41.17,2,0
SO-20335,Sean O'Donnell,West,Furniture,Furnishings,11.66,3.35,3,0.2
SO-20335,Sean O'Donnell,West,Office Supplies,Envelopes,,,2,0.2
SO-20335,Sean O'Donnell,West,,Paper,196.76,88.54,,0
SP-20545,Sibella Parks,Central,Furniture,Furnishings,16.74,4.35,2,0
SP-20545,Sibella Parks,Central,Office Supplies,Appliances,48.79,-126.86,,0.8
SP-20545,Sibella Parks,Central,Office Supplies,Binders,44.85,-67.27,,
SP-20545,Sibella Parks,Central,Office Supplies,Storage,102.34,-12.79,4,0.2
SP-20545,Sibella Parks,East,Furniture,Furnishings,332.83,-24.96,4,0.2
SP-20545,Sibella Parks,East,Office Supplies,Binders,,18.42,7,0.2
SP-20545,Sibella Parks,East,Office Supplies,Paper,19.14,5.98,4,0.2
SP-20545,Sibella Parks,East,,Storage,459.95,18.4,,0
SP-20545,Sibella Parks,East,Technology,Phones,227.46,,6,0
SP-20620,Stefania Perrino,Central,Office Supplies,Binders,2.29,-3.66,3,0.8
SP-20620,Stefania Perrino,Central,Office Supplies,Envelopes,12.98,,3,0.2
SP-20620,Stefania Perrino,Central,Technology,Accessories,47.98,14.4,,0.2
SP-20620,Stefania Perrino,Central,Technology,Phones,546.36,,5,0.2
SP-20620,Stefania Perrino,East,Furniture,Chairs,141.37,-48.47,,0.3
SP-20620,Stefania Perrino,East,Furniture,Furnishings,171.97,32.69,5,0.1
SP-20620,Stefania Perrino,East,,Appliances,16.78,4.2,2,0
SP-20620,Stefania Perrino,East,Office Supplies,Art,4.67,1.58,1,0.2
SP-20620,Stefania Perrino,East,Office Supplies,Binders,,-5.93,3,0.7
SP-20620,Stefania Perrino,East,Office Supplies,Storage,478.08,133.86,,0
SP-20620,Stefania Perrino,East,Technology,Accessories,354.58,93.44,6,0.2
SP-20620,Stefania Perrino,East,,Phones,1975.56,-374.18,11,
SP-20620,Stefania Perrino,South,Office Supplies,Envelopes,2.9,0.98,1,0.2
SP-20620,Stefania Perrino,West,Furniture,,1591.8,-203.99,9,0.2
SP-20620,Stefania Perrino,West,Office Supplies,Art,8.56,2.48,2,0
SP-20620,Stefania Perrino,West,Office Supplies,Binders,1.94,-1.36,2,0.7
SP-20620,Stefania Perrino,West,Office Supplies,Paper,74.96,,12,0.1
SP-20650,Stephanie Phelps,Central,Furniture,Furnishings,22.75,-8.53,6,0.6
SP-20650,Stephanie Phelps,Central,Office Supplies,Appliances,,,3,0.1
SP-20650,Stephanie Phelps,Central,Office Supplies,Art,13.9,3.75,5,0
SP-20650,Stephanie Phelps,Central,Technology,Accessories,89.97,18.89,3,0
SP-20650,Stephanie Phelps,East,Office Supplies,Art,15.96,7.02,7,0
SP-20650,Stephanie Phelps,East,Technology,Accessories,279.96,48.99,,
SP-20650,Stephanie Phelps,East,Technology,Phones,643.07,-69.03,5,0.27
SP-20650,Stephanie Phelps,South,Office Supplies,Art,39.07,9.77,6,0.2
SP-20650,Stephanie Phelps,West,Office Supplies,Binders,315.82,,,0.2
SP-20650,Stephanie Phelps,West,Office Supplies,Paper,163.9,74.81,11,0
SP-20650,Stephanie Phelps,West,,Storage,80.88,21.03,6,0
SP-20860,Sung Pak,Central,Furniture,Furnishings,14.7,-4.52,4,0.3
SP-20860,Sung Pak,Central,Office Supplies,Paper,36.84,17.31,3,0
SP-20860,Sung Pak,Central,Technology,Accessories,39.98,-1.5,,0.2
SP-20860,Sung Pak,East,Furniture,Furnishings,,,3,0.2
SP-20860,Sung Pak,East,Office Supplies,Art,,8.67,4,0.2
SP-20860,Sung Pak,East,Office Supplies,Binders,,-4.67,5,
SP-20860,Sung Pak,East,Office Supplies,Paper,56.52,22.98,11,0.13
SP-20860,Sung Pak,East,Technology,Accessories,31.18,-5.46,3,0.2
SP-20860,Sung Pak,East,Technology,Phones,519.79,-112.62,4,0.4
SP-20860,Sung Pak,South,Furniture,Bookcases,131.1,8.19,2,0.2
SP-20860,Sung Pak,South,Furniture,Furnishings,53.35,16.01,,0.2
SP-20860,Sung Pak,South,Office Supplies,Paper,10.37,,2,0.2
SP-20860,Sung Pak,South,,Storage,22.51,2.25,3,0.2
SP-20860,Sung Pak,South,Technology,Accessories,77.47,-12.02,10,0.2
SP-20860,Sung Pak,West,Furniture,Chairs,1684.75,210.59,6,0.2
SP-20860,Sung Pak,West,Office Supplies,Art,9.32,2.7,4,0
SP-20860,Sung Pak,West,Office Supplies,Envelopes,15.25,7.01,1,
SP-20860,Sung Pak,West,Technology,Accessories,1219.82,408.14,10,
SP-20920,Susan Pistek,Central,Office Supplies,Appliances,23.99,,2,0.8
SP-20920,Susan Pistek,East,Furniture,Chairs,3461.25,-33.91,18,0.3
SP-20920,Susan Pistek,East,Furniture,Furnishings,51.26,7.69,6,0.2
SP-20920,Susan Pistek,East,Office Supplies,Appliances,110.1,33.03,2,0.2
SP-20920,Susan Pistek,East,Office Supplies,Binders,5.19,-3.46,3,0.7
SP-20920,Susan Pistek,East,Office Supplies,Fasteners,16.75,5.44,6,0.2
SP-20920,Susan Pistek,East,Office Supplies,Storage,54.22,3.39,2,0.2
SP-20920,Susan Pistek,East,Technology,Accessories,159.98,44,2,0.2
SP-20920,Susan Pistek,East,Technology,Phones,44.38,-7.4,2,0.4
SP-20920,Susan Pistek,West,Office Supplies,Envelopes,6.12,2.88,3,0
SP-20920,Susan Pistek,West,Office Supplies,Fasteners,3.62,1.19,2,0
SP-20920,Susan Pistek,West,Office Supplies,Paper,53.82,24.22,9,0
SR-20425,Sharelle Roach,Central,Furniture,Bookcases,212.94,57.49,3,0
SR-20425,Sharelle Roach,East,Furniture,Chairs,,-35.51,2,0.3
SR-20425,Sharelle Roach,East,Office Supplies,,109.9,32.97,5,0
SR-20425,Sharelle Roach,South,Furniture,Chairs,141.96,35.49,2,0
SR-20425,Sharelle Roach,West,Office Supplies,Binders,42.59,-31.63,13,0.7
SR-20425,Sharelle Roach,West,Office Supplies,Paper,20.74,7.26,4,0.2
SR-20425,Sharelle Roach,West,Technology,Machines,2549.99,-3399.98,5,0.7
SR-20740,Steven Roelle,Central,Office Supplies,Binders,29.12,14.27,,0
SR-20740,Steven Roelle,Central,Office Supplies,,78.35,,5,0
SR-20740,Steven Roelle,Central,Office Supplies,Paper,41.95,17.47,9,0.1
SR-20740,Steven Roelle,Central,Office Supplies,Storage,169.45,42.36,5,0
SR-20740,Steven Roelle,East,,,398.84,,,0
SR-20740,Steven Roelle,East,Technology,Accessories,101.34,8.11,3,
SR-20740,Steven Roelle,East,Technology,Machines,3404.5,1668.2,5,0
SR-20740,Steven Roelle,South,,Accessories,47.79,16.25,3,0
SR-20740,Steven Roelle,West,Furniture,Chairs,61.58,-6.93,1,0.2
SR-20740,Steven Roelle,West,Office Supplies,Paper,12.96,6.22,2,0
SS-20140,Saphhira Shifley,Central,Furniture,Furnishings,6.37,-2.55,2,0.6
SS-20140,Saphhira Shifley,Central,Office Supplies,Appliances,34.18,-87.15,3,0.8
SS-20140,Saphhira Shifley,Central,,,10.19,1.02,7,0.2
SS-20140,Saphhira Shifley,Central,Technology,Accessories,5.54,1.66,7,0.2
SS-20140,Saphhira Shifley,East,,Furnishings,21.12,6.55,4,0
SS-20140,Saphhira Shifley,East,Office Supplies,Paper,12.96,6.22,2,0
SS-20140,Saphhira Shifley,East,Office Supplies,Storage,49.96,9.49,2,0
SS-20140,Saphhira Shifley,South,Furniture,,44,13.12,12,
SS-20140,Saphhira Shifley,South,Office Supplies,Art,113.94,34.18,3,0
SS-20140,Saphhira Shifley,South,Office Supplies,Paper,321.43,151.84,16,
SS-20140,Saphhira Shifley,South,Office Supplies,Supplies,34.48,10,2,0
SS-20140,Saphhira Shifley,South,Technology,Accessories,2.38,0.74,3,0.2
SS-20140,Saphhira Shifley,South,Technology,Phones,507.66,146.26,10,0
SS-20140,Saphhira Shifley,West,Office Supplies,,99.2,25.79,5,0
SS-20140,Saphhira Shifley,West,Office Supplies,Binders,3.91,1.27,1,0.2
SS-20140,Saphhira Shifley,West,Office Supplies,Paper,11.96,5.38,2,0
SS-20140,Saphhira Shifley,West,Technology,,44.75,8.5,5,0
SS-20410,Shahid Shariari,Central,Furniture,Tables,355.46,-184.84,3,0.5
SS-20410,Shahid Shariari,Central,Office Supplies,Binders,,,8,0.8
SS-20410,Shahid Shariari,Central,Office Supplies,Fasteners,,4.11,5,0.2
SS-20410,Shahid Shariari,East,Furniture,Tables,1252.7,-480.2,8,0.4
SS-20410,Shahid Shariari,East,Technology,Phones,110.97,-24.04,5,0.4
SS-20410,Shahid Shariari,South,Office Supplies,Appliances,195.68,50.88,4,0
SS-20410,Shahid Shariari,South,Office Supplies,Binders,2.78,1.36,1,0
SS-20410,Shahid Shariari,South,Office Supplies,Fasteners,14.2,6.67,,0
SS-20410,Shahid Shariari,West,Furniture,Furnishings,10.11,3.24,3,0
SS-20410,Shahid Shariari,West,Office Supplies,Supplies,20.46,5.32,2,0
SS-20410,Shahid Shariari,West,Technology,Accessories,772.47,146.77,3,0
SS-20515,Shirley Schmidt,Central,Technology,,47.97,14.87,3,0
SS-20515,Shirley Schmidt,East,Office Supplies,Appliances,39.48,11.05,1,0
SS-20515,Shirley Schmidt,South,Furniture,Furnishings,20.94,6.07,3,0
SS-20515,Shirley Schmidt,South,Office Supplies,Binders,225.15,103.57,15,0
SS-20515,Shirley Schmidt,South,,Accessories,279.86,64.37,14,0
SS-20590,Sonia Sunley,Central,Office Supplies,Binders,25.69,11.9,5,0
SS-20590,Sonia Sunley,Central,Office Supplies,Fasteners,1.81,0.65,1,0
SS-20590,Sonia Sunley,Central,Office Supplies,Labels,18.9,8.69,3,
SS-20590,Sonia Sunley,West,Office Supplies,Art,45.98,12.87,,
SS-20590,Sonia Sunley,West,Office Supplies,Storage,15.78,0.63,2,0
SS-20590,Sonia Sunley,West,Technology,Accessories,310.33,100.79,,0
SS-20875,Sung Shariari,Central,,Paper,,2.82,,0.2
SS-20875,Sung Shariari,Central,Office Supplies,,106.69,-4.74,,0.2
SS-20875,Sung Shariari,East,Furniture,Tables,136.53,-52.34,1,0.4
SS-20875,Sung Shariari,East,Office Supplies,Art,2.62,0.3,1,0.2
SS-20875,Sung Shariari,East,Office Supplies,Labels,3.15,1.51,1,0
SS-20875,Sung Shariari,East,Office Supplies,Paper,22.72,10.22,4,0
SS-20875,Sung Shariari,East,Technology,Accessories,263.96,42.89,1,0.2
SS-20875,Sung Shariari,South,Furniture,Bookcases,290.35,-36.29,3,0.2
SS-20875,Sung Shariari,South,Office Supplies,Binders,70.11,-56.09,9,0.7
SS-20875,Sung Shariari,South,Office Supplies,,,1.31,,0.2
SS-20875,Sung Shariari,West,Office Supplies,Binders,22.92,8.02,5,0.2
SS-20875,Sung Shariari,West,Technology,Accessories,19.99,6.8,1,0
ST-20530,Shui Tom,Central,,Paper,,6.07,3,0.2
ST-20530,Shui Tom,East,Furniture,,31.98,1.2,2,0.2
ST-20530,Shui Tom,East,Office Supplies,,46.83,5.27,4,0.2
ST-20530,Shui Tom,East,Office Supplies,Binders,139.44,47.06,3,0.2
ST-20530,Shui Tom,East,Office Supplies,Paper,31.1,10.89,,0.2
ST-20530,Shui Tom,East,Technology,Phones,37.48,-16.24,3,0.4
ST-20530,Shui Tom,South,,Appliances,14.34,0.9,4,0.2
ST-20530,Shui Tom,South,Office Supplies,Binders,58.72,27.01,4,
ST-20530,Shui Tom,West,Office Supplies,,,7.99,,
ST-20530,Shui Tom,West,Technology,Phones,23.98,-5.69,,0.2
SU-20665,Stephanie Ulpright,Central,,Chairs,89.77,-2.56,1,0.3
SU-20665,Stephanie Ulpright,Central,Office Supplies,Art,49.22,4.05,9,0.2
SU-20665,Stephanie Ulpright,Central,,Binders,152.8,76.4,5,0
SU-20665,Stephanie Ulpright,Central,Office Supplies,Paper,24.8,8.99,5,0.2
SU-20665,Stephanie Ulpright,Central,Technology,Copiers,959.98,335.99,2,0.2
SU-20665,Stephanie Ulpright,Central,,Machines,209.99,9,,0.3
SU-20665,Stephanie Ulpright,Central,Technology,Phones,34.36,-7.3,1,0.2
SU-20665,Stephanie Ulpright,East,Office Supplies,Labels,30.53,14.04,1,0
SU-20665,Stephanie Ulpright,East,Office Supplies,Paper,75.06,33.78,9,0
SU-20665,Stephanie Ulpright,East,Technology,Accessories,30.84,6.17,3,0
SU-20665,Stephanie Ulpright,South,Office Supplies,Binders,45.84,22,8,0
SU-20665,Stephanie Ulpright,South,Office Supplies,Labels,9.22,3.34,4,0.2
SU-20665,Stephanie Ulpright,South,Office Supplies,Supplies,28.05,3.51,2,0.2
SU-20665,Stephanie Ulpright,South,Technology,Accessories,599.97,257.99,,0
SU-20665,Stephanie Ulpright,South,Technology,,38.97,,3,0
SU-20665,Stephanie Ulpright,West,Furniture,Chairs,215.98,,3,0.2
SV-20365,Seth Vernon,Central,Furniture,Tables,1145.69,-227.62,7,
SV-20365,Seth Vernon,Central,Office Supplies,,,,5,0.2
SV-20365,Seth Vernon,East,Furniture,Bookcases,130.98,-89.07,2,
SV-20365,Seth Vernon,East,Furniture,,5976.28,935.84,28,
SV-20365,Seth Vernon,East,Furniture,Furnishings,15.29,4.69,5,0.1
SV-20365,Seth Vernon,East,Office Supplies,Art,2.67,0.37,1,
SV-20365,Seth Vernon,East,Office Supplies,Binders,,3.98,3,0.2
SV-20365,Seth Vernon,East,Office Supplies,Fasteners,4.36,1.79,2,0
SV-20365,Seth Vernon,East,Office Supplies,Paper,83.38,35.32,17,0.07
SV-20365,Seth Vernon,East,Office Supplies,Storage,45.4,12.71,4,0
SV-20365,Seth Vernon,East,,Supplies,9.18,1.15,2,0.2
SV-20365,Seth Vernon,East,,Accessories,345.41,137.94,7,0
SV-20365,Seth Vernon,East,Technology,Copiers,599.97,70,5,0.4
SV-20365,Seth Vernon,East,Technology,Phones,1991.86,242.17,10,0.2
SV-20365,Seth Vernon,South,Furniture,Bookcases,145.74,23.32,3,0
SV-20365,Seth Vernon,South,Furniture,Furnishings,15.4,7.39,5,0
SV-20365,Seth Vernon,West,Furniture,Tables,902.71,33.85,3,0.2
SV-20785,Stewart Visinsky,Central,Office Supplies,Paper,32.4,15.55,5,0
SV-20785,Stewart Visinsky,East,Furniture,Chairs,1559.32,142.62,9,0.15
SV-20785,Stewart Visinsky,East,Office Supplies,Appliances,41.9,8.56,9,0.2
SV-20785,Stewart Visinsky,East,,Art,70.61,17.01,5,0.1
SV-20785,Stewart Visinsky,East,Office Supplies,Paper,7.97,2.89,2,0.2
SV-20785,Stewart Visinsky,East,Office Supplies,Storage,76.75,-9.59,3,0.2
SV-20785,Stewart Visinsky,East,Office Supplies,,25.02,6.51,3,0
SV-20785,Stewart Visinsky,East,Technology,,27.55,-0.34,3,0.2
SV-20785,Stewart Visinsky,South,,Art,8.56,2.65,2,0
SV-20785,Stewart Visinsky,South,,,1.37,-0.91,1,0.7
SV-20785,Stewart Visinsky,South,Office Supplies,Paper,62.02,22.48,2,0.2
SV-20785,Stewart Visinsky,South,Office Supplies,Storage,356.94,107.08,2,0
SV-20785,Stewart Visinsky,South,Technology,,239.97,67.19,3,
SV-20785,Stewart Visinsky,West,Furniture,Chairs,484.7,-84.82,,0.2
SV-20785,Stewart Visinsky,West,Furniture,Furnishings,74.76,23.92,7,0
SV-20785,Stewart Visinsky,West,Furniture,Tables,364.78,27.36,3,0.2
SV-20785,Stewart Visinsky,West,,Binders,36.25,-24.91,9,
SV-20785,Stewart Visinsky,West,Office Supplies,Fasteners,5.94,0,,0
SV-20785,Stewart Visinsky,West,Office Supplies,Paper,45.36,21.77,7,0
SV-20785,Stewart Visinsky,West,Technology,Machines,371.98,,3,0.2
SV-20785,Stewart Visinsky,West,Technology,Phones,211.17,23.76,4,0.2
SV-20815,Stuart Van,Central,Furniture,Furnishings,4.93,-1.48,,0.6
SV-20815,Stuart Van,Central,Office Supplies,Art,125.93,35.26,7,0
SV-20815,Stuart Van,Central,Technology,,151.2,32.13,3,0.2
SV-20815,Stuart Van,Central,Technology,Phones,946.34,118.29,7,0.2
SV-20815,Stuart Van,South,Office Supplies,Paper,31.01,11.24,1,0.2
SV-20815,Stuart Van,West,Office Supplies,Art,11.68,4.2,2,0
SV-20935,Susan Vittorini,Central,Technology,Accessories,15.58,3.31,3,0.2
SV-20935,Susan Vittorini,East,Furniture,Furnishings,35.3,13.8,5,0
SV-20935,Susan Vittorini,East,Furniture,Tables,273.06,-104.67,2,0.4
SV-20935,Susan Vittorini,East,Office Supplies,Binders,13.02,-10.42,1,0.7
SV-20935,Susan Vittorini,East,Office Supplies,Fasteners,39.31,,13,0.2
SV-20935,Susan Vittorini,East,Technology,Accessories,549.68,213.65,12,0.1
SV-20935,Susan Vittorini,East,Technology,Phones,235.15,-47.03,8,0.4
SV-20935,Susan Vittorini,West,Office Supplies,Binders,67.86,-45.24,6,0.7
SV-20935,Susan Vittorini,West,Office Supplies,Paper,4.28,1.93,1,0
SV-20935,Susan Vittorini,West,Office Supplies,Storage,118.25,34.29,5,0
SV-20935,Susan Vittorini,West,Technology,Phones,552,34.5,10,0.2
SW-20245,Scot Wooten,Central,Furniture,Chairs,239.36,-47.87,3,0.3
SW-20245,Scot Wooten,East,,Chairs,109.76,8.54,2,0.1
SW-20245,Scot Wooten,East,Office Supplies,Binders,53.42,-41.87,9,0.7
SW-20245,Scot Wooten,East,Office Supplies,Storage,25.98,-5.2,1,0.2
SW-20245,Scot Wooten,East,Technology,Accessories,47.98,,2,0.2
SW-20245,Scot Wooten,South,Furniture,Bookcases,231.92,5.8,5,0.2
SW-20245,Scot Wooten,South,Furniture,Chairs,196.78,-22.14,2,
SW-20245,Scot Wooten,West,,Paper,179.86,82.54,9,
SW-20275,Scott Williamson,Central,,Paper,22.38,10.74,2,0
SW-20275,Scott Williamson,East,Furniture,Furnishings,27.42,11.24,1,0
SW-20275,Scott Williamson,East,Office Supplies,Binders,3.64,1.36,1,0.2
SW-20275,Scott Williamson,East,Technology,Phones,881.93,220.48,7,0
SW-20275,Scott Williamson,South,Office Supplies,Storage,173.8,43.45,,0
SW-20275,Scott Williamson,West,Office Supplies,Art,46.2,21.25,4,0
SW-20275,Scott Williamson,West,Office Supplies,Storage,811.28,24.34,8,0
SW-20350,Sean Wendt,Central,Office Supplies,Binders,5.28,2.43,2,0
SW-20350,Sean Wendt,Central,,Fasteners,29.05,9.01,5,0
SW-20350,Sean Wendt,Central,Technology,Phones,517.9,,2,0
SW-20350,Sean Wendt,East,Office Supplies,Binders,33.93,-22.62,3,0.7
SW-20350,Sean Wendt,East,Office Supplies,Storage,222.32,25.01,7,0.2
SW-20350,Sean Wendt,East,Technology,Phones,,,6,0.4
SW-20455,Shaun Weien,East,Office Supplies,Binders,1217.57,456.59,2,0.2
SW-20455,Shaun Weien,South,Furniture,Furnishings,7.9,2.17,2,0.2
SW-20455,Shaun Weien,South,Furniture,Tables,85.98,22.35,1,0
SW-20455,Shaun Weien,South,Office Supplies,Labels,196.62,,2,
SW-20455,Shaun Weien,West,Furniture,Chairs,225.3,22.53,2,0.2
SW-20455,Shaun Weien,West,Office Supplies,Binders,50.35,17.62,3,0.2
SW-20455,Shaun Weien,West,Office Supplies,Paper,16.34,7.68,2,0
SW-20455,Shaun Weien,West,Technology,Accessories,119.9,43.16,2,0
SW-20455,Shaun Weien,West,Technology,Phones,1001.58,125.2,2,0.2
SW-20755,Steven Ward,East,Furniture,Bookcases,579.14,21.72,4,0.2
SW-20755,Steven Ward,East,Office Supplies,Art,41.86,10.46,7,0
SW-20755,Steven Ward,East,Office Supplies,Binders,17.69,6.08,5,
SW-20755,Steven Ward,East,,Fasteners,14.07,6.89,7,0
SW-20755,Steven Ward,East,Office Supplies,Storage,11.21,3.36,1,0
SW-20755,Steven Ward,West,Technology,Accessories,41.94,15.1,,0
SW-20755,Steven Ward,West,Technology,Phones,52.79,4.62,1,0.2
SZ-20035,Sam Zeldin,Central,Furniture,Furnishings,51.76,-33.64,3,0.6
SZ-20035,Sam Zeldin,Central,Furniture,Tables,200.8,-22.95,1,0.3
SZ-20035,Sam Zeldin,Central,Office Supplies,Art,81.77,17.78,,
SZ-20035,Sam Zeldin,Central,Office Supplies,,2.92,-4.82,2,0.8
SZ-20035,Sam Zeldin,Central,Office Supplies,Labels,23.68,,2,0.2
SZ-20035,Sam Zeldin,Central,Office Supplies,Storage,526.37,6.88,5,0
SZ-20035,Sam Zeldin,Central,Technology,Accessories,684.13,132.54,12,0.2
SZ-20035,Sam Zeldin,Central,,Machines,600.53,137.26,2,0.3
SZ-20035,Sam Zeldin,Central,Technology,Phones,,14.76,3,0.2
SZ-20035,Sam Zeldin,East,Furniture,Tables,215.15,-103.99,2,0.4
SZ-20035,Sam Zeldin,East,,,52.06,18.87,4,0.2
SZ-20035,Sam Zeldin,East,Office Supplies,Paper,,22.33,10,0.2
SZ-20035,Sam Zeldin,East,Office Supplies,,128.34,37.22,6,0
SZ-20035,Sam Zeldin,West,Furniture,Furnishings,145.9,62.74,5,0
SZ-20035,Sam Zeldin,West,Office Supplies,Storage,46.53,12.1,3,0
SZ-20035,Sam Zeldin,West,Technology,Phones,604.77,60.48,4,0.2
TA-21385,Tom Ashbrook,Central,Furniture,Furnishings,124.83,-62.87,4,
TA-21385,Tom Ashbrook,Central,Office Supplies,Binders,331.96,149.38,2,0
TA-21385,Tom Ashbrook,Central,Office Supplies,Supplies,,7.16,3,0
TA-21385,Tom Ashbrook,Central,Technology,Accessories,57.4,10.91,5,0
TA-21385,Tom Ashbrook,East,Office Supplies,Art,7.04,,4,0
TA-21385,Tom Ashbrook,East,Office Supplies,Envelopes,63.9,28.75,5,0
TA-21385,Tom Ashbrook,East,Technology,Copiers,11199.97,3919.99,4,0.2
TA-21385,Tom Ashbrook,East,Technology,Phones,2452.59,648.42,9,0
TB-21055,Ted Butterfield,East,Furniture,Chairs,319.41,7.1,5,
TB-21055,Ted Butterfield,East,Furniture,Tables,244.62,20.97,1,0.3
TB-21055,Ted Butterfield,East,Office Supplies,Art,1.68,0.84,1,0
TB-21055,Ted Butterfield,East,Office Supplies,Binders,77.48,30.28,9,0.1
TB-21055,Ted Butterfield,East,Office Supplies,Envelopes,8.86,2.88,3,0.2
TB-21055,Ted Butterfield,East,Office Supplies,Fasteners,,5.26,4,0
TB-21055,Ted Butterfield,East,Office Supplies,Labels,16.52,5.37,5,0.2
TB-21055,Ted Butterfield,East,Office Supplies,,,230.46,26,
TB-21055,Ted Butterfield,East,Office Supplies,Storage,219.46,54.97,7,0
TB-21055,Ted Butterfield,East,Technology,Accessories,30,3.3,2,0
TB-21055,Ted Butterfield,East,Technology,Phones,59.97,28.79,3,0
TB-21175,Thomas Boland,Central,Office Supplies,Storage,60.42,6.04,2,0.2
TB-21175,Thomas Boland,East,Office Supplies,Binders,14.35,4.66,3,0.2
TB-21175,Thomas Boland,East,Office Supplies,Labels,20.7,9.94,2,0
TB-21175,Thomas Boland,East,Office Supplies,Supplies,10.95,3.28,3,0
TB-21175,Thomas Boland,South,,Chairs,975.92,292.78,4,0
TB-21175,Thomas Boland,South,Office Supplies,Envelopes,5.32,2.61,2,0
TB-21175,Thomas Boland,South,Office Supplies,Paper,10.27,3.47,3,0.2
TB-21175,Thomas Boland,South,,Storage,241.46,-11.09,8,0.13
TB-21175,Thomas Boland,South,Technology,Accessories,2249.91,517.48,9,0
TB-21190,Thomas Brumley,East,Furniture,Chairs,767.21,161.97,14,0.1
TB-21190,Thomas Brumley,South,Office Supplies,Binders,,,2,0
TB-21190,Thomas Brumley,West,Furniture,Furnishings,34.92,11.87,4,0
TB-21190,Thomas Brumley,West,Office Supplies,Art,7.8,2.11,3,0
TB-21250,Tim Brockman,Central,Office Supplies,Binders,37.06,-59.08,5,0.8
TB-21250,Tim Brockman,Central,Office Supplies,Envelopes,12.22,4.43,2,0.2
TB-21250,Tim Brockman,Central,Technology,Accessories,110.58,27.7,10,0.2
TB-21250,Tim Brockman,East,Office Supplies,Paper,23.92,10.76,4,0
TB-21250,Tim Brockman,East,,Phones,631.96,303.34,4,0
TB-21250,Tim Brockman,West,Furniture,Bookcases,,7.77,1,0
TB-21250,Tim Brockman,West,Furniture,Chairs,435.17,-59.84,4,0.2
TB-21250,Tim Brockman,West,Office Supplies,Art,9.84,2.85,3,0
TB-21250,Tim Brockman,West,,Binders,33.72,4.34,6,0.45
TB-21250,Tim Brockman,West,Office Supplies,Labels,39.41,12.81,,0.2
TB-21250,Tim Brockman,West,Office Supplies,Paper,10.37,3.63,2,0.2
TB-21250,Tim Brockman,West,Office Supplies,Storage,,2.93,3,0.2
TB-21250,Tim Brockman,West,Office Supplies,Supplies,13.88,-2.6,5,
TB-21250,Tim Brockman,West,Technology,,103.92,-18.19,10,0.2
TB-21250,Tim Brockman,West,Technology,Phones,52.68,19.76,,0.2
TB-21280,Toby Braunhardt,Central,Technology,,1287.45,244.62,5,0
TB-21280,Toby Braunhardt,East,Furniture,Furnishings,,17.38,3,0
TB-21280,Toby Braunhardt,East,Office Supplies,Appliances,59.7,26.86,3,0
TB-21280,Toby Braunhardt,East,Office Supplies,Binders,35.98,13.65,6,0.1
TB-21280,Toby Braunhardt,East,Office Supplies,Paper,51.79,24.21,8,0
TB-21280,Toby Braunhardt,East,Technology,Phones,617.97,160.67,3,0
TB-21280,Toby Braunhardt,South,Technology,Phones,95.97,9.6,4,0.2
TB-21280,Toby Braunhardt,West,Office Supplies,Binders,8.23,-6.03,3,0.7
TB-21355,Todd Boyes,Central,Office Supplies,Paper,195.22,68.33,8,0.2
TB-21355,Todd Boyes,Central,Office Supplies,Storage,14.16,1.06,1,0.2
TB-21355,Todd Boyes,East,Furniture,Furnishings,,,2,0
TB-21355,Todd Boyes,East,Office Supplies,Art,30.03,9.8,6,0
TB-21355,Todd Boyes,East,Office Supplies,Binders,12.19,4.11,4,
TB-21355,Todd Boyes,East,Office Supplies,Paper,18,8.28,5,0
TB-21355,Todd Boyes,South,Furniture,Bookcases,302.94,75.74,3,0
TB-21355,Todd Boyes,South,Office Supplies,,,4.48,2,
TB-21355,Todd Boyes,South,Office Supplies,Binders,,54.69,6,0
TB-21355,Todd Boyes,South,Technology,Phones,90.73,31.31,7,0
TB-21400,Tom Boeckenhauer,Central,Furniture,Furnishings,879.57,237.34,9,0
TB-21400,Tom Boeckenhauer,Central,Office Supplies,Binders,42.81,20.12,3,
TB-21400,Tom Boeckenhauer,Central,Office Supplies,Paper,12.96,6.22,2,0
TB-21400,Tom Boeckenhauer,Central,Technology,Phones,104.85,28.31,3,0
TB-21400,Tom Boeckenhauer,East,,Machines,6999.96,2239.99,4,0
TB-21400,Tom Boeckenhauer,South,Furniture,Furnishings,25.25,4.1,3,0.2
TB-21400,Tom Boeckenhauer,South,Office Supplies,Storage,81.2,12.18,5,0
TB-21400,Tom Boeckenhauer,West,Furniture,Bookcases,174.42,41.86,3,0
TB-21400,Tom Boeckenhauer,West,Office Supplies,Art,6.08,2.07,2,0
TB-21400,Tom Boeckenhauer,West,Office Supplies,,115.4,,11,0.2
TB-21400,Tom Boeckenhauer,West,Office Supplies,Paper,37.94,18.21,2,0
TB-21400,Tom Boeckenhauer,West,,Storage,102.96,1.03,2,0
TB-21400,Tom Boeckenhauer,West,Technology,Machines,385.8,130.21,5,0.2
TB-21400,Tom Boeckenhauer,West,Technology,Phones,164.79,18.54,1,0.2
TB-21520,Tracy Blumstein,Central,Office Supplies,Binders,10.78,-17.25,5,0.8
TB-21520,Tracy Blumstein,Central,,Paper,19.05,8.76,,0
TB-21520,Tracy Blumstein,Central,Technology,Accessories,119.98,-18,3,0.2
TB-21520,Tracy Blumstein,East,Furniture,Bookcases,3083.43,-1665.05,,0.5
TB-21520,Tracy Blumstein,East,Furniture,Furnishings,124.2,15.52,3,0.2
TB-21520,Tracy Blumstein,East,Furniture,Tables,409.59,-122.88,3,0.4
TB-21520,Tracy Blumstein,East,Office Supplies,Appliances,121.79,13.7,4,0.2
TB-21520,Tracy Blumstein,East,Office Supplies,Art,102.06,13.26,8,0.2
TB-21520,Tracy Blumstein,East,,,16.48,-12.77,8,0.7
TB-21520,Tracy Blumstein,East,,Envelopes,3.26,1.1,2,0.2
TB-21520,Tracy Blumstein,East,Office Supplies,,34.44,17.22,3,0
TB-21520,Tracy Blumstein,East,Office Supplies,Storage,191.88,19.19,6,
TB-21520,Tracy Blumstein,West,Furniture,Furnishings,14.37,3.95,2,
TB-21520,Tracy Blumstein,West,Office Supplies,Binders,15.19,5.51,3,0.2
TB-21520,Tracy Blumstein,West,Office Supplies,,231.18,86.72,20,0.13
TB-21520,Tracy Blumstein,West,Technology,Accessories,239.8,47.96,5,0.2
TB-21595,Troy Blackwell,Central,Furniture,,,60.36,5,0
TB-21595,Troy Blackwell,Central,Furniture,Furnishings,28.07,-9.95,6,0.3
TB-21595,Troy Blackwell,East,Furniture,Bookcases,299.98,-167.99,5,0.5
TB-21595,Troy Blackwell,East,,Phones,158.38,-36.95,,0.4
TB-21595,Troy Blackwell,West,Office Supplies,Art,120.77,9.06,4,0.2
TB-21595,Troy Blackwell,West,Office Supplies,Paper,25.92,9.07,5,0.2
TB-21625,Trudy Brown,Central,Furniture,Furnishings,14.76,-11.44,5,0.6
TB-21625,Trudy Brown,Central,Office Supplies,Binders,3.66,-5.85,4,0.8
TB-21625,Trudy Brown,Central,Technology,,224.75,62.93,5,0
TB-21625,Trudy Brown,East,Furniture,Chairs,1079.32,-15.42,,0.3
TB-21625,Trudy Brown,East,Furniture,Furnishings,18.84,6.03,3,
TB-21625,Trudy Brown,East,Office Supplies,Binders,707.72,228.06,11,0.1
TB-21625,Trudy Brown,East,Office Supplies,Fasteners,3.29,1.48,1,
TB-21625,Trudy Brown,East,Office Supplies,Storage,,24.15,6,0
TB-21625,Trudy Brown,East,,Accessories,319.98,97.19,10,0
TB-21625,Trudy Brown,West,Furniture,,253.18,-31.65,3,0.2
TB-21625,Trudy Brown,West,Office Supplies,Art,60.45,,3,0
TB-21625,Trudy Brown,West,Office Supplies,Paper,17.94,8.07,3,0
TC-20980,Tamara Chand,Central,Office Supplies,Art,33.96,9.51,,0
TC-20980,Tamara Chand,Central,Office Supplies,Binders,796.4,303.75,12,0.27
TC-20980,Tamara Chand,Central,Office Supplies,,74.35,26.95,3,0.2
TC-20980,Tamara Chand,Central,Office Supplies,Storage,32.48,4.87,2,0
TC-20980,Tamara Chand,Central,Technology,Copiers,17499.95,8399.98,5,0
TC-20980,Tamara Chand,East,Office Supplies,Binders,24.45,8.86,2,0.2
TC-20980,Tamara Chand,East,Office Supplies,Paper,61.4,28.86,5,0
TC-20980,Tamara Chand,South,Office Supplies,Paper,23.92,11.72,4,0
TC-20980,Tamara Chand,South,,Accessories,498,184.26,5,0
TC-20980,Tamara Chand,West,Office Supplies,Binders,7.31,2.56,2,0.2
TC-21145,Theresa Coyne,East,,Chairs,512.96,143.63,4,0
TC-21145,Theresa Coyne,East,Furniture,Furnishings,47.4,18.96,5,0
TC-21145,Theresa Coyne,East,Office Supplies,Storage,81.96,0,2,0
TC-21145,Theresa Coyne,East,Technology,Phones,395.94,102.94,6,0
TC-21295,Toby Carlisle,Central,Office Supplies,Binders,,-32.98,5,0.8
TC-21295,Toby Carlisle,East,Furniture,Chairs,1628.82,260.61,9,0
TC-21295,Toby Carlisle,East,Office Supplies,Labels,59.2,29.6,4,0
TC-21295,Toby Carlisle,East,Office Supplies,Storage,79.45,22.25,7,0
TC-21295,Toby Carlisle,East,Technology,Accessories,177,30.09,3,0
TC-21295,Toby Carlisle,South,Office Supplies,Art,2.06,0.15,1,0.2
TC-21295,Toby Carlisle,South,Technology,Machines,695.7,-27.83,2,0.5
TC-21295,Toby Carlisle,West,Furniture,Furnishings,295.53,57.72,6,0
TC-21295,Toby Carlisle,West,Office Supplies,Art,71.92,,4,0
TC-21295,Toby Carlisle,West,Office Supplies,Binders,4.45,1.45,2,0.2
TC-21295,Toby Carlisle,West,Office Supplies,Fasteners,4.96,2.33,4,0
TC-21295,Toby Carlisle,West,Office Supplies,Paper,166.44,79.89,3,0
TC-21295,Toby Carlisle,West,Technology,Accessories,588.91,109.32,10,0.1
TC-21295,Toby Carlisle,West,,Phones,470.38,52.92,3,0.2
TC-21475,Tony Chapman,Central,,Binders,53.35,-85.86,12,0.8
TC-21475,Tony Chapman,East,Office Supplies,Art,,13.23,,0
TC-21475,Tony Chapman,East,Office Supplies,Binders,76.78,-53.74,4,0.7
TC-21475,Tony Chapman,South,,Tables,411.8,70.01,2,0
TC-21475,Tony Chapman,South,Office Supplies,Paper,19.44,9.33,3,0
TC-21475,Tony Chapman,South,Technology,Accessories,360,129.6,,0
TC-21475,Tony Chapman,West,Furniture,Furnishings,240.29,32.55,5,
TC-21475,Tony Chapman,West,Office Supplies,Appliances,43.56,3.27,5,0.2
TC-21475,Tony Chapman,West,Office Supplies,,5.84,,2,0.2
TC-21535,Tracy Collins,East,Furniture,Furnishings,35.28,12,3,0
TC-21535,Tracy Collins,East,Office Supplies,Binders,3.13,-2.61,,0.7
TC-21535,Tracy Collins,East,Office Supplies,Paper,30.44,14.31,,0
TC-21535,Tracy Collins,South,Furniture,Bookcases,61.96,4.34,,0
TC-21535,Tracy Collins,West,Office Supplies,Appliances,67.84,18.32,1,0
TC-21535,Tracy Collins,West,Office Supplies,Art,6.72,3.36,4,0
TC-21535,Tracy Collins,West,Office Supplies,Paper,50.04,25.02,6,0
TC-21535,Tracy Collins,West,Technology,Accessories,389.97,,3,0
TC-21535,Tracy Collins,West,Technology,Phones,97.18,10.62,3,0.2
TD-20995,Tamara Dahlen,Central,Office Supplies,Appliances,5.77,-13.55,2,
TD-20995,Tamara Dahlen,Central,Office Supplies,Art,,1.71,5,0.2
TD-20995,Tamara Dahlen,Central,Office Supplies,Binders,18.34,-32.09,4,0.8
TD-20995,Tamara Dahlen,Central,Office Supplies,,12.03,,8,0.2
TD-20995,Tamara Dahlen,Central,Office Supplies,Labels,10.44,3.39,5,0.2
TD-20995,Tamara Dahlen,Central,Office Supplies,Paper,10.37,3.63,2,0.2
TD-20995,Tamara Dahlen,Central,Office Supplies,Supplies,31.68,2.77,4,
TD-20995,Tamara Dahlen,East,Furniture,Furnishings,24.05,7.21,9,0.2
TD-20995,Tamara Dahlen,East,Office Supplies,Art,,7.25,5,0
TD-20995,Tamara Dahlen,East,Office Supplies,,,11.54,2,0
TD-20995,Tamara Dahlen,East,Office Supplies,Supplies,54.9,15.37,5,0
TD-20995,Tamara Dahlen,South,Office Supplies,Supplies,34.2,9.23,5,0
TD-20995,Tamara Dahlen,West,Furniture,Chairs,1167.06,70.25,,0.2
TD-20995,Tamara Dahlen,West,Office Supplies,,1.08,-0.79,2,0.7
TG-21310,Toby Gnade,East,,Phones,137.94,35.86,3,0
TG-21310,Toby Gnade,South,Office Supplies,Labels,4.61,1.67,2,0.2
TG-21310,Toby Gnade,West,Furniture,Bookcases,127.76,-191.65,6,0.7
TG-21310,Toby Gnade,West,Furniture,Chairs,441.92,,,0.2
TG-21310,Toby Gnade,West,Office Supplies,Binders,1054.93,394.64,8,0.2
TG-21310,Toby Gnade,West,Office Supplies,,18.5,6.7,4,0.2
TG-21310,Toby Gnade,West,Office Supplies,Storage,272.74,-64.77,3,0.2
TG-21310,Toby Gnade,West,Technology,Copiers,999.98,449.99,2,0
TG-21640,Trudy Glocke,Central,Furniture,Furnishings,,37.88,5,0
TG-21640,Trudy Glocke,Central,Technology,Accessories,113.52,46.54,4,0
TG-21640,Trudy Glocke,South,Furniture,Chairs,,98.48,7,0.2
TG-21640,Trudy Glocke,South,Office Supplies,Art,4.03,1.06,2,0.2
TG-21640,Trudy Glocke,South,Office Supplies,,12.64,-10.12,5,0.7
TG-21640,Trudy Glocke,West,Furniture,Furnishings,355.36,92.39,4,0
TG-21640,Trudy Glocke,West,Office Supplies,Paper,180.64,88.51,18,0
TG-21640,Trudy Glocke,West,Office Supplies,Supplies,,2.19,2,0
TG-21640,Trudy Glocke,West,Technology,Phones,140.38,8.77,3,0.2
TH-21100,Thea Hendricks,East,,Furnishings,35.17,9.67,7,0.2
TH-21100,Thea Hendricks,East,Technology,Phones,1502.38,-250.4,4,0.4
TH-21100,Thea Hendricks,South,Office Supplies,,27.86,9.19,7,0
TH-21100,Thea Hendricks,West,Furniture,Chairs,603.92,45.29,5,0.2
TH-21100,Thea Hendricks,West,Office Supplies,Paper,81.98,40.17,2,0
TH-21100,Thea Hendricks,West,Office Supplies,Storage,10.74,0.81,1,0.2
TH-21100,Thea Hendricks,West,Technology,Phones,160.78,10.05,3,0.2
TH-21115,Thea Hudgings,Central,Furniture,,344.37,-93.47,4,0.3
TH-21115,Thea Hudgings,Central,Furniture,Furnishings,127.88,-67.14,,0.6
TH-21115,Thea Hudgings,Central,Office Supplies,Storage,,,3,
TH-21115,Thea Hudgings,East,Furniture,Furnishings,3.31,0.66,1,0.2
TH-21115,Thea Hudgings,East,Office Supplies,Appliances,20.14,1.26,3,0.2
TH-21115,Thea Hudgings,East,Office Supplies,Binders,11.12,5.45,4,0
TH-21115,Thea Hudgings,East,Office Supplies,,8.86,2.88,3,0.2
TH-21115,Thea Hudgings,East,Office Supplies,Paper,12.96,6.22,2,
TH-21115,Thea Hudgings,East,Technology,Phones,859.2,,4,0.4
TH-21235,Tiffany House,Central,Furniture,Chairs,106.87,-29.01,3,0.3
TH-21235,Tiffany House,Central,,Binders,3.56,-6.24,3,0.8
TH-21235,Tiffany House,Central,Office Supplies,Paper,85.06,28.71,3,
TH-21235,Tiffany House,Central,Office Supplies,Supplies,23.76,2.08,,0.2
TH-21235,Tiffany House,Central,Technology,Phones,381.58,28.62,3,
TH-21235,Tiffany House,East,Furniture,Tables,53.32,-19.55,2,0.4
TH-21235,Tiffany House,East,Office Supplies,Appliances,91.37,22.36,5,0.1
TH-21235,Tiffany House,East,Office Supplies,Art,1.5,0.17,1,0.2
TH-21235,Tiffany House,West,Office Supplies,Art,2.94,0.79,1,0
TH-21235,Tiffany House,West,Office Supplies,,32.4,15.55,5,0
TH-21235,Tiffany House,West,Office Supplies,,54.32,0.54,,
TH-21235,Tiffany House,West,Technology,Accessories,185.53,48.7,7,0.2
TH-21550,Tracy Hopkins,Central,Office Supplies,Art,15.92,5.41,,0
TH-21550,Tracy Hopkins,Central,Office Supplies,Paper,,2.04,1,
TH-21550,Tracy Hopkins,Central,,Phones,543.92,135.98,8,0
TH-21550,Tracy Hopkins,East,Furniture,Chairs,542.94,141.16,3,0
TH-21550,Tracy Hopkins,East,Furniture,Furnishings,,90.05,9,0
TH-21550,Tracy Hopkins,East,Office Supplies,Appliances,68.94,20.68,3,0
TH-21550,Tracy Hopkins,East,Office Supplies,Paper,332.88,159.78,6,0
TH-21550,Tracy Hopkins,East,Technology,Phones,589.9,,2,0
TH-21550,Tracy Hopkins,South,Office Supplies,Binders,1633.19,,4,0.7
TH-21550,Tracy Hopkins,South,Technology,Accessories,255.97,32,,0.2
TM-21010,Tamara Manning,Central,Furniture,Furnishings,14.91,4.62,3,0
TM-21010,Tamara Manning,Central,Office Supplies,Binders,8.85,-13.72,5,0.8
TM-21010,Tamara Manning,Central,,Paper,,59.73,9,0
TM-21010,Tamara Manning,Central,Office Supplies,Storage,13.48,3.5,,0
TM-21010,Tamara Manning,East,Office Supplies,Art,,3.06,2,
TM-21010,Tamara Manning,East,Office Supplies,,27.18,,1,0
TM-21010,Tamara Manning,East,Office Supplies,Fasteners,1.24,0.58,1,0
TM-21010,Tamara Manning,East,Office Supplies,Labels,,9.94,2,0
TM-21010,Tamara Manning,East,Office Supplies,Paper,,14.16,,0
TM-21010,Tamara Manning,East,Office Supplies,Storage,105.98,4.24,2,0
TM-21010,Tamara Manning,South,Technology,Accessories,47.79,16.25,3,0
TM-21010,Tamara Manning,West,Furniture,,1406.86,140.69,7,0
TM-21010,Tamara Manning,West,Office Supplies,Art,24.2,7.99,5,0
TM-21010,Tamara Manning,West,Office Supplies,Labels,15.75,7.56,,
TM-21010,Tamara Manning,West,Office Supplies,Storage,746.38,171.44,13,0
TM-21010,Tamara Manning,West,Technology,Phones,359.98,130.49,3,0.2
TM-21490,Tony Molinari,Central,Office Supplies,Envelopes,325.86,149.9,2,0
TM-21490,Tony Molinari,East,Furniture,Furnishings,14.89,4.02,1,0
TM-21490,Tony Molinari,East,Technology,Phones,543.92,135.98,8,0
TM-21490,Tony Molinari,West,Furniture,Tables,210.01,2.63,1,0.2
TN-21040,Tanja Norvell,Central,,Phones,286.4,25.06,1,0.2
TN-21040,Tanja Norvell,East,Technology,,559.93,167.98,7,0
TN-21040,Tanja Norvell,South,Technology,Accessories,431.98,-75.6,3,
TN-21040,Tanja Norvell,West,Furniture,Chairs,122.35,13.76,,0.2
TN-21040,Tanja Norvell,West,,Furnishings,23.56,7.07,5,0.2
TN-21040,Tanja Norvell,West,Furniture,Tables,1272.63,,6,
TN-21040,Tanja Norvell,West,Office Supplies,Appliances,78.27,5.87,2,0.2
TN-21040,Tanja Norvell,West,Office Supplies,Binders,28.48,-20.89,5,0.7
TN-21040,Tanja Norvell,West,Office Supplies,Envelopes,15.28,7.49,2,0
TN-21040,Tanja Norvell,West,Office Supplies,Supplies,185.38,-34.76,2,
TN-21040,Tanja Norvell,West,Technology,Accessories,125.96,26.45,12,0
TP-21130,Theone Pippenger,Central,Furniture,Chairs,1586.69,412.54,7,
TP-21130,Theone Pippenger,Central,Furniture,,411.8,70.01,2,0
TP-21130,Theone Pippenger,Central,,Art,8.8,2.55,5,0
TP-21130,Theone Pippenger,Central,Office Supplies,Binders,2.81,-4.49,3,0.8
TP-21130,Theone Pippenger,Central,,Storage,23.97,2.4,2,0.2
TP-21130,Theone Pippenger,Central,Technology,Accessories,827.69,,12,0
TP-21130,Theone Pippenger,East,Office Supplies,Supplies,11.63,1.02,,0.2
TP-21130,Theone Pippenger,South,Office Supplies,,5.67,0.11,3,0
TP-21130,Theone Pippenger,South,,Storage,,70.18,9,0
TP-21130,Theone Pippenger,South,Office Supplies,Supplies,5.04,0.15,2,0
TP-21130,Theone Pippenger,South,Technology,,249.95,107.48,5,0
TP-21130,Theone Pippenger,South,Technology,Phones,699.98,195.99,2,0
TP-21130,Theone Pippenger,West,Office Supplies,Appliances,,2.64,1,0.2
TP-21415,Tom Prescott,Central,Furniture,Bookcases,156.37,-52.89,2,0.32
TP-21415,Tom Prescott,Central,Furniture,Furnishings,3.98,-2.69,2,0.6
TP-21415,Tom Prescott,Central,Office Supplies,Appliances,12.99,-32.48,2,0.8
TP-21415,Tom Prescott,Central,Office Supplies,Binders,275.95,-455.31,17,
TP-21415,Tom Prescott,Central,Technology,Accessories,127.98,16,2,0.2
TP-21415,Tom Prescott,East,Furniture,Chairs,4416.17,-630.88,,0.3
TP-21415,Tom Prescott,East,,Furnishings,,64.52,3,0
TP-21415,Tom Prescott,West,Office Supplies,Paper,12.96,,2,0
TP-21565,Tracy Poddar,Central,Furniture,Furnishings,38.08,-29.51,5,0.6
TP-21565,Tracy Poddar,Central,Technology,Phones,95.84,34.74,4,0.2
TP-21565,Tracy Poddar,West,Furniture,Chairs,755.14,-111.96,4,0.2
TP-21565,Tracy Poddar,West,Office Supplies,Labels,629.18,228.08,8,0.2
TP-21565,Tracy Poddar,West,Office Supplies,Paper,63.13,22.09,4,0.2
TP-21565,Tracy Poddar,West,Office Supplies,,168.62,,9,0.2
TP-21565,Tracy Poddar,West,Office Supplies,Supplies,17.58,-4.18,7,0.2
TP-21565,Tracy Poddar,West,Technology,Accessories,169.06,-14.79,7,0.2
TR-21325,Toby Ritter,Central,Technology,Phones,278.4,80.74,3,0
TR-21325,Toby Ritter,East,Office Supplies,Labels,9.82,4.81,2,0
TR-21325,Toby Ritter,East,Technology,Accessories,239.97,71.99,3,0
TR-21325,Toby Ritter,South,Office Supplies,Paper,15.55,5.44,3,0.2
TR-21325,Toby Ritter,West,Furniture,Furnishings,,43.18,4,0
TR-21325,Toby Ritter,West,Office Supplies,Paper,30.87,14.2,7,0
TS-21085,Thais Sissman,South,Office Supplies,Binders,2.81,-1.97,3,0.7
TS-21085,Thais Sissman,West,Office Supplies,Binders,2.03,-1.35,1,0.7
TS-21160,Theresa Swint,Central,Furniture,Bookcases,241.96,24.2,,0
TS-21160,Theresa Swint,Central,Office Supplies,Binders,8.52,4.17,3,0
TS-21160,Theresa Swint,East,,Chairs,422.06,-18.09,,0.3
TS-21160,Theresa Swint,East,Office Supplies,Appliances,45.22,4.52,3,0.2
TS-21160,Theresa Swint,East,Office Supplies,Art,7.87,1.28,3,0.2
TS-21160,Theresa Swint,East,Office Supplies,Binders,96.06,-75.91,12,0.7
TS-21160,Theresa Swint,East,Office Supplies,Fasteners,11.86,-1.98,8,0.2
TS-21160,Theresa Swint,East,Office Supplies,Storage,254.35,-50.87,6,0.2
TS-21160,Theresa Swint,East,Technology,Phones,118.78,-27.72,3,0.4
TS-21160,Theresa Swint,South,Furniture,Furnishings,595.38,297.69,6,0
TS-21160,Theresa Swint,South,Office Supplies,Paper,12.96,6.22,2,0
TS-21160,Theresa Swint,South,Technology,Phones,287.97,77.75,,0
TS-21160,Theresa Swint,West,Furniture,Furnishings,35.28,12,,0
TS-21160,Theresa Swint,West,Office Supplies,Supplies,25.35,7.6,3,0
TS-21205,Thomas Seio,Central,Office Supplies,Appliances,,-53.01,2,0.8
TS-21205,Thomas Seio,Central,Office Supplies,Paper,8.45,2.96,2,0.2
TS-21205,Thomas Seio,East,Furniture,Furnishings,87.54,37.64,3,0
TS-21205,Thomas Seio,South,Furniture,Furnishings,31.17,9.35,4,0.2
TS-21205,Thomas Seio,South,Furniture,Tables,120.96,-28.22,2,0.4
TS-21205,Thomas Seio,South,Office Supplies,,,6.7,8,0.2
TS-21205,Thomas Seio,South,Office Supplies,Paper,91.36,29.69,5,0.2
TS-21205,Thomas Seio,South,Office Supplies,Storage,159.05,13.98,2,0.2
TS-21205,Thomas Seio,South,Technology,Phones,2479.91,250.99,11,0.2
TS-21205,Thomas Seio,West,,Furnishings,,14.21,2,0
TS-21205,Thomas Seio,West,Office Supplies,Appliances,287.4,86.22,5,0
TS-21205,Thomas Seio,West,Office Supplies,Art,18.06,4.7,7,0
TS-21205,Thomas Seio,West,Office Supplies,Paper,813.09,388.7,10,
TS-21205,Thomas Seio,West,Technology,Accessories,,8,2,0
TS-21205,Thomas Seio,West,Technology,Phones,1039.73,90.98,2,0.2
TS-21340,Toby Swindell,Central,Office Supplies,Binders,1.11,-1.89,2,0.8
TS-21340,Toby Swindell,East,Furniture,Furnishings,14.56,6.26,2,0
TS-21340,Toby Swindell,East,Office Supplies,Binders,3.05,1.03,1,0.2
TS-21340,Toby Swindell,West,Furniture,Bookcases,181.47,-320.6,5,0.7
TS-21340,Toby Swindell,West,Office Supplies,Binders,135.51,9.99,22,0.32
TS-21340,Toby Swindell,West,Office Supplies,Envelopes,108.72,36.69,5,0.2
TS-21340,Toby Swindell,West,Office Supplies,,75.5,28.95,7,0.1
TS-21340,Toby Swindell,West,Office Supplies,,454.86,54.58,7,
TS-21370,Todd Sumrall,Central,Technology,Copiers,2799.96,874.99,5,0.2
TS-21370,Todd Sumrall,East,Furniture,Chairs,1198.67,176.2,8,0.1
TS-21370,Todd Sumrall,East,Furniture,,199.84,-37.11,4,0.3
TS-21370,Todd Sumrall,East,Office Supplies,Binders,221.06,103.9,7,0
TS-21370,Todd Sumrall,East,Office Supplies,Paper,5.88,2.88,,0
TS-21370,Todd Sumrall,East,Technology,Machines,5199.96,1351.99,4,
TS-21370,Todd Sumrall,East,Technology,,803.8,237.22,6,
TS-21370,Todd Sumrall,West,Furniture,Bookcases,826.98,-393.26,13,0.42
TS-21370,Todd Sumrall,West,Office Supplies,Binders,7.18,2.24,2,0.2
TS-21370,Todd Sumrall,West,Office Supplies,Storage,,38.18,5,0
TS-21370,Todd Sumrall,West,Office Supplies,Supplies,487.02,14.49,,0
TS-21430,Tom Stivers,Central,Furniture,Furnishings,30.36,13.05,4,0
TS-21430,Tom Stivers,East,Furniture,Bookcases,521.96,-250.54,4,0.5
TS-21430,Tom Stivers,East,Furniture,Furnishings,23.97,7.79,2,0.2
TS-21430,Tom Stivers,West,Furniture,Bookcases,1367.84,259.89,8,0
TS-21430,Tom Stivers,West,Office Supplies,Art,8.26,3.8,,0
TS-21430,Tom Stivers,West,Office Supplies,Binders,29.8,9.31,5,0.2
TS-21430,Tom Stivers,West,,Phones,71.95,5.4,6,0.2
TS-21505,Tony Sayre,East,Furniture,Furnishings,,26.6,,0
TS-21505,Tony Sayre,East,Office Supplies,Appliances,286.26,17.89,1,0.2
TS-21505,Tony Sayre,East,Office Supplies,Storage,355.76,-87.73,,0.2
TS-21505,Tony Sayre,South,Furniture,Chairs,662.88,74.57,,0.2
TS-21505,Tony Sayre,South,Office Supplies,Appliances,43.51,3.81,7,
TS-21505,Tony Sayre,South,Office Supplies,Paper,25.92,9.07,5,0.2
TS-21505,Tony Sayre,West,Furniture,Bookcases,102.02,-183.63,7,
TS-21505,Tony Sayre,West,Furniture,Furnishings,13.36,4.01,5,0.2
TS-21505,Tony Sayre,West,Office Supplies,Binders,31.87,11.16,11,0.2
TS-21505,Tony Sayre,West,Office Supplies,Storage,78.26,-17.61,2,
TS-21505,Tony Sayre,West,,Accessories,541.14,153.24,7,0
TS-21610,Troy Staebel,Central,,Furnishings,19.33,-13.67,6,0.6
TS-21610,Troy Staebel,Central,,Binders,96.78,-145.18,4,0.8
TS-21610,Troy Staebel,Central,,Paper,63.31,20.58,3,0.2
TS-21610,Troy Staebel,East,Furniture,Tables,,,6,0.4
TS-21610,Troy Staebel,East,Office Supplies,Binders,,5.48,2,0.2
TS-21610,Troy Staebel,East,Office Supplies,Storage,295.4,-62.77,5,0.2
TS-21610,Troy Staebel,West,Furniture,Chairs,1212.96,90.97,7,0.2
TS-21610,Troy Staebel,West,Office Supplies,Binders,2.39,-1.83,2,0.7
TS-21610,Troy Staebel,West,Office Supplies,Paper,18.54,8.71,2,0
TS-21610,Troy Staebel,West,Office Supplies,Storage,243.99,30.5,7,0.2
TS-21655,Trudy Schmidt,Central,Furniture,Tables,,-169.64,,0.3
TS-21655,Trudy Schmidt,Central,Office Supplies,Appliances,,62.69,,0.4
TS-21655,Trudy Schmidt,Central,Office Supplies,Art,89.49,20.14,,0.1
TS-21655,Trudy Schmidt,Central,Office Supplies,Binders,2.93,-4.99,3,0.8
TS-21655,Trudy Schmidt,Central,,Storage,1042.9,,6,0.2
TS-21655,Trudy Schmidt,Central,,Accessories,18.53,4.4,2,0.2
TS-21655,Trudy Schmidt,South,Furniture,Furnishings,343.85,137.54,5,0
TS-21655,Trudy Schmidt,South,Office Supplies,Art,19.89,5.37,9,0
TS-21655,Trudy Schmidt,South,Office Supplies,Paper,106.32,,3,0
TS-21655,Trudy Schmidt,South,,Accessories,,,2,0
TS-21655,Trudy Schmidt,West,,Appliances,,41.29,3,0
TT-21070,Ted Trevino,East,Furniture,Furnishings,149.23,3.73,3,0.2
TT-21070,Ted Trevino,East,Office Supplies,Binders,26.42,9.58,9,0.2
TT-21070,Ted Trevino,East,,Labels,23.9,7.77,6,
TT-21070,Ted Trevino,East,Office Supplies,Paper,15.94,5.78,4,0.2
TT-21070,Ted Trevino,East,Technology,Phones,625.99,187.8,1,
TT-21070,Ted Trevino,South,Furniture,Chairs,390.37,,2,0.2
TT-21070,Ted Trevino,South,Furniture,,101.52,19.03,5,0.2
TT-21070,Ted Trevino,South,Office Supplies,Fasteners,45,21.6,9,0
TT-21070,Ted Trevino,South,Technology,Machines,209.97,90.29,3,0
TT-21070,Ted Trevino,West,,Chairs,,150.29,,0.2
TT-21070,Ted Trevino,West,Office Supplies,Binders,563.02,190.02,11,0.2
TT-21070,Ted Trevino,West,Office Supplies,Labels,8.64,4.23,3,0
TT-21070,Ted Trevino,West,Office Supplies,Paper,5.98,,1,0
TT-21070,Ted Trevino,West,Office Supplies,Storage,344.91,,3,0
TT-21220,Thomas Thornton,Central,Office Supplies,Art,42.05,5.26,9,0.2
TT-21220,Thomas Thornton,Central,Office Supplies,,,-28.96,9,0.8
TT-21220,Thomas Thornton,Central,Office Supplies,Paper,7.97,2.89,2,0.2
TT-21220,Thomas Thornton,Central,Technology,Accessories,25.49,4.46,,0.2
TT-21220,Thomas Thornton,Central,Technology,Phones,537.54,47.04,,0.2
TT-21220,Thomas Thornton,East,Office Supplies,Art,9.84,2.85,,0
TT-21220,Thomas Thornton,East,Office Supplies,,48.28,20,,0.1
TT-21220,Thomas Thornton,South,Office Supplies,Appliances,182.91,,3,0
TT-21220,Thomas Thornton,West,,Chairs,144.78,10.86,1,0.2
TT-21220,Thomas Thornton,West,Office Supplies,Art,,55.91,4,0
TT-21220,Thomas Thornton,West,Office Supplies,Binders,13.89,4.96,4,0.2
TT-21220,Thomas Thornton,West,Office Supplies,Paper,204.95,100.43,5,0
TT-21265,Tim Taslimi,Central,Office Supplies,Appliances,54.96,15.94,3,0
TT-21265,Tim Taslimi,East,Office Supplies,Appliances,61.44,,,0
TT-21265,Tim Taslimi,West,Office Supplies,Storage,323.1,61.39,2,0
TT-21460,Tonja Turnell,Central,,Chairs,828.6,240.29,3,
TT-21460,Tonja Turnell,Central,Furniture,,130.96,,,0.3
TT-21460,Tonja Turnell,Central,,Tables,257.94,67.06,3,0
TT-21460,Tonja Turnell,Central,Office Supplies,Labels,2.46,0.86,1,0.2
TT-21460,Tonja Turnell,Central,Office Supplies,Paper,360.71,130.76,11,0.2
TT-21460,Tonja Turnell,Central,Office Supplies,,,3.05,3,0.2
TT-21460,Tonja Turnell,Central,,Phones,,738.74,12,0.07
TT-21460,Tonja Turnell,South,Technology,Phones,,3.6,1,0.2
TT-21460,Tonja Turnell,West,Office Supplies,Art,27.16,,7,0
TW-21025,Tamara Willingham,East,Office Supplies,Binders,296.71,100.14,13,0.2
TW-21025,Tamara Willingham,East,Office Supplies,Paper,6.48,3.18,1,0
TW-21025,Tamara Willingham,South,Furniture,Furnishings,67.96,12.23,4,
TW-21025,Tamara Willingham,West,Furniture,,2295.06,99.77,9,0.2
TW-21025,Tamara Willingham,West,Furniture,Tables,,401.81,,0
TW-21025,Tamara Willingham,West,Office Supplies,Appliances,157.92,17.77,,0.2
TW-21025,Tamara Willingham,West,Office Supplies,,191.38,84.32,11,0.07
TW-21025,Tamara Willingham,West,Office Supplies,Storage,146.73,2.93,3,0
TW-21025,Tamara Willingham,West,Technology,Phones,,15.24,,0.2
TZ-21580,Tracy Zic,West,Furniture,Chairs,603.92,,5,0.2
TZ-21580,Tracy Zic,West,Furniture,Furnishings,462.08,104.45,,
TZ-21580,Tracy Zic,West,Office Supplies,Art,116.11,37.54,27,
TZ-21580,Tracy Zic,West,Office Supplies,Fasteners,,5.01,3,0
TZ-21580,Tracy Zic,West,Technology,Accessories,36.24,15.22,1,0
TZ-21580,Tracy Zic,West,,Phones,1005.94,111.74,7,0.2
VB-21745,Victoria Brennan,Central,Office Supplies,Appliances,167.29,29.74,6,
VB-21745,Victoria Brennan,Central,Office Supplies,Binders,23.91,-40.65,2,0.8
VB-21745,Victoria Brennan,Central,Office Supplies,Fasteners,14.43,3.43,,
VB-21745,Victoria Brennan,Central,Office Supplies,Labels,6.26,,3,0.2
VB-21745,Victoria Brennan,Central,Office Supplies,Paper,335.52,117.43,4,0.2
VB-21745,Victoria Brennan,Central,Office Supplies,Storage,27.06,2.37,2,
VB-21745,Victoria Brennan,East,Furniture,Furnishings,756.8,,5,
VB-21745,Victoria Brennan,South,Office Supplies,Appliances,647.84,,8,0
VB-21745,Victoria Brennan,South,Office Supplies,Labels,20.7,9.94,2,0
VB-21745,Victoria Brennan,South,Office Supplies,Paper,5.78,2.83,1,0
VD-21670,Valerie Dominguez,Central,Technology,Phones,971.88,,3,
VD-21670,Valerie Dominguez,East,Furniture,Furnishings,259.7,106.48,,0
VD-21670,Valerie Dominguez,East,,Paper,13.52,6.22,4,
VD-21670,Valerie Dominguez,East,,Accessories,1399.93,601.97,7,
VD-21670,Valerie Dominguez,East,Technology,Phones,546.91,127.28,5,0
VD-21670,Valerie Dominguez,South,Furniture,Chairs,551.26,15.57,10,0.2
VD-21670,Valerie Dominguez,South,Office Supplies,Appliances,387.14,24.2,4,0.2
VD-21670,Valerie Dominguez,South,,Art,185.88,50.19,6,
VD-21670,Valerie Dominguez,West,Office Supplies,Appliances,1089.75,305.13,3,0
VD-21670,Valerie Dominguez,West,Office Supplies,Art,,4.26,5,0
VD-21670,Valerie Dominguez,West,Office Supplies,Binders,13.18,4.78,1,0.2
VD-21670,Valerie Dominguez,West,Office Supplies,Paper,447.84,219.44,8,0
VD-21670,Valerie Dominguez,West,Office Supplies,Storage,158.9,7.94,5,0
VD-21670,Valerie Dominguez,West,Technology,Phones,399.96,35,5,0.2
VF-21715,Vicky Freymann,Central,,Chairs,634.12,-172.12,6,0.3
VF-21715,Vicky Freymann,Central,Office Supplies,Paper,45.63,18.91,7,0.1
VF-21715,Vicky Freymann,West,Furniture,Furnishings,15.84,4.91,3,0
VF-21715,Vicky Freymann,West,Office Supplies,Art,43.98,14.11,11,0
VF-21715,Vicky Freymann,West,,Binders,86.38,30.23,3,
VF-21715,Vicky Freymann,West,Office Supplies,Paper,6.48,3.18,1,0
VF-21715,Vicky Freymann,West,,Supplies,,4.5,4,0
VG-21790,Vivek Gonzalez,South,Furniture,Bookcases,155.46,-7.77,4,0.2
VG-21790,Vivek Gonzalez,West,Furniture,Bookcases,115.96,25.51,2,0
VG-21790,Vivek Gonzalez,West,Furniture,Furnishings,151.72,27.31,4,0
VG-21790,Vivek Gonzalez,West,Office Supplies,Art,8.34,2.17,3,0
VG-21790,Vivek Gonzalez,West,Office Supplies,Binders,119.62,40.37,8,0.2
VG-21790,Vivek Gonzalez,West,Office Supplies,Labels,75.18,35.33,6,0
VG-21790,Vivek Gonzalez,West,Office Supplies,Supplies,,2.23,1,0
VG-21790,Vivek Gonzalez,West,Technology,Phones,211.17,18.48,4,0.2
VG-21805,Vivek Grady,Central,Office Supplies,Paper,22.48,10.34,1,0
VG-21805,Vivek Grady,Central,Office Supplies,Storage,331.54,-82.88,,0.2
VG-21805,Vivek Grady,East,Office Supplies,Art,14.41,4.06,6,0.1
VG-21805,Vivek Grady,East,Technology,Accessories,47.98,13.2,2,0.2
VG-21805,Vivek Grady,South,Office Supplies,Art,10.96,2.96,4,0
VM-21685,Valerie Mitchum,Central,Office Supplies,Art,2.91,,2,
VM-21685,Valerie Mitchum,East,Office Supplies,Fasteners,3.17,-0.71,2,0.2
VM-21685,Valerie Mitchum,East,Office Supplies,Storage,46.26,12.03,3,
VM-21685,Valerie Mitchum,East,Technology,Accessories,35.36,-3.09,2,0.2
VM-21685,Valerie Mitchum,East,Technology,Phones,1294.75,336.64,5,0
VM-21685,Valerie Mitchum,South,Office Supplies,Paper,,27.99,9,0
VM-21685,Valerie Mitchum,South,Technology,Phones,200.97,50.24,3,0
VM-21685,Valerie Mitchum,West,Office Supplies,Binders,100.16,35.06,6,0.2
VM-21685,Valerie Mitchum,West,Office Supplies,Paper,6.48,3.11,1,
VM-21685,Valerie Mitchum,West,Office Supplies,Storage,46.51,1.86,1,0
VM-21685,Valerie Mitchum,West,Technology,,659.98,49.5,3,0.2
VM-21835,Vivian Mathis,Central,Office Supplies,Art,16.28,6.51,2,0
VM-21835,Vivian Mathis,East,Office Supplies,Binders,32.54,15.94,2,0
VM-21835,Vivian Mathis,East,Office Supplies,Fasteners,14.82,6.97,6,0
VM-21835,Vivian Mathis,East,Technology,Phones,129.98,62.39,2,0
VM-21835,Vivian Mathis,South,Office Supplies,Binders,39.94,-26.62,4,0.7
VM-21835,Vivian Mathis,South,Technology,Accessories,18.46,2.31,2,0.2
VM-21835,Vivian Mathis,West,Office Supplies,Appliances,8.67,2.34,1,0
VM-21835,Vivian Mathis,West,Technology,Accessories,120,46.8,6,0
VP-21730,Victor Preis,Central,Office Supplies,,19,8.93,5,0
VP-21730,Victor Preis,East,Office Supplies,Storage,353.05,7.06,7,0
VP-21730,Victor Preis,East,Technology,,,163.82,3,0
VP-21730,Victor Preis,West,Office Supplies,Binders,75.79,25.58,3,0.2
VP-21760,Victoria Pisteka,Central,Office Supplies,Paper,10.69,3.74,2,0.2
VP-21760,Victoria Pisteka,Central,Office Supplies,Storage,623.44,74.83,5,0.1
VP-21760,Victoria Pisteka,East,Furniture,Chairs,317.06,-86.06,3,0.3
VP-21760,Victoria Pisteka,East,Furniture,Furnishings,79.31,8.67,7,0.1
VP-21760,Victoria Pisteka,East,Office Supplies,Binders,,,13,0.7
VP-21760,Victoria Pisteka,East,,Fasteners,8.04,2.91,5,0.2
VP-21760,Victoria Pisteka,East,Technology,Accessories,160.93,18.81,7,0
VP-21760,Victoria Pisteka,South,Furniture,,1875.26,-968.88,7,0.4
VP-21760,Victoria Pisteka,South,Technology,Accessories,18.53,4.4,2,0.2
VP-21760,Victoria Pisteka,West,Furniture,Furnishings,41.88,12.15,6,0
VP-21760,Victoria Pisteka,West,Office Supplies,Labels,58.48,,8,0
VS-21820,Vivek Sundaresam,Central,Furniture,Chairs,602.65,-163.58,7,0.3
VS-21820,Vivek Sundaresam,Central,Furniture,Furnishings,76.73,-53.71,,0.6
VS-21820,Vivek Sundaresam,Central,Office Supplies,Binders,18.09,-31.27,13,0.8
VS-21820,Vivek Sundaresam,South,Office Supplies,Art,,5.95,3,0.2
VS-21820,Vivek Sundaresam,South,Office Supplies,,30.83,-24.66,7,0.7
VS-21820,Vivek Sundaresam,South,Technology,Phones,108.78,10.88,2,0.2
VS-21820,Vivek Sundaresam,West,Furniture,Tables,171.29,-6.42,3,0.2
VT-21700,Valerie Takahito,Central,Office Supplies,Labels,100.24,33.83,10,0.2
VT-21700,Valerie Takahito,East,Furniture,Bookcases,352.45,-211.47,5,0.5
VT-21700,Valerie Takahito,East,Furniture,Furnishings,554.72,-66.02,5,0.2
VT-21700,Valerie Takahito,East,Office Supplies,Appliances,,18.4,,0.2
VT-21700,Valerie Takahito,East,Office Supplies,,10.43,-6.95,4,0.7
VT-21700,Valerie Takahito,East,,Storage,563.81,21.14,4,0.2
VT-21700,Valerie Takahito,East,Technology,Phones,56.84,-13.01,7,0.4
VW-21775,Victoria Wilson,Central,Furniture,Chairs,1212.96,-69.31,8,0.3
VW-21775,Victoria Wilson,Central,Office Supplies,Fasteners,6.54,2.68,3,0
VW-21775,Victoria Wilson,Central,Technology,Accessories,2.97,,3,
VW-21775,Victoria Wilson,East,Furniture,Bookcases,452.45,,5,0.5
VW-21775,Victoria Wilson,East,Furniture,Tables,661.18,-231.41,2,0.4
VW-21775,Victoria Wilson,East,Office Supplies,,23.68,8.88,2,0.2
VW-21775,Victoria Wilson,East,Office Supplies,,1247.64,349.34,3,0
VW-21775,Victoria Wilson,East,Technology,Accessories,89.58,4.48,2,0.2
VW-21775,Victoria Wilson,East,Technology,,,-950.4,9,0.7
VW-21775,Victoria Wilson,East,Technology,Phones,62.98,-14.7,,0.4
VW-21775,Victoria Wilson,South,Furniture,Furnishings,,8.12,8,0
VW-21775,Victoria Wilson,West,Office Supplies,Art,5.28,1.53,,0
VW-21775,Victoria Wilson,West,,Binders,21.34,7.73,7,0.2
VW-21775,Victoria Wilson,West,Office Supplies,Paper,118.48,57.71,4,0
VW-21775,Victoria Wilson,West,,Storage,559.62,151.1,9,0
VW-21775,Victoria Wilson,West,Technology,Accessories,459.98,42.6,,0
WB-21850,William Brown,Central,Furniture,Furnishings,43.99,-15.6,9,0.47
WB-21850,William Brown,Central,,Appliances,19.43,-49.55,2,0.8
WB-21850,William Brown,Central,Office Supplies,Binders,153.57,-38.87,5,0.6
WB-21850,William Brown,Central,Office Supplies,Fasteners,45.92,21.58,4,0
WB-21850,William Brown,Central,Technology,Accessories,65.44,-8.18,,0.2
WB-21850,William Brown,East,Furniture,Furnishings,87.92,15.39,5,0.2
WB-21850,William Brown,East,Office Supplies,Binders,205.8,-107.56,7,
WB-21850,William Brown,East,Office Supplies,Envelopes,16.52,7.6,4,0
WB-21850,William Brown,East,Office Supplies,,10.58,-2.38,7,0.2
WB-21850,William Brown,East,Office Supplies,Paper,60.12,28.86,9,0
WB-21850,William Brown,East,Technology,Phones,94.92,15.82,4,0.4
WB-21850,William Brown,West,Furniture,Chairs,363.92,-31.84,5,0.2
WB-21850,William Brown,West,Furniture,Furnishings,43.31,4.33,1,0
WB-21850,William Brown,West,Furniture,Tables,1465.86,46.97,11,0.2
WB-21850,William Brown,West,Office Supplies,,216.89,39.21,,0.1
WB-21850,William Brown,West,Office Supplies,Art,35,,4,0
WB-21850,William Brown,West,Office Supplies,Binders,,431.91,27,0.2
WB-21850,William Brown,West,Office Supplies,Paper,50.42,23.27,4,0
WB-21850,William Brown,West,Office Supplies,Storage,180.93,41.22,6,0
WB-21850,William Brown,West,Technology,Accessories,182.27,47.62,7,0
WB-21850,William Brown,West,Technology,Machines,447.97,139.99,4,0.2
WB-21850,William Brown,West,Technology,,1244.66,73.5,18,0.2
XP-21865,Xylona Preis,Central,Furniture,Furnishings,,34.88,6,
XP-21865,Xylona Preis,Central,Office Supplies,Appliances,247.72,93.58,4,0.1
XP-21865,Xylona Preis,Central,Office Supplies,Art,88.96,17.24,5,0.1
XP-21865,Xylona Preis,Central,Office Supplies,Binders,48.75,22.32,10,0
XP-21865,Xylona Preis,Central,Office Supplies,Storage,80.56,20.03,3,0
XP-21865,Xylona Preis,Central,Technology,Accessories,236.06,-9.41,9,0.2
XP-21865,Xylona Preis,East,Office Supplies,Art,50.94,14.26,3,0
XP-21865,Xylona Preis,East,Office Supplies,Paper,150.18,72.09,4,0
XP-21865,Xylona Preis,South,Furniture,Furnishings,523.63,,7,0.1
XP-21865,Xylona Preis,West,Office Supplies,Appliances,43.32,14.3,2,0
XP-21865,Xylona Preis,West,Office Supplies,Art,19.94,8.65,6,0
XP-21865,Xylona Preis,West,,Binders,52.88,18.82,14,0.2
XP-21865,Xylona Preis,West,,Envelopes,67.48,31.3,12,0
XP-21865,Xylona Preis,West,Office Supplies,,15.26,5.04,7,
XP-21865,Xylona Preis,West,Office Supplies,Paper,580.72,273.07,26,0.03
XP-21865,Xylona Preis,West,Technology,Accessories,9.09,1.91,3,0
YC-21895,Yoseph Carroll,Central,Office Supplies,Paper,41.92,15.2,4,0.2
YC-21895,Yoseph Carroll,Central,Office Supplies,Storage,750.68,37.53,2,0
YC-21895,Yoseph Carroll,Central,Technology,Phones,329.58,37.08,2,0.2
YC-21895,Yoseph Carroll,East,Furniture,Furnishings,,14.93,3,0
YC-21895,Yoseph Carroll,East,Office Supplies,Art,57.75,26.56,5,
YC-21895,Yoseph Carroll,East,Office Supplies,Storage,2934.33,792.27,,0
YC-21895,Yoseph Carroll,West,Office Supplies,Paper,15.7,7.06,5,0
YC-21895,Yoseph Carroll,West,Technology,Copiers,1199.98,374.99,3,0.2
YS-21880,Yana Sorensen,East,Office Supplies,Storage,465.18,120.95,3,0
YS-21880,Yana Sorensen,South,Furniture,,358.58,39.44,2,0
YS-21880,Yana Sorensen,South,Office Supplies,Art,9.55,1.55,3,0.2
YS-21880,Yana Sorensen,South,Office Supplies,Binders,34.5,15.52,3,0
YS-21880,Yana Sorensen,South,Office Supplies,Envelopes,98.46,49.23,9,0
YS-21880,Yana Sorensen,West,Furniture,Chairs,436.7,-38.21,6,0.2
YS-21880,Yana Sorensen,West,Furniture,,65.94,22.42,3,0
YS-21880,Yana Sorensen,West,Office Supplies,Binders,2793.53,942.82,9,0.2
YS-21880,Yana Sorensen,West,Office Supplies,Storage,2222,584.45,16,0
YS-21880,Yana Sorensen,West,Technology,,236,40.12,4,0
ZC-21910,Zuschuss Carroll,Central,Furniture,Chairs,1740.24,366.32,14,0.2
ZC-21910,Zuschuss Carroll,Central,Furniture,Furnishings,38.98,-50.67,3,0.6
ZC-21910,Zuschuss Carroll,Central,Office Supplies,Appliances,2.71,-6.32,2,0.8
ZC-21910,Zuschuss Carroll,Central,Office Supplies,,1088.79,-1850.95,4,0.8
ZC-21910,Zuschuss Carroll,Central,Office Supplies,Paper,146.18,47.51,8,0.2
ZC-21910,Zuschuss Carroll,Central,Office Supplies,Storage,221.02,-55.26,2,0.2
ZC-21910,Zuschuss Carroll,Central,Technology,Accessories,631.89,80.79,13,0.1
ZC-21910,Zuschuss Carroll,East,,Art,43.92,12.74,3,0
ZC-21910,Zuschuss Carroll,South,Furniture,Furnishings,102.36,-3.84,3,0.2
ZC-21910,Zuschuss Carroll,South,Office Supplies,Binders,4.57,-3.81,4,0.7
ZC-21910,Zuschuss Carroll,South,Technology,Phones,1363.96,,,0.2
ZC-21910,Zuschuss Carroll,West,,Furnishings,8.73,2.97,1,0
ZC-21910,Zuschuss Carroll,West,Furniture,,2009.38,213.91,8,
ZC-21910,Zuschuss Carroll,West,Office Supplies,Appliances,213.92,,4,0
ZC-21910,Zuschuss Carroll,West,Office Supplies,Art,17.2,4.99,6,0
ZC-21910,Zuschuss Carroll,West,Office Supplies,Binders,17.9,,5,0.7
ZC-21910,Zuschuss Carroll,West,Office Supplies,Envelopes,27.82,11.72,3,0.1
ZC-21910,Zuschuss Carroll,West,Office Supplies,Fasteners,4.51,0.85,3,0.2
ZC-21910,Zuschuss Carroll,West,Office Supplies,,31.1,10.89,6,0.2
ZC-21910,Zuschuss Carroll,West,Technology,Accessories,225.74,72.56,6,0
ZC-21910,Zuschuss Carroll,West,Technology,Phones,84.78,-20.14,2,0.2
ZD-21925,Zuschuss Donatelli,Central,Furniture,Furnishings,71.12,22.05,4,0
ZD-21925,Zuschuss Donatelli,Central,Technology,Phones,259.96,124.78,4,0
ZD-21925,Zuschuss Donatelli,South,Furniture,,16.72,3.34,5,0.2
ZD-21925,Zuschuss Donatelli,South,Office Supplies,Paper,15.98,4.99,2,0.2
ZD-21925,Zuschuss Donatelli,South,Technology,Phones,823.96,51.5,,0.2
ZD-21925,Zuschuss Donatelli,West,Office Supplies,Appliances,61.44,16.59,3,0
ZD-21925,Zuschuss Donatelli,West,Office Supplies,Art,8.56,2.48,2,0
ZD-21925,Zuschuss Donatelli,West,Office Supplies,Binders,22.72,7.38,4,0.2
ZD-21925,Zuschuss Donatelli,West,,Phones,213.48,16.01,3,0.2
